const uint8_t GothamRnd_Bold72pt7bBitmaps[] PROGMEM = {
  0x00, 0x03, 0xFF, 0xE0, 0x03, 0xFF, 0xFE, 0x01, 0xFF, 0xFF, 0xE0, 0xFF,
  0xFF, 0xFC, 0x3F, 0xFF, 0xFF, 0x1F, 0xFF, 0xFF, 0xE7, 0xFF, 0xFF, 0xFB,
  0xFF, 0xFF, 0xFE, 0xFF, 0xFF, 0xFF, 0xBF, 0xFF, 0xFF, 0xEF, 0xFF, 0xFF,
  0xFB, 0xFF, 0xFF, 0xFE, 0x7F, 0xFF, 0xFF, 0x9F, 0xFF, 0xFF, 0xE7, 0xFF,
  0xFF, 0xF9, 0xFF, 0xFF, 0xFE, 0x7F, 0xFF, 0xFF, 0x9F, 0xFF, 0xFF, 0xE7,
  0xFF, 0xFF, 0xF1, 0xFF, 0xFF, 0xFC, 0x3F, 0xFF, 0xFF, 0x0F, 0xFF, 0xFF,
  0xC3, 0xFF, 0xFF, 0xF0, 0xFF, 0xFF, 0xFC, 0x3F, 0xFF, 0xFF, 0x0F, 0xFF,
  0xFF, 0xC3, 0xFF, 0xFF, 0xE0, 0xFF, 0xFF, 0xF8, 0x3F, 0xFF, 0xFE, 0x07,
  0xFF, 0xFF, 0x81, 0xFF, 0xFF, 0xE0, 0x7F, 0xFF, 0xF8, 0x1F, 0xFF, 0xFE,
  0x07, 0xFF, 0xFF, 0x81, 0xFF, 0xFF, 0xE0, 0x7F, 0xFF, 0xF0, 0x1F, 0xFF,
  0xFC, 0x03, 0xFF, 0xFF, 0x00, 0xFF, 0xFF, 0xC0, 0x3F, 0xFF, 0xF0, 0x0F,
  0xFF, 0xFC, 0x03, 0xFF, 0xFF, 0x00, 0xFF, 0xFF, 0xC0, 0x3F, 0xFF, 0xE0,
  0x0F, 0xFF, 0xF8, 0x01, 0xFF, 0xFE, 0x00, 0x7F, 0xFF, 0x80, 0x1F, 0xFF,
  0xE0, 0x07, 0xFF, 0xF8, 0x01, 0xFF, 0xFE, 0x00, 0x7F, 0xFF, 0x80, 0x1F,
  0xFF, 0xC0, 0x07, 0xFF, 0xF0, 0x00, 0xFF, 0xFC, 0x00, 0x3F, 0xFF, 0x00,
  0x0F, 0xFF, 0xC0, 0x03, 0xFF, 0xF0, 0x00, 0xFF, 0xFC, 0x00, 0x3F, 0xFF,
  0x00, 0x0F, 0xFF, 0xC0, 0x03, 0xFF, 0xE0, 0x00, 0xFF, 0xF8, 0x00, 0x1F,
  0xFE, 0x00, 0x07, 0xFF, 0x80, 0x00, 0xFF, 0xC0, 0x00, 0x1F, 0xE0, 0x00,
  0x03, 0xF0, 0x00, 0x00, 0x00, 0x00, 0x00, 0x00, 0x00, 0x00, 0x00, 0x00,
  0x00, 0x00, 0x00, 0x00, 0x00, 0x00, 0x00, 0x00, 0x00, 0x00, 0x00, 0x00,
  0x00, 0x00, 0x00, 0x00, 0x00, 0x00, 0x00, 0x00, 0x00, 0x00, 0x00, 0x00,
  0x0F, 0xE0, 0x00, 0x1F, 0xFF, 0x00, 0x0F, 0xFF, 0xE0, 0x0F, 0xFF, 0xFE,
  0x03, 0xFF, 0xFF, 0x81, 0xFF, 0xFF, 0xF0, 0xFF, 0xFF, 0xFE, 0x3F, 0xFF,
  0xFF, 0x9F, 0xFF, 0xFF, 0xF7, 0xFF, 0xFF, 0xFD, 0xFF, 0xFF, 0xFF, 0x7F,
  0xFF, 0xFF, 0xDF, 0xFF, 0xFF, 0xF7, 0xFF, 0xFF, 0xFD, 0xFF, 0xFF, 0xFF,
  0x7F, 0xFF, 0xFF, 0xCF, 0xFF, 0xFF, 0xE3, 0xFF, 0xFF, 0xF8, 0x7F, 0xFF,
  0xFC, 0x1F, 0xFF, 0xFF, 0x03, 0xFF, 0xFF, 0x80, 0x3F, 0xFF, 0x80, 0x07,
  0xFF, 0xC0, 0x00, 0x3F, 0x80, 0x00, 0x00, 0xFF, 0xF8, 0x00, 0x00, 0x3F,
  0xFC, 0x00, 0xFF, 0xFF, 0x00, 0x00, 0x3F, 0xFF, 0xC0, 0x7F, 0xFF, 0xE0,
  0x00, 0x3F, 0xFF, 0xF8, 0x3F, 0xFF, 0xFC, 0x00, 0x0F, 0xFF, 0xFE, 0x1F,
  0xFF, 0xFF, 0x00, 0x07, 0xFF, 0xFF, 0x87, 0xFF, 0xFF, 0xC0, 0x03, 0xFF,
  0xFF, 0xF3, 0xFF, 0xFF, 0xF0, 0x00, 0xFF, 0xFF, 0xF8, 0xFF, 0xFF, 0xFC,
  0x00, 0x3F, 0xFF, 0xFE, 0x3F, 0xFF, 0xFF, 0x00, 0x1F, 0xFF, 0xFF, 0x8F,
  0xFF, 0xFF, 0x80, 0x07, 0xFF, 0xFF, 0xE3, 0xFF, 0xFF, 0xE0, 0x01, 0xFF,
  0xFF, 0xF0, 0xFF, 0xFF, 0xF8, 0x00, 0x7F, 0xFF, 0xFC, 0x3F, 0xFF, 0xFC,
  0x00, 0x1F, 0xFF, 0xFF, 0x0F, 0xFF, 0xFF, 0x00, 0x07, 0xFF, 0xFF, 0x83,
  0xFF, 0xFF, 0xC0, 0x01, 0xFF, 0xFF, 0xE1, 0xFF, 0xFF, 0xE0, 0x00, 0x7F,
  0xFF, 0xF8, 0x7F, 0xFF, 0xF8, 0x00, 0x1F, 0xFF, 0xFC, 0x1F, 0xFF, 0xFC,
  0x00, 0x07, 0xFF, 0xFF, 0x07, 0xFF, 0xFF, 0x00, 0x01, 0xFF, 0xFF, 0xC1,
  0xFF, 0xFF, 0xC0, 0x00, 0x7F, 0xFF, 0xE0, 0x7F, 0xFF, 0xE0, 0x00, 0x1F,
  0xFF, 0xF8, 0x1F, 0xFF, 0xF8, 0x00, 0x07, 0xFF, 0xFE, 0x07, 0xFF, 0xFE,
  0x00, 0x03, 0xFF, 0xFF, 0x01, 0xFF, 0xFF, 0x00, 0x00, 0xFF, 0xFF, 0xC0,
  0x7F, 0xFF, 0xC0, 0x00, 0x3F, 0xFF, 0xE0, 0x1F, 0xFF, 0xF0, 0x00, 0x0F,
  0xFF, 0xF8, 0x07, 0xFF, 0xF8, 0x00, 0x03, 0xFF, 0xFE, 0x01, 0xFF, 0xFE,
  0x00, 0x00, 0xFF, 0xFF, 0x00, 0x7F, 0xFF, 0x80, 0x00, 0x3F, 0xFF, 0xC0,
  0x1F, 0xFF, 0xC0, 0x00, 0x0F, 0xFF, 0xF0, 0x07, 0xFF, 0xF0, 0x00, 0x03,
  0xFF, 0xF8, 0x01, 0xFF, 0xFC, 0x00, 0x00, 0xFF, 0xFE, 0x00, 0x7F, 0xFE,
  0x00, 0x00, 0x3F, 0xFF, 0x80, 0x3F, 0xFF, 0x80, 0x00, 0x0F, 0xFF, 0xC0,
  0x0F, 0xFF, 0xE0, 0x00, 0x03, 0xFF, 0xF0, 0x03, 0xFF, 0xF0, 0x00, 0x00,
  0xFF, 0xFC, 0x00, 0xFF, 0xFC, 0x00, 0x00, 0x3F, 0xFE, 0x00, 0x3F, 0xFE,
  0x00, 0x00, 0x0F, 0xFF, 0x80, 0x0F, 0xFF, 0x80, 0x00, 0x03, 0xFF, 0xE0,
  0x03, 0xFF, 0xE0, 0x00, 0x01, 0xFF, 0xF0, 0x00, 0xFF, 0xF0, 0x00, 0x00,
  0x3F, 0xFC, 0x00, 0x3F, 0xFC, 0x00, 0x00, 0x0F, 0xFE, 0x00, 0x07, 0xFF,
  0x00, 0x00, 0x03, 0xFF, 0x80, 0x01, 0xFF, 0x80, 0x00, 0x00, 0x7F, 0xC0,
  0x00, 0x3F, 0xC0, 0x00, 0x00, 0x1F, 0xE0, 0x00, 0x03, 0xE0, 0x00, 0x00,
  0x01, 0xF0, 0x00, 0x00, 0x00, 0x00, 0x00, 0x00, 0x40, 0x00, 0x00, 0x00,
  0x00, 0x00, 0x00, 0x00, 0x00, 0x00, 0x00, 0xFF, 0x80, 0x00, 0x00, 0x03,
  0xFE, 0x00, 0x00, 0x00, 0x00, 0x00, 0x3F, 0xF8, 0x00, 0x00, 0x01, 0xFF,
  0xE0, 0x00, 0x00, 0x00, 0x00, 0x0F, 0xFF, 0x80, 0x00, 0x00, 0x7F, 0xFE,
  0x00, 0x00, 0x00, 0x00, 0x03, 0xFF, 0xF8, 0x00, 0x00, 0x0F, 0xFF, 0xE0,
  0x00, 0x00, 0x00, 0x00, 0xFF, 0xFF, 0x80, 0x00, 0x03, 0xFF, 0xFC, 0x00,
  0x00, 0x00, 0x00, 0x1F, 0xFF, 0xF0, 0x00, 0x00, 0x7F, 0xFF, 0xC0, 0x00,
  0x00, 0x00, 0x03, 0xFF, 0xFE, 0x00, 0x00, 0x1F, 0xFF, 0xF8, 0x00, 0x00,
  0x00, 0x00, 0xFF, 0xFF, 0xE0, 0x00, 0x03, 0xFF, 0xFF, 0x00, 0x00, 0x00,
  0x00, 0x1F, 0xFF, 0xFC, 0x00, 0x00, 0x7F, 0xFF, 0xF0, 0x00, 0x00, 0x00,
  0x03, 0xFF, 0xFF, 0x80, 0x00, 0x0F, 0xFF, 0xFE, 0x00, 0x00, 0x00, 0x00,
  0x7F, 0xFF, 0xF0, 0x00, 0x01, 0xFF, 0xFF, 0x80, 0x00, 0x00, 0x00, 0x0F,
  0xFF, 0xFC, 0x00, 0x00, 0x3F, 0xFF, 0xF0, 0x00, 0x00, 0x00, 0x01, 0xFF,
  0xFF, 0x80, 0x00, 0x0F, 0xFF, 0xFE, 0x00, 0x00, 0x00, 0x00, 0x7F, 0xFF,
  0xF0, 0x00, 0x01, 0xFF, 0xFF, 0xC0, 0x00, 0x00, 0x00, 0x0F, 0xFF, 0xFE,
  0x00, 0x00, 0x3F, 0xFF, 0xF8, 0x00, 0x00, 0x00, 0x01, 0xFF, 0xFF, 0xC0,
  0x00, 0x07, 0xFF, 0xFF, 0x00, 0x00, 0x00, 0x00, 0x3F, 0xFF, 0xF8, 0x00,
  0x00, 0xFF, 0xFF, 0xC0, 0x00, 0x00, 0x00, 0x07, 0xFF, 0xFE, 0x00, 0x00,
  0x1F, 0xFF, 0xF8, 0x00, 0x00, 0x00, 0x00, 0xFF, 0xFF, 0xC0, 0x00, 0x07,
  0xFF, 0xFF, 0x00, 0x00, 0x00, 0x00, 0x3F, 0xFF, 0xF8, 0x00, 0x00, 0xFF,
  0xFF, 0xE0, 0x00, 0x00, 0x00, 0x07, 0xFF, 0xFF, 0x00, 0x00, 0x1F, 0xFF,
  0xFC, 0x00, 0x00, 0x07, 0xFF, 0xFF, 0xFF, 0xFF, 0xFF, 0xFF, 0xFF, 0xFF,
  0xFE, 0x00, 0x03, 0xFF, 0xFF, 0xFF, 0xFF, 0xFF, 0xFF, 0xFF, 0xFF, 0xFF,
  0xF0, 0x00, 0xFF, 0xFF, 0xFF, 0xFF, 0xFF, 0xFF, 0xFF, 0xFF, 0xFF, 0xFF,
  0x00, 0x3F, 0xFF, 0xFF, 0xFF, 0xFF, 0xFF, 0xFF, 0xFF, 0xFF, 0xFF, 0xF0,
  0x0F, 0xFF, 0xFF, 0xFF, 0xFF, 0xFF, 0xFF, 0xFF, 0xFF, 0xFF, 0xFF, 0x01,
  0xFF, 0xFF, 0xFF, 0xFF, 0xFF, 0xFF, 0xFF, 0xFF, 0xFF, 0xFF, 0xE0, 0x7F,
  0xFF, 0xFF, 0xFF, 0xFF, 0xFF, 0xFF, 0xFF, 0xFF, 0xFF, 0xFE, 0x0F, 0xFF,
  0xFF, 0xFF, 0xFF, 0xFF, 0xFF, 0xFF, 0xFF, 0xFF, 0xFF, 0xC1, 0xFF, 0xFF,
  0xFF, 0xFF, 0xFF, 0xFF, 0xFF, 0xFF, 0xFF, 0xFF, 0xF8, 0x3F, 0xFF, 0xFF,
  0xFF, 0xFF, 0xFF, 0xFF, 0xFF, 0xFF, 0xFF, 0xFF, 0x07, 0xFF, 0xFF, 0xFF,
  0xFF, 0xFF, 0xFF, 0xFF, 0xFF, 0xFF, 0xFF, 0xE0, 0xFF, 0xFF, 0xFF, 0xFF,
  0xFF, 0xFF, 0xFF, 0xFF, 0xFF, 0xFF, 0xFC, 0x0F, 0xFF, 0xFF, 0xFF, 0xFF,
  0xFF, 0xFF, 0xFF, 0xFF, 0xFF, 0xFF, 0x01, 0xFF, 0xFF, 0xFF, 0xFF, 0xFF,
  0xFF, 0xFF, 0xFF, 0xFF, 0xFF, 0xE0, 0x1F, 0xFF, 0xFF, 0xFF, 0xFF, 0xFF,
  0xFF, 0xFF, 0xFF, 0xFF, 0xF8, 0x01, 0xFF, 0xFF, 0xFF, 0xFF, 0xFF, 0xFF,
  0xFF, 0xFF, 0xFF, 0xFE, 0x00, 0x1F, 0xFF, 0xFF, 0xFF, 0xFF, 0xFF, 0xFF,
  0xFF, 0xFF, 0xFF, 0x80, 0x00, 0xFF, 0xFF, 0xFF, 0xFF, 0xFF, 0xFF, 0xFF,
  0xFF, 0xFF, 0xC0, 0x00, 0x00, 0x1F, 0xFF, 0xFC, 0x00, 0x00, 0x7F, 0xFF,
  0xE0, 0x00, 0x00, 0x00, 0x03, 0xFF, 0xFF, 0x00, 0x00, 0x0F, 0xFF, 0xFC,
  0x00, 0x00, 0x00, 0x00, 0x7F, 0xFF, 0xE0, 0x00, 0x03, 0xFF, 0xFF, 0x80,
  0x00, 0x00, 0x00, 0x1F, 0xFF, 0xFC, 0x00, 0x00, 0x7F, 0xFF, 0xF0, 0x00,
  0x00, 0x00, 0x03, 0xFF, 0xFF, 0x80, 0x00, 0x0F, 0xFF, 0xFE, 0x00, 0x00,
  0x00, 0x00, 0x7F, 0xFF, 0xF0, 0x00, 0x01, 0xFF, 0xFF, 0xC0, 0x00, 0x00,
  0x00, 0x0F, 0xFF, 0xFE, 0x00, 0x00, 0x3F, 0xFF, 0xF0, 0x00, 0x00, 0x00,
  0x01, 0xFF, 0xFF, 0x80, 0x00, 0x07, 0xFF, 0xFE, 0x00, 0x00, 0x00, 0x00,
  0x3F, 0xFF, 0xF0, 0x00, 0x01, 0xFF, 0xFF, 0xC0, 0x00, 0x00, 0x00, 0x0F,
  0xFF, 0xFE, 0x00, 0x00, 0x3F, 0xFF, 0xF8, 0x00, 0x00, 0x00, 0x01, 0xFF,
  0xFF, 0xC0, 0x00, 0x07, 0xFF, 0xFF, 0x00, 0x00, 0x00, 0x00, 0x3F, 0xFF,
  0xF8, 0x00, 0x00, 0xFF, 0xFF, 0xE0, 0x00, 0x00, 0x00, 0x07, 0xFF, 0xFF,
  0x00, 0x00, 0x1F, 0xFF, 0xF8, 0x00, 0x00, 0x00, 0x00, 0xFF, 0xFF, 0xC0,
  0x00, 0x03, 0xFF, 0xFF, 0x00, 0x00, 0x00, 0x00, 0x1F, 0xFF, 0xF8, 0x00,
  0x00, 0xFF, 0xFF, 0xE0, 0x00, 0x00, 0x00, 0x07, 0xFF, 0xFF, 0x00, 0x00,
  0x1F, 0xFF, 0xFC, 0x00, 0x00, 0x00, 0x00, 0xFF, 0xFF, 0xE0, 0x00, 0x03,
  0xFF, 0xFF, 0x80, 0x00, 0x00, 0x00, 0x1F, 0xFF, 0xFC, 0x00, 0x00, 0x7F,
  0xFF, 0xF0, 0x00, 0x00, 0x00, 0x03, 0xFF, 0xFF, 0x80, 0x00, 0x0F, 0xFF,
  0xFC, 0x00, 0x00, 0x00, 0x00, 0x7F, 0xFF, 0xE0, 0x00, 0x03, 0xFF, 0xFF,
  0x80, 0x00, 0x00, 0x00, 0x0F, 0xFF, 0xFC, 0x00, 0x00, 0x7F, 0xFF, 0xF0,
  0x00, 0x00, 0x07, 0xFF, 0xFF, 0xFF, 0xFF, 0xFF, 0xFF, 0xFF, 0xFF, 0xFE,
  0x00, 0x03, 0xFF, 0xFF, 0xFF, 0xFF, 0xFF, 0xFF, 0xFF, 0xFF, 0xFF, 0xF0,
  0x00, 0xFF, 0xFF, 0xFF, 0xFF, 0xFF, 0xFF, 0xFF, 0xFF, 0xFF, 0xFF, 0x00,
  0x3F, 0xFF, 0xFF, 0xFF, 0xFF, 0xFF, 0xFF, 0xFF, 0xFF, 0xFF, 0xF0, 0x0F,
  0xFF, 0xFF, 0xFF, 0xFF, 0xFF, 0xFF, 0xFF, 0xFF, 0xFF, 0xFF, 0x01, 0xFF,
  0xFF, 0xFF, 0xFF, 0xFF, 0xFF, 0xFF, 0xFF, 0xFF, 0xFF, 0xE0, 0x7F, 0xFF,
  0xFF, 0xFF, 0xFF, 0xFF, 0xFF, 0xFF, 0xFF, 0xFF, 0xFE, 0x0F, 0xFF, 0xFF,
  0xFF, 0xFF, 0xFF, 0xFF, 0xFF, 0xFF, 0xFF, 0xFF, 0xC1, 0xFF, 0xFF, 0xFF,
  0xFF, 0xFF, 0xFF, 0xFF, 0xFF, 0xFF, 0xFF, 0xF8, 0x3F, 0xFF, 0xFF, 0xFF,
  0xFF, 0xFF, 0xFF, 0xFF, 0xFF, 0xFF, 0xFF, 0x07, 0xFF, 0xFF, 0xFF, 0xFF,
  0xFF, 0xFF, 0xFF, 0xFF, 0xFF, 0xFF, 0xE0, 0xFF, 0xFF, 0xFF, 0xFF, 0xFF,
  0xFF, 0xFF, 0xFF, 0xFF, 0xFF, 0xFC, 0x0F, 0xFF, 0xFF, 0xFF, 0xFF, 0xFF,
  0xFF, 0xFF, 0xFF, 0xFF, 0xFF, 0x01, 0xFF, 0xFF, 0xFF, 0xFF, 0xFF, 0xFF,
  0xFF, 0xFF, 0xFF, 0xFF, 0xE0, 0x1F, 0xFF, 0xFF, 0xFF, 0xFF, 0xFF, 0xFF,
  0xFF, 0xFF, 0xFF, 0xF8, 0x01, 0xFF, 0xFF, 0xFF, 0xFF, 0xFF, 0xFF, 0xFF,
  0xFF, 0xFF, 0xFE, 0x00, 0x1F, 0xFF, 0xFF, 0xFF, 0xFF, 0xFF, 0xFF, 0xFF,
  0xFF, 0xFF, 0x80, 0x00, 0xFF, 0xFF, 0xFF, 0xFF, 0xFF, 0xFF, 0xFF, 0xFF,
  0xFF, 0xC0, 0x00, 0x00, 0x7F, 0xFF, 0xF0, 0x00, 0x01, 0xFF, 0xFF, 0xC0,
  0x00, 0x00, 0x00, 0x0F, 0xFF, 0xFE, 0x00, 0x00, 0x3F, 0xFF, 0xF8, 0x00,
  0x00, 0x00, 0x01, 0xFF, 0xFF, 0xC0, 0x00, 0x07, 0xFF, 0xFE, 0x00, 0x00,
  0x00, 0x00, 0x3F, 0xFF, 0xF0, 0x00, 0x00, 0xFF, 0xFF, 0xC0, 0x00, 0x00,
  0x00, 0x07, 0xFF, 0xFE, 0x00, 0x00, 0x3F, 0xFF, 0xF8, 0x00, 0x00, 0x00,
  0x01, 0xFF, 0xFF, 0xC0, 0x00, 0x07, 0xFF, 0xFF, 0x00, 0x00, 0x00, 0x00,
  0x3F, 0xFF, 0xF8, 0x00, 0x00, 0xFF, 0xFF, 0xE0, 0x00, 0x00, 0x00, 0x07,
  0xFF, 0xFF, 0x00, 0x00, 0x1F, 0xFF, 0xFC, 0x00, 0x00, 0x00, 0x00, 0xFF,
  0xFF, 0xE0, 0x00, 0x03, 0xFF, 0xFF, 0x00, 0x00, 0x00, 0x00, 0x1F, 0xFF,
  0xF8, 0x00, 0x00, 0x7F, 0xFF, 0xE0, 0x00, 0x00, 0x00, 0x03, 0xFF, 0xFF,
  0x00, 0x00, 0x1F, 0xFF, 0xFC, 0x00, 0x00, 0x00, 0x00, 0xFF, 0xFF, 0xE0,
  0x00, 0x03, 0xFF, 0xFF, 0x80, 0x00, 0x00, 0x00, 0x1F, 0xFF, 0xFC, 0x00,
  0x00, 0x7F, 0xFF, 0xF0, 0x00, 0x00, 0x00, 0x03, 0xFF, 0xFF, 0x80, 0x00,
  0x0F, 0xFF, 0xFC, 0x00, 0x00, 0x00, 0x00, 0x7F, 0xFF, 0xF0, 0x00, 0x01,
  0xFF, 0xFF, 0x80, 0x00, 0x00, 0x00, 0x0F, 0xFF, 0xFC, 0x00, 0x00, 0x3F,
  0xFF, 0xF0, 0x00, 0x00, 0x00, 0x00, 0xFF, 0xFF, 0x80, 0x00, 0x03, 0xFF,
  0xFE, 0x00, 0x00, 0x00, 0x00, 0x1F, 0xFF, 0xE0, 0x00, 0x00, 0x7F, 0xFF,
  0x80, 0x00, 0x00, 0x00, 0x01, 0xFF, 0xFC, 0x00, 0x00, 0x07, 0xFF, 0xF0,
  0x00, 0x00, 0x00, 0x00, 0x1F, 0xFF, 0x00, 0x00, 0x00, 0x7F, 0xFC, 0x00,
  0x00, 0x00, 0x00, 0x01, 0xFF, 0xC0, 0x00, 0x00, 0x07, 0xFE, 0x00, 0x00,
  0x00, 0x00, 0x00, 0x0F, 0xE0, 0x00, 0x00, 0x00, 0x3F, 0x00, 0x00, 0x00,
  0x00, 0x00, 0x00, 0x00, 0x00, 0x07, 0xC0, 0x00, 0x00, 0x00, 0x00, 0x00,
  0x00, 0x00, 0x00, 0xFF, 0x80, 0x00, 0x00, 0x00, 0x00, 0x00, 0x00, 0x00,
  0x0F, 0xFE, 0x00, 0x00, 0x00, 0x00, 0x00, 0x00, 0x00, 0x00, 0xFF, 0xF8,
  0x00, 0x00, 0x00, 0x00, 0x00, 0x00, 0x00, 0x07, 0xFF, 0xC0, 0x00, 0x00,
  0x00, 0x00, 0x00, 0x00, 0x00, 0x7F, 0xFF, 0x00, 0x00, 0x00, 0x00, 0x00,
  0x00, 0x00, 0x03, 0xFF, 0xF8, 0x00, 0x00, 0x00, 0x00, 0x00, 0x00, 0x00,
  0x1F, 0xFF, 0xC0, 0x00, 0x00, 0x00, 0x00, 0x00, 0x00, 0x00, 0xFF, 0xFE,
  0x00, 0x00, 0x00, 0x00, 0x00, 0x00, 0x00, 0x3F, 0xFF, 0xF8, 0x00, 0x00,
  0x00, 0x00, 0x00, 0x00, 0x3F, 0xFF, 0xFF, 0xFE, 0x00, 0x00, 0x00, 0x00,
  0x00, 0x0F, 0xFF, 0xFF, 0xFF, 0xFF, 0x00, 0x00, 0x00, 0x00, 0x01, 0xFF,
  0xFF, 0xFF, 0xFF, 0xFE, 0x00, 0x00, 0x00, 0x00, 0x3F, 0xFF, 0xFF, 0xFF,
  0xFF, 0xFE, 0x00, 0x00, 0x00, 0x07, 0xFF, 0xFF, 0xFF, 0xFF, 0xFF, 0xFC,
  0x00, 0x00, 0x00, 0x7F, 0xFF, 0xFF, 0xFF, 0xFF, 0xFF, 0xF8, 0x00, 0x00,
  0x07, 0xFF, 0xFF, 0xFF, 0xFF, 0xFF, 0xFF, 0xF0, 0x00, 0x00, 0xFF, 0xFF,
  0xFF, 0xFF, 0xFF, 0xFF, 0xFF, 0xC0, 0x00, 0x0F, 0xFF, 0xFF, 0xFF, 0xFF,
  0xFF, 0xFF, 0xFF, 0x00, 0x00, 0xFF, 0xFF, 0xFF, 0xFF, 0xFF, 0xFF, 0xFF,
  0xFC, 0x00, 0x07, 0xFF, 0xFF, 0xFF, 0xFF, 0xFF, 0xFF, 0xFF, 0xF0, 0x00,
  0x7F, 0xFF, 0xFF, 0xFF, 0xFF, 0xFF, 0xFF, 0xFF, 0x80, 0x07, 0xFF, 0xFF,
  0xFF, 0xFF, 0xFF, 0xFF, 0xFF, 0xFC, 0x00, 0x7F, 0xFF, 0xFF, 0xFF, 0xFF,
  0xFF, 0xFF, 0xFF, 0xE0, 0x03, 0xFF, 0xFF, 0xFF, 0xFF, 0xFF, 0xFF, 0xFF,
  0xFF, 0x80, 0x3F, 0xFF, 0xFF, 0xFF, 0xFF, 0xFF, 0xFF, 0xFF, 0xF8, 0x01,
  0xFF, 0xFF, 0xFF, 0xFF, 0xFF, 0xFF, 0xFF, 0xFF, 0xC0, 0x0F, 0xFF, 0xFF,
  0xF8, 0xFF, 0xFF, 0xFF, 0xFF, 0xFE, 0x00, 0xFF, 0xFF, 0xFF, 0x07, 0xFF,
  0xDF, 0xFF, 0xFF, 0xF0, 0x07, 0xFF, 0xFF, 0xF0, 0x3F, 0xFE, 0x1F, 0xFF,
  0xFF, 0x00, 0x3F, 0xFF, 0xFF, 0x01, 0xFF, 0xF0, 0x1F, 0xFF, 0xF8, 0x03,
  0xFF, 0xFF, 0xF0, 0x0F, 0xFF, 0x80, 0x3F, 0xFF, 0x80, 0x1F, 0xFF, 0xFF,
  0x80, 0x7F, 0xFC, 0x00, 0x7F, 0xF8, 0x00, 0xFF, 0xFF, 0xF8, 0x03, 0xFF,
  0xE0, 0x00, 0xFF, 0x00, 0x07, 0xFF, 0xFF, 0xC0, 0x1F, 0xFF, 0x00, 0x00,
  0x00, 0x00, 0x3F, 0xFF, 0xFE, 0x00, 0xFF, 0xF8, 0x00, 0x00, 0x00, 0x01,
  0xFF, 0xFF, 0xF0, 0x07, 0xFF, 0xC0, 0x00, 0x00, 0x00, 0x0F, 0xFF, 0xFF,
  0x80, 0x3F, 0xFE, 0x00, 0x00, 0x00, 0x00, 0x7F, 0xFF, 0xFC, 0x01, 0xFF,
  0xF0, 0x00, 0x00, 0x00, 0x03, 0xFF, 0xFF, 0xF0, 0x0F, 0xFF, 0x80, 0x00,
  0x00, 0x00, 0x1F, 0xFF, 0xFF, 0x80, 0x7F, 0xFC, 0x00, 0x00, 0x00, 0x00,
  0xFF, 0xFF, 0xFE, 0x03, 0xFF, 0xE0, 0x00, 0x00, 0x00, 0x07, 0xFF, 0xFF,
  0xF8, 0x1F, 0xFF, 0x00, 0x00, 0x00, 0x00, 0x1F, 0xFF, 0xFF, 0xE0, 0xFF,
  0xF8, 0x00, 0x00, 0x00, 0x00, 0xFF, 0xFF, 0xFF, 0xC7, 0xFF, 0xC0, 0x00,
  0x00, 0x00, 0x07, 0xFF, 0xFF, 0xFF, 0xBF, 0xFE, 0x00, 0x00, 0x00, 0x00,
  0x3F, 0xFF, 0xFF, 0xFF, 0xFF, 0xF0, 0x00, 0x00, 0x00, 0x00, 0xFF, 0xFF,
  0xFF, 0xFF, 0xFF, 0x80, 0x00, 0x00, 0x00, 0x07, 0xFF, 0xFF, 0xFF, 0xFF,
  0xFC, 0x00, 0x00, 0x00, 0x00, 0x3F, 0xFF, 0xFF, 0xFF, 0xFF, 0xE0, 0x00,
  0x00, 0x00, 0x00, 0xFF, 0xFF, 0xFF, 0xFF, 0xFF, 0xE0, 0x00, 0x00, 0x00,
  0x07, 0xFF, 0xFF, 0xFF, 0xFF, 0xFF, 0xE0, 0x00, 0x00, 0x00, 0x1F, 0xFF,
  0xFF, 0xFF, 0xFF, 0xFF, 0xE0, 0x00, 0x00, 0x00, 0x7F, 0xFF, 0xFF, 0xFF,
  0xFF, 0xFF, 0xE0, 0x00, 0x00, 0x01, 0xFF, 0xFF, 0xFF, 0xFF, 0xFF, 0xFF,
  0xC0, 0x00, 0x00, 0x07, 0xFF, 0xFF, 0xFF, 0xFF, 0xFF, 0xFF, 0x80, 0x00,
  0x00, 0x1F, 0xFF, 0xFF, 0xFF, 0xFF, 0xFF, 0xFF, 0x00, 0x00, 0x00, 0x7F,
  0xFF, 0xFF, 0xFF, 0xFF, 0xFF, 0xFC, 0x00, 0x00, 0x01, 0xFF, 0xFF, 0xFF,
  0xFF, 0xFF, 0xFF, 0xF8, 0x00, 0x00, 0x03, 0xFF, 0xFF, 0xFF, 0xFF, 0xFF,
  0xFF, 0xE0, 0x00, 0x00, 0x0F, 0xFF, 0xFF, 0xFF, 0xFF, 0xFF, 0xFF, 0x80,
  0x00, 0x00, 0x1F, 0xFF, 0xFF, 0xFF, 0xFF, 0xFF, 0xFE, 0x00, 0x00, 0x00,
  0x3F, 0xFF, 0xFF, 0xFF, 0xFF, 0xFF, 0xF8, 0x00, 0x00, 0x00, 0x7F, 0xFF,
  0xFF, 0xFF, 0xFF, 0xFF, 0xE0, 0x00, 0x00, 0x00, 0x7F, 0xFF, 0xFF, 0xFF,
  0xFF, 0xFF, 0x80, 0x00, 0x00, 0x00, 0xFF, 0xFF, 0xFF, 0xFF, 0xFF, 0xFC,
  0x00, 0x00, 0x00, 0x00, 0x7F, 0xFF, 0xFF, 0xFF, 0xFF, 0xF0, 0x00, 0x00,
  0x00, 0x00, 0xFF, 0xFF, 0xFF, 0xFF, 0xFF, 0x80, 0x00, 0x00, 0x00, 0x07,
  0xFF, 0xFF, 0xFF, 0xFF, 0xFE, 0x00, 0x00, 0x00, 0x00, 0x3F, 0xFF, 0xFF,
  0xFF, 0xFF, 0xF0, 0x00, 0x00, 0x00, 0x01, 0xFF, 0xFF, 0xFF, 0xFF, 0xFF,
  0xC0, 0x00, 0x00, 0x00, 0x0F, 0xFF, 0x9F, 0xFF, 0xFF, 0xFE, 0x00, 0x00,
  0x00, 0x00, 0x7F, 0xFC, 0x3F, 0xFF, 0xFF, 0xF0, 0x00, 0x00, 0x00, 0x03,
  0xFF, 0xE0, 0x7F, 0xFF, 0xFF, 0x80, 0x00, 0x00, 0x00, 0x1F, 0xFF, 0x01,
  0xFF, 0xFF, 0xFE, 0x00, 0x00, 0x00, 0x00, 0xFF, 0xF8, 0x07, 0xFF, 0xFF,
  0xF0, 0x00, 0x00, 0x00, 0x07, 0xFF, 0xC0, 0x1F, 0xFF, 0xFF, 0x80, 0x00,
  0x00, 0x00, 0x3F, 0xFE, 0x00, 0xFF, 0xFF, 0xFC, 0x00, 0x00, 0x00, 0x01,
  0xFF, 0xF0, 0x03, 0xFF, 0xFF, 0xE0, 0x00, 0x00, 0x00, 0x0F, 0xFF, 0x80,
  0x1F, 0xFF, 0xFF, 0x03, 0xF8, 0x00, 0x00, 0x7F, 0xFC, 0x00, 0xFF, 0xFF,
  0xF8, 0x7F, 0xF0, 0x00, 0x03, 0xFF, 0xE0, 0x07, 0xFF, 0xFF, 0xC7, 0xFF,
  0xC0, 0x00, 0x1F, 0xFF, 0x00, 0x3F, 0xFF, 0xFE, 0x7F, 0xFF, 0x80, 0x00,
  0xFF, 0xF8, 0x01, 0xFF, 0xFF, 0xF7, 0xFF, 0xFF, 0x00, 0x07, 0xFF, 0xC0,
  0x1F, 0xFF, 0xFF, 0xBF, 0xFF, 0xFE, 0x00, 0x3F, 0xFE, 0x00, 0xFF, 0xFF,
  0xFB, 0xFF, 0xFF, 0xFC, 0x01, 0xFF, 0xF0, 0x0F, 0xFF, 0xFF, 0xDF, 0xFF,
  0xFF, 0xF8, 0x0F, 0xFF, 0x80, 0xFF, 0xFF, 0xFE, 0xFF, 0xFF, 0xFF, 0xF8,
  0x7F, 0xFC, 0x0F, 0xFF, 0xFF, 0xF7, 0xFF, 0xFF, 0xFF, 0xFB, 0xFF, 0xE1,
  0xFF, 0xFF, 0xFF, 0x3F, 0xFF, 0xFF, 0xFF, 0xFF, 0xFF, 0xFF, 0xFF, 0xFF,
  0xF9, 0xFF, 0xFF, 0xFF, 0xFF, 0xFF, 0xFF, 0xFF, 0xFF, 0xFF, 0xCF, 0xFF,
  0xFF, 0xFF, 0xFF, 0xFF, 0xFF, 0xFF, 0xFF, 0xFC, 0x3F, 0xFF, 0xFF, 0xFF,
  0xFF, 0xFF, 0xFF, 0xFF, 0xFF, 0xC1, 0xFF, 0xFF, 0xFF, 0xFF, 0xFF, 0xFF,
  0xFF, 0xFF, 0xFE, 0x07, 0xFF, 0xFF, 0xFF, 0xFF, 0xFF, 0xFF, 0xFF, 0xFF,
  0xE0, 0x1F, 0xFF, 0xFF, 0xFF, 0xFF, 0xFF, 0xFF, 0xFF, 0xFE, 0x00, 0x7F,
  0xFF, 0xFF, 0xFF, 0xFF, 0xFF, 0xFF, 0xFF, 0xE0, 0x01, 0xFF, 0xFF, 0xFF,
  0xFF, 0xFF, 0xFF, 0xFF, 0xFE, 0x00, 0x03, 0xFF, 0xFF, 0xFF, 0xFF, 0xFF,
  0xFF, 0xFF, 0xE0, 0x00, 0x07, 0xFF, 0xFF, 0xFF, 0xFF, 0xFF, 0xFF, 0xFE,
  0x00, 0x00, 0x0F, 0xFF, 0xFF, 0xFF, 0xFF, 0xFF, 0xFF, 0xE0, 0x00, 0x00,
  0x1F, 0xFF, 0xFF, 0xFF, 0xFF, 0xFF, 0xFC, 0x00, 0x00, 0x00, 0x3F, 0xFF,
  0xFF, 0xFF, 0xFF, 0xFF, 0xC0, 0x00, 0x00, 0x00, 0x3F, 0xFF, 0xFF, 0xFF,
  0xFF, 0xF8, 0x00, 0x00, 0x00, 0x00, 0x3F, 0xFF, 0xFF, 0xFF, 0xFE, 0x00,
  0x00, 0x00, 0x00, 0x00, 0x3F, 0xFF, 0xFF, 0xFF, 0xC0, 0x00, 0x00, 0x00,
  0x00, 0x00, 0x0F, 0xFF, 0xFF, 0xC0, 0x00, 0x00, 0x00, 0x00, 0x00, 0x00,
  0x0F, 0xFF, 0xE0, 0x00, 0x00, 0x00, 0x00, 0x00, 0x00, 0x00, 0x7F, 0xFF,
  0x00, 0x00, 0x00, 0x00, 0x00, 0x00, 0x00, 0x03, 0xFF, 0xF8, 0x00, 0x00,
  0x00, 0x00, 0x00, 0x00, 0x00, 0x1F, 0xFF, 0xC0, 0x00, 0x00, 0x00, 0x00,
  0x00, 0x00, 0x00, 0xFF, 0xFE, 0x00, 0x00, 0x00, 0x00, 0x00, 0x00, 0x00,
  0x07, 0xFF, 0xF0, 0x00, 0x00, 0x00, 0x00, 0x00, 0x00, 0x00, 0x3F, 0xFF,
  0x80, 0x00, 0x00, 0x00, 0x00, 0x00, 0x00, 0x01, 0xFF, 0xFC, 0x00, 0x00,
  0x00, 0x00, 0x00, 0x00, 0x00, 0x0F, 0xFF, 0xE0, 0x00, 0x00, 0x00, 0x00,
  0x00, 0x00, 0x00, 0x7F, 0xFF, 0x00, 0x00, 0x00, 0x00, 0x00, 0x00, 0x00,
  0x01, 0xFF, 0xF0, 0x00, 0x00, 0x00, 0x00, 0x00, 0x00, 0x00, 0x0F, 0xFF,
  0x80, 0x00, 0x00, 0x00, 0x00, 0x00, 0x00, 0x00, 0x3F, 0xF8, 0x00, 0x00,
  0x00, 0x00, 0x00, 0x00, 0x00, 0x00, 0xFF, 0x80, 0x00, 0x00, 0x00, 0x00,
  0x00, 0x00, 0x00, 0x01, 0xF0, 0x00, 0x00, 0x00, 0x00, 0x00, 0x00, 0x1F,
  0xFC, 0x00, 0x00, 0x00, 0x00, 0x00, 0x00, 0x0F, 0x00, 0x00, 0x00, 0x00,
  0x0F, 0xFF, 0xFC, 0x00, 0x00, 0x00, 0x00, 0x00, 0x01, 0xFE, 0x00, 0x00,
  0x00, 0x01, 0xFF, 0xFF, 0xF8, 0x00, 0x00, 0x00, 0x00, 0x00, 0x1F, 0xF8,
  0x00, 0x00, 0x00, 0x3F, 0xFF, 0xFF, 0xF0, 0x00, 0x00, 0x00, 0x00, 0x01,
  0xFF, 0xE0, 0x00, 0x00, 0x03, 0xFF, 0xFF, 0xFF, 0xC0, 0x00, 0x00, 0x00,
  0x00, 0x0F, 0xFF, 0x80, 0x00, 0x00, 0x3F, 0xFF, 0xFF, 0xFF, 0x80, 0x00,
  0x00, 0x00, 0x00, 0xFF, 0xFC, 0x00, 0x00, 0x03, 0xFF, 0xFF, 0xFF, 0xFE,
  0x00, 0x00, 0x00, 0x00, 0x0F, 0xFF, 0xE0, 0x00, 0x00, 0x3F, 0xFF, 0xFF,
  0xFF, 0xF8, 0x00, 0x00, 0x00, 0x00, 0x7F, 0xFF, 0x00, 0x00, 0x03, 0xFF,
  0xFF, 0xFF, 0xFF, 0xE0, 0x00, 0x00, 0x00, 0x07, 0xFF, 0xF8, 0x00, 0x00,
  0x3F, 0xFF, 0xFF, 0xFF, 0xFF, 0x00, 0x00, 0x00, 0x00, 0x7F, 0xFF, 0xC0,
  0x00, 0x03, 0xFF, 0xFF, 0xFF, 0xFF, 0xFC, 0x00, 0x00, 0x00, 0x07, 0xFF,
  0xFC, 0x00, 0x00, 0x1F, 0xFF, 0xFF, 0xFF, 0xFF, 0xF0, 0x00, 0x00, 0x00,
  0x3F, 0xFF, 0xC0, 0x00, 0x01, 0xFF, 0xFF, 0xFF, 0xFF, 0xFF, 0x80, 0x00,
  0x00, 0x03, 0xFF, 0xFE, 0x00, 0x00, 0x1F, 0xFF, 0xFC, 0x0F, 0xFF, 0xFE,
  0x00, 0x00, 0x00, 0x3F, 0xFF, 0xE0, 0x00, 0x00, 0xFF, 0xFF, 0x80, 0x3F,
  0xFF, 0xF0, 0x00, 0x00, 0x03, 0xFF, 0xFE, 0x00, 0x00, 0x07, 0xFF, 0xF8,
  0x00, 0x7F, 0xFF, 0x80, 0x00, 0x00, 0x1F, 0xFF, 0xF0, 0x00, 0x00, 0x7F,
  0xFF, 0x80, 0x03, 0xFF, 0xFE, 0x00, 0x00, 0x01, 0xFF, 0xFF, 0x00, 0x00,
  0x03, 0xFF, 0xFC, 0x00, 0x0F, 0xFF, 0xF0, 0x00, 0x00, 0x1F, 0xFF, 0xF0,
  0x00, 0x00, 0x1F, 0xFF, 0xC0, 0x00, 0x3F, 0xFF, 0x80, 0x00, 0x01, 0xFF,
  0xFF, 0x00, 0x00, 0x01, 0xFF, 0xFE, 0x00, 0x01, 0xFF, 0xFE, 0x00, 0x00,
  0x0F, 0xFF, 0xF8, 0x00, 0x00, 0x0F, 0xFF, 0xF0, 0x00, 0x0F, 0xFF, 0xF0,
  0x00, 0x00, 0xFF, 0xFF, 0x80, 0x00, 0x00, 0x7F, 0xFF, 0x00, 0x00, 0x3F,
  0xFF, 0x80, 0x00, 0x0F, 0xFF, 0xF8, 0x00, 0x00, 0x03, 0xFF, 0xF8, 0x00,
  0x01, 0xFF, 0xFC, 0x00, 0x00, 0x7F, 0xFF, 0x80, 0x00, 0x00, 0x1F, 0xFF,
  0xC0, 0x00, 0x0F, 0xFF, 0xE0, 0x00, 0x07, 0xFF, 0xFC, 0x00, 0x00, 0x00,
  0xFF, 0xFE, 0x00, 0x00, 0x7F, 0xFF, 0x00, 0x00, 0x7F, 0xFF, 0xC0, 0x00,
  0x00, 0x07, 0xFF, 0xF0, 0x00, 0x03, 0xFF, 0xF8, 0x00, 0x07, 0xFF, 0xFC,
  0x00, 0x00, 0x00, 0x3F, 0xFF, 0x80, 0x00, 0x1F, 0xFF, 0xC0, 0x00, 0x3F,
  0xFF, 0xC0, 0x00, 0x00, 0x01, 0xFF, 0xFC, 0x00, 0x00, 0xFF, 0xFE, 0x00,
  0x03, 0xFF, 0xFE, 0x00, 0x00, 0x00, 0x0F, 0xFF, 0xE0, 0x00, 0x07, 0xFF,
  0xF0, 0x00, 0x3F, 0xFF, 0xE0, 0x00, 0x00, 0x00, 0x7F, 0xFF, 0x80, 0x00,
  0x3F, 0xFF, 0x80, 0x03, 0xFF, 0xFE, 0x00, 0x00, 0x00, 0x03, 0xFF, 0xFC,
  0x00, 0x03, 0xFF, 0xF8, 0x00, 0x1F, 0xFF, 0xF0, 0x00, 0x00, 0x00, 0x0F,
  0xFF, 0xE0, 0x00, 0x1F, 0xFF, 0xC0, 0x01, 0xFF, 0xFF, 0x00, 0x00, 0x00,
  0x00, 0x7F, 0xFF, 0x80, 0x01, 0xFF, 0xFE, 0x00, 0x1F, 0xFF, 0xF0, 0x00,
  0x00, 0x00, 0x03, 0xFF, 0xFE, 0x00, 0x0F, 0xFF, 0xF0, 0x01, 0xFF, 0xFF,
  0x00, 0x00, 0x00, 0x00, 0x1F, 0xFF, 0xF0, 0x00, 0xFF, 0xFF, 0x00, 0x0F,
  0xFF, 0xF8, 0x00, 0x00, 0x00, 0x00, 0x7F, 0xFF, 0xC0, 0x0F, 0xFF, 0xF8,
  0x00, 0xFF, 0xFF, 0x80, 0x00, 0x00, 0x00, 0x03, 0xFF, 0xFF, 0x81, 0xFF,
  0xFF, 0xC0, 0x0F, 0xFF, 0xF8, 0x00, 0x00, 0x00, 0x00, 0x0F, 0xFF, 0xFF,
  0xFF, 0xFF, 0xFC, 0x00, 0x7F, 0xFF, 0x80, 0x00, 0x00, 0x00, 0x00, 0x7F,
  0xFF, 0xFF, 0xFF, 0xFF, 0xC0, 0x07, 0xFF, 0xFC, 0x00, 0x00, 0x00, 0x00,
  0x01, 0xFF, 0xFF, 0xFF, 0xFF, 0xFE, 0x00, 0x7F, 0xFF, 0xC0, 0x00, 0x00,
  0x00, 0x00, 0x07, 0xFF, 0xFF, 0xFF, 0xFF, 0xE0, 0x07, 0xFF, 0xFC, 0x00,
  0x00, 0x00, 0x00, 0x00, 0x3F, 0xFF, 0xFF, 0xFF, 0xFE, 0x00, 0x3F, 0xFF,
  0xE0, 0x00, 0x00, 0x00, 0x00, 0x00, 0xFF, 0xFF, 0xFF, 0xFF, 0xE0, 0x03,
  0xFF, 0xFE, 0x00, 0x00, 0x00, 0x00, 0x00, 0x03, 0xFF, 0xFF, 0xFF, 0xFF,
  0x00, 0x3F, 0xFF, 0xE0, 0x00, 0x00, 0x00, 0x00, 0x00, 0x0F, 0xFF, 0xFF,
  0xFF, 0xE0, 0x03, 0xFF, 0xFE, 0x00, 0x00, 0x00, 0x00, 0x00, 0x00, 0x3F,
  0xFF, 0xFF, 0xFE, 0x00, 0x1F, 0xFF, 0xF0, 0x00, 0x00, 0x00, 0x00, 0x00,
  0x00, 0x7F, 0xFF, 0xFF, 0xE0, 0x01, 0xFF, 0xFF, 0x00, 0x00, 0x00, 0x00,
  0x00, 0x00, 0x00, 0xFF, 0xFF, 0xFC, 0x00, 0x1F, 0xFF, 0xF0, 0x00, 0x00,
  0x00, 0x00, 0x00, 0x00, 0x01, 0xFF, 0xFF, 0x80, 0x00, 0xFF, 0xFF, 0x00,
  0x00, 0x00, 0x00, 0x00, 0x00, 0x00, 0x01, 0xFF, 0xC0, 0x00, 0x0F, 0xFF,
  0xF8, 0x00, 0x00, 0x00, 0x00, 0x00, 0x00, 0x00, 0x00, 0x00, 0x00, 0x00,
  0xFF, 0xFF, 0x80, 0x00, 0x3F, 0xF0, 0x00, 0x00, 0x00, 0x00, 0x00, 0x00,
  0x00, 0x0F, 0xFF, 0xF8, 0x00, 0x1F, 0xFF, 0xF8, 0x00, 0x00, 0x00, 0x00,
  0x00, 0x00, 0x00, 0x7F, 0xFF, 0x80, 0x03, 0xFF, 0xFF, 0xF0, 0x00, 0x00,
  0x00, 0x00, 0x00, 0x00, 0x07, 0xFF, 0xFC, 0x00, 0x7F, 0xFF, 0xFF, 0xE0,
  0x00, 0x00, 0x00, 0x00, 0x00, 0x00, 0x7F, 0xFF, 0xC0, 0x07, 0xFF, 0xFF,
  0xFF, 0x80, 0x00, 0x00, 0x00, 0x00, 0x00, 0x07, 0xFF, 0xFC, 0x00, 0x7F,
  0xFF, 0xFF, 0xFF, 0x00, 0x00, 0x00, 0x00, 0x00, 0x00, 0x3F, 0xFF, 0xE0,
  0x07, 0xFF, 0xFF, 0xFF, 0xFC, 0x00, 0x00, 0x00, 0x00, 0x00, 0x03, 0xFF,
  0xFE, 0x00, 0x7F, 0xFF, 0xFF, 0xFF, 0xF0, 0x00, 0x00, 0x00, 0x00, 0x00,
  0x3F, 0xFF, 0xE0, 0x07, 0xFF, 0xFF, 0xFF, 0xFF, 0x80, 0x00, 0x00, 0x00,
  0x00, 0x03, 0xFF, 0xFE, 0x00, 0x7F, 0xFF, 0xFF, 0xFF, 0xFE, 0x00, 0x00,
  0x00, 0x00, 0x00, 0x1F, 0xFF, 0xF0, 0x07, 0xFF, 0xFF, 0xFF, 0xFF, 0xF8,
  0x00, 0x00, 0x00, 0x00, 0x01, 0xFF, 0xFF, 0x00, 0x3F, 0xFF, 0xFF, 0xFF,
  0xFF, 0xC0, 0x00, 0x00, 0x00, 0x00, 0x1F, 0xFF, 0xF0, 0x03, 0xFF, 0xFF,
  0xFF, 0xFF, 0xFF, 0x00, 0x00, 0x00, 0x00, 0x00, 0xFF, 0xFF, 0x00, 0x1F,
  0xFF, 0xF8, 0x1F, 0xFF, 0xFC, 0x00, 0x00, 0x00, 0x00, 0x0F, 0xFF, 0xF8,
  0x01, 0xFF, 0xFF, 0x00, 0x7F, 0xFF, 0xE0, 0x00, 0x00, 0x00, 0x00, 0xFF,
  0xFF, 0x80, 0x0F, 0xFF, 0xF0, 0x01, 0xFF, 0xFF, 0x00, 0x00, 0x00, 0x00,
  0x0F, 0xFF, 0xF8, 0x00, 0xFF, 0xFF, 0x00, 0x07, 0xFF, 0xFC, 0x00, 0x00,
  0x00, 0x00, 0x7F, 0xFF, 0xC0, 0x07, 0xFF, 0xF8, 0x00, 0x1F, 0xFF, 0xE0,
  0x00, 0x00, 0x00, 0x07, 0xFF, 0xFC, 0x00, 0x3F, 0xFF, 0x80, 0x00, 0xFF,
  0xFF, 0x00, 0x00, 0x00, 0x00, 0x7F, 0xFF, 0xC0, 0x01, 0xFF, 0xFC, 0x00,
  0x03, 0xFF, 0xF8, 0x00, 0x00, 0x00, 0x07, 0xFF, 0xFC, 0x00, 0x1F, 0xFF,
  0xE0, 0x00, 0x1F, 0xFF, 0xE0, 0x00, 0x00, 0x00, 0x3F, 0xFF, 0xE0, 0x00,
  0xFF, 0xFE, 0x00, 0x00, 0x7F, 0xFF, 0x00, 0x00, 0x00, 0x03, 0xFF, 0xFE,
  0x00, 0x07, 0xFF, 0xF0, 0x00, 0x03, 0xFF, 0xF8, 0x00, 0x00, 0x00, 0x3F,
  0xFF, 0xE0, 0x00, 0x3F, 0xFF, 0x80, 0x00, 0x1F, 0xFF, 0xC0, 0x00, 0x00,
  0x01, 0xFF, 0xFE, 0x00, 0x01, 0xFF, 0xFC, 0x00, 0x00, 0xFF, 0xFE, 0x00,
  0x00, 0x00, 0x1F, 0xFF, 0xF0, 0x00, 0x0F, 0xFF, 0xE0, 0x00, 0x07, 0xFF,
  0xF0, 0x00, 0x00, 0x01, 0xFF, 0xFF, 0x00, 0x00, 0x7F, 0xFF, 0x00, 0x00,
  0x3F, 0xFF, 0x80, 0x00, 0x00, 0x1F, 0xFF, 0xF0, 0x00, 0x03, 0xFF, 0xF8,
  0x00, 0x01, 0xFF, 0xFC, 0x00, 0x00, 0x00, 0xFF, 0xFF, 0x80, 0x00, 0x1F,
  0xFF, 0xC0, 0x00, 0x0F, 0xFF, 0xE0, 0x00, 0x00, 0x0F, 0xFF, 0xF8, 0x00,
  0x00, 0xFF, 0xFE, 0x00, 0x00, 0x7F, 0xFF, 0x00, 0x00, 0x00, 0xFF, 0xFF,
  0x80, 0x00, 0x07, 0xFF, 0xF8, 0x00, 0x07, 0xFF, 0xF8, 0x00, 0x00, 0x0F,
  0xFF, 0xF8, 0x00, 0x00, 0x3F, 0xFF, 0xC0, 0x00, 0x3F, 0xFF, 0x80, 0x00,
  0x00, 0x7F, 0xFF, 0xC0, 0x00, 0x00, 0xFF, 0xFE, 0x00, 0x01, 0xFF, 0xFC,
  0x00, 0x00, 0x07, 0xFF, 0xFC, 0x00, 0x00, 0x07, 0xFF, 0xF8, 0x00, 0x1F,
  0xFF, 0xE0, 0x00, 0x00, 0x7F, 0xFF, 0xC0, 0x00, 0x00, 0x3F, 0xFF, 0xE0,
  0x00, 0xFF, 0xFF, 0x00, 0x00, 0x07, 0xFF, 0xFC, 0x00, 0x00, 0x00, 0xFF,
  0xFF, 0x00, 0x0F, 0xFF, 0xF0, 0x00, 0x00, 0x3F, 0xFF, 0xE0, 0x00, 0x00,
  0x07, 0xFF, 0xFE, 0x00, 0xFF, 0xFF, 0x80, 0x00, 0x03, 0xFF, 0xFE, 0x00,
  0x00, 0x00, 0x3F, 0xFF, 0xF8, 0x1F, 0xFF, 0xF8, 0x00, 0x00, 0x3F, 0xFF,
  0xE0, 0x00, 0x00, 0x00, 0xFF, 0xFF, 0xFF, 0xFF, 0xFF, 0xC0, 0x00, 0x01,
  0xFF, 0xFE, 0x00, 0x00, 0x00, 0x07, 0xFF, 0xFF, 0xFF, 0xFF, 0xFC, 0x00,
  0x00, 0x1F, 0xFF, 0xF0, 0x00, 0x00, 0x00, 0x1F, 0xFF, 0xFF, 0xFF, 0xFF,
  0xE0, 0x00, 0x01, 0xFF, 0xFF, 0x00, 0x00, 0x00, 0x00, 0x7F, 0xFF, 0xFF,
  0xFF, 0xFE, 0x00, 0x00, 0x0F, 0xFF, 0xF0, 0x00, 0x00, 0x00, 0x01, 0xFF,
  0xFF, 0xFF, 0xFF, 0xE0, 0x00, 0x00, 0x7F, 0xFF, 0x80, 0x00, 0x00, 0x00,
  0x0F, 0xFF, 0xFF, 0xFF, 0xFE, 0x00, 0x00, 0x03, 0xFF, 0xF8, 0x00, 0x00,
  0x00, 0x00, 0x3F, 0xFF, 0xFF, 0xFF, 0xE0, 0x00, 0x00, 0x1F, 0xFF, 0x80,
  0x00, 0x00, 0x00, 0x00, 0xFF, 0xFF, 0xFF, 0xFE, 0x00, 0x00, 0x00, 0xFF,
  0xF8, 0x00, 0x00, 0x00, 0x00, 0x01, 0xFF, 0xFF, 0xFF, 0xE0, 0x00, 0x00,
  0x03, 0xFF, 0xC0, 0x00, 0x00, 0x00, 0x00, 0x07, 0xFF, 0xFF, 0xFE, 0x00,
  0x00, 0x00, 0x0F, 0xFC, 0x00, 0x00, 0x00, 0x00, 0x00, 0x0F, 0xFF, 0xFF,
  0xC0, 0x00, 0x00, 0x00, 0x3F, 0xC0, 0x00, 0x00, 0x00, 0x00, 0x00, 0x1F,
  0xFF, 0xF8, 0x00, 0x00, 0x00, 0x00, 0x70, 0x00, 0x00, 0x00, 0x00, 0x00,
  0x00, 0x1F, 0xFC, 0x00, 0x00, 0x00, 0x00, 0x00, 0x00, 0x00, 0x0F, 0xFF,
  0x00, 0x00, 0x00, 0x00, 0x00, 0x00, 0x00, 0x00, 0x01, 0xFF, 0xFF, 0xF8,
  0x00, 0x00, 0x00, 0x00, 0x00, 0x00, 0x00, 0x0F, 0xFF, 0xFF, 0xFE, 0x00,
  0x00, 0x00, 0x00, 0x00, 0x00, 0x00, 0x3F, 0xFF, 0xFF, 0xFF, 0x80, 0x00,
  0x00, 0x00, 0x00, 0x00, 0x00, 0xFF, 0xFF, 0xFF, 0xFF, 0xE0, 0x00, 0x00,
  0x00, 0x00, 0x00, 0x01, 0xFF, 0xFF, 0xFF, 0xFF, 0xF0, 0x00, 0x00, 0x00,
  0x00, 0x00, 0x07, 0xFF, 0xFF, 0xFF, 0xFF, 0xFC, 0x00, 0x00, 0x00, 0x00,
  0x00, 0x0F, 0xFF, 0xFF, 0xFF, 0xFF, 0xFE, 0x00, 0x00, 0x00, 0x00, 0x00,
  0x1F, 0xFF, 0xFF, 0xFF, 0xFF, 0xFF, 0x00, 0x00, 0x00, 0x00, 0x00, 0x3F,
  0xFF, 0xFF, 0xFF, 0xFF, 0xFF, 0x80, 0x00, 0x00, 0x00, 0x00, 0x7F, 0xFF,
  0xFF, 0xFF, 0xFF, 0xFF, 0x80, 0x00, 0x00, 0x00, 0x00, 0x7F, 0xFF, 0xFF,
  0xFF, 0xFF, 0xFF, 0xC0, 0x00, 0x00, 0x00, 0x00, 0xFF, 0xFF, 0xFF, 0xFF,
  0xFF, 0xFF, 0xE0, 0x00, 0x00, 0x00, 0x01, 0xFF, 0xFF, 0xFF, 0xFF, 0xFF,
  0xFF, 0xE0, 0x00, 0x00, 0x00, 0x01, 0xFF, 0xFF, 0xFF, 0xFF, 0xFF, 0xFF,
  0xF0, 0x00, 0x00, 0x00, 0x03, 0xFF, 0xFF, 0xFF, 0xFF, 0xFF, 0xFF, 0xF0,
  0x00, 0x00, 0x00, 0x03, 0xFF, 0xFF, 0xFF, 0xFF, 0xFF, 0xFF, 0xF8, 0x00,
  0x00, 0x00, 0x07, 0xFF, 0xFF, 0xFC, 0x07, 0xFF, 0xFF, 0xF8, 0x00, 0x00,
  0x00, 0x07, 0xFF, 0xFF, 0xF0, 0x01, 0xFF, 0xFF, 0xF8, 0x00, 0x00, 0x00,
  0x07, 0xFF, 0xFF, 0xE0, 0x00, 0xFF, 0xFF, 0xF8, 0x00, 0x00, 0x00, 0x07,
  0xFF, 0xFF, 0xC0, 0x00, 0x7F, 0xFF, 0xFC, 0x00, 0x00, 0x00, 0x0F, 0xFF,
  0xFF, 0x80, 0x00, 0x3F, 0xFF, 0xFC, 0x00, 0x00, 0x00, 0x0F, 0xFF, 0xFF,
  0x80, 0x00, 0x3F, 0xFF, 0xFC, 0x00, 0x00, 0x00, 0x0F, 0xFF, 0xFF, 0x00,
  0x00, 0x1F, 0xFF, 0xFC, 0x00, 0x00, 0x00, 0x0F, 0xFF, 0xFF, 0x00, 0x00,
  0x1F, 0xFF, 0xFC, 0x00, 0x00, 0x00, 0x0F, 0xFF, 0xFF, 0x00, 0x00, 0x1F,
  0xFF, 0xFC, 0x00, 0x00, 0x00, 0x0F, 0xFF, 0xFF, 0x00, 0x00, 0x1F, 0xFF,
  0xFC, 0x00, 0x00, 0x00, 0x0F, 0xFF, 0xFF, 0x00, 0x00, 0x1F, 0xFF, 0xFC,
  0x00, 0x00, 0x00, 0x0F, 0xFF, 0xFF, 0x00, 0x00, 0x1F, 0xFF, 0xFC, 0x00,
  0x00, 0x00, 0x0F, 0xFF, 0xFF, 0x00, 0x00, 0x1F, 0xFF, 0xFC, 0x00, 0x00,
  0x00, 0x0F, 0xFF, 0xFF, 0x00, 0x00, 0x3F, 0xFF, 0xF8, 0x00, 0x00, 0x00,
  0x0F, 0xFF, 0xFF, 0x80, 0x00, 0x3F, 0xFF, 0xF8, 0x00, 0x00, 0x00, 0x07,
  0xFF, 0xFF, 0x80, 0x00, 0x7F, 0xFF, 0xF8, 0x00, 0x00, 0x00, 0x07, 0xFF,
  0xFF, 0x80, 0x00, 0xFF, 0xFF, 0xF8, 0x00, 0x00, 0x00, 0x07, 0xFF, 0xFF,
  0xC0, 0x01, 0xFF, 0xFF, 0xF0, 0x00, 0x00, 0x00, 0x07, 0xFF, 0xFF, 0xE0,
  0x03, 0xFF, 0xFF, 0xF0, 0x00, 0x00, 0x00, 0x03, 0xFF, 0xFF, 0xE0, 0x0F,
  0xFF, 0xFF, 0xE0, 0x00, 0x00, 0x00, 0x03, 0xFF, 0xFF, 0xF0, 0x1F, 0xFF,
  0xFF, 0xE0, 0x00, 0x00, 0x00, 0x01, 0xFF, 0xFF, 0xF8, 0x7F, 0xFF, 0xFF,
  0xC0, 0x00, 0x00, 0x00, 0x01, 0xFF, 0xFF, 0xFF, 0xFF, 0xFF, 0xFF, 0x80,
  0x00, 0x00, 0x00, 0x00, 0xFF, 0xFF, 0xFF, 0xFF, 0xFF, 0xFF, 0x80, 0x00,
  0x00, 0x00, 0x00, 0xFF, 0xFF, 0xFF, 0xFF, 0xFF, 0xFF, 0x00, 0x00, 0x00,
  0x00, 0x00, 0x7F, 0xFF, 0xFF, 0xFF, 0xFF, 0xFE, 0x00, 0x00, 0x00, 0x00,
  0x00, 0x7F, 0xFF, 0xFF, 0xFF, 0xFF, 0xFC, 0x00, 0x00, 0x00, 0x00, 0x00,
  0x3F, 0xFF, 0xFF, 0xFF, 0xFF, 0xF8, 0x00, 0x00, 0x00, 0x00, 0x00, 0x1F,
  0xFF, 0xFF, 0xFF, 0xFF, 0xE0, 0x00, 0x00, 0x00, 0x00, 0x00, 0x3F, 0xFF,
  0xFF, 0xFF, 0xFF, 0xC0, 0x00, 0x00, 0x00, 0x00, 0x00, 0xFF, 0xFF, 0xFF,
  0xFF, 0xFF, 0x00, 0x00, 0x00, 0x00, 0x00, 0x03, 0xFF, 0xFF, 0xFF, 0xFF,
  0xFC, 0x00, 0x00, 0x3F, 0x00, 0x00, 0x07, 0xFF, 0xFF, 0xFF, 0xFF, 0xF0,
  0x00, 0x00, 0xFF, 0xC0, 0x00, 0x1F, 0xFF, 0xFF, 0xFF, 0xFF, 0xC0, 0x00,
  0x01, 0xFF, 0xE0, 0x00, 0x3F, 0xFF, 0xFF, 0xFF, 0xFF, 0xC0, 0x00, 0x03,
  0xFF, 0xF0, 0x00, 0x7F, 0xFF, 0xFF, 0xFF, 0xFF, 0xE0, 0x00, 0x07, 0xFF,
  0xF8, 0x00, 0xFF, 0xFF, 0xFF, 0xFF, 0xFF, 0xF0, 0x00, 0x07, 0xFF, 0xF8,
  0x01, 0xFF, 0xFF, 0xFF, 0xFF, 0xFF, 0xF8, 0x00, 0x0F, 0xFF, 0xFC, 0x03,
  0xFF, 0xFF, 0xFF, 0xFF, 0xFF, 0xFC, 0x00, 0x1F, 0xFF, 0xFC, 0x07, 0xFF,
  0xFF, 0xFF, 0xFF, 0xFF, 0xFE, 0x00, 0x1F, 0xFF, 0xFC, 0x0F, 0xFF, 0xFF,
  0xFF, 0xFF, 0xFF, 0xFF, 0x00, 0x3F, 0xFF, 0xFC, 0x0F, 0xFF, 0xFF, 0xFF,
  0xFF, 0xFF, 0xFF, 0x80, 0x3F, 0xFF, 0xFC, 0x1F, 0xFF, 0xFF, 0xFD, 0xFF,
  0xFF, 0xFF, 0xC0, 0x7F, 0xFF, 0xFC, 0x1F, 0xFF, 0xFF, 0xF8, 0xFF, 0xFF,
  0xFF, 0xE0, 0xFF, 0xFF, 0xF8, 0x3F, 0xFF, 0xFF, 0xE0, 0x7F, 0xFF, 0xFF,
  0xF0, 0xFF, 0xFF, 0xF8, 0x3F, 0xFF, 0xFF, 0xC0, 0x3F, 0xFF, 0xFF, 0xF9,
  0xFF, 0xFF, 0xF0, 0x3F, 0xFF, 0xFF, 0x80, 0x1F, 0xFF, 0xFF, 0xFD, 0xFF,
  0xFF, 0xF0, 0x7F, 0xFF, 0xFF, 0x00, 0x0F, 0xFF, 0xFF, 0xFF, 0xFF, 0xFF,
  0xE0, 0x7F, 0xFF, 0xFF, 0x00, 0x07, 0xFF, 0xFF, 0xFF, 0xFF, 0xFF, 0xC0,
  0x7F, 0xFF, 0xFE, 0x00, 0x03, 0xFF, 0xFF, 0xFF, 0xFF, 0xFF, 0xC0, 0xFF,
  0xFF, 0xFE, 0x00, 0x01, 0xFF, 0xFF, 0xFF, 0xFF, 0xFF, 0x80, 0xFF, 0xFF,
  0xFE, 0x00, 0x00, 0xFF, 0xFF, 0xFF, 0xFF, 0xFF, 0x00, 0xFF, 0xFF, 0xFC,
  0x00, 0x00, 0x7F, 0xFF, 0xFF, 0xFF, 0xFF, 0x00, 0xFF, 0xFF, 0xFC, 0x00,
  0x00, 0x3F, 0xFF, 0xFF, 0xFF, 0xFE, 0x00, 0xFF, 0xFF, 0xFC, 0x00, 0x00,
  0x1F, 0xFF, 0xFF, 0xFF, 0xFE, 0x00, 0xFF, 0xFF, 0xFC, 0x00, 0x00, 0x0F,
  0xFF, 0xFF, 0xFF, 0xFC, 0x00, 0xFF, 0xFF, 0xFC, 0x00, 0x00, 0x07, 0xFF,
  0xFF, 0xFF, 0xF8, 0x00, 0xFF, 0xFF, 0xFC, 0x00, 0x00, 0x03, 0xFF, 0xFF,
  0xFF, 0xF8, 0x00, 0xFF, 0xFF, 0xFC, 0x00, 0x00, 0x01, 0xFF, 0xFF, 0xFF,
  0xF0, 0x00, 0xFF, 0xFF, 0xFE, 0x00, 0x00, 0x00, 0xFF, 0xFF, 0xFF, 0xE0,
  0x00, 0xFF, 0xFF, 0xFE, 0x00, 0x00, 0x00, 0x7F, 0xFF, 0xFF, 0xF0, 0x00,
  0xFF, 0xFF, 0xFF, 0x00, 0x00, 0x00, 0x7F, 0xFF, 0xFF, 0xF8, 0x00, 0x7F,
  0xFF, 0xFF, 0x80, 0x00, 0x00, 0xFF, 0xFF, 0xFF, 0xFC, 0x00, 0x7F, 0xFF,
  0xFF, 0xC0, 0x00, 0x01, 0xFF, 0xFF, 0xFF, 0xFE, 0x00, 0x7F, 0xFF, 0xFF,
  0xE0, 0x00, 0x07, 0xFF, 0xFF, 0xFF, 0xFF, 0x00, 0x7F, 0xFF, 0xFF, 0xF8,
  0x00, 0x1F, 0xFF, 0xFF, 0xFF, 0xFF, 0x80, 0x3F, 0xFF, 0xFF, 0xFE, 0x00,
  0xFF, 0xFF, 0xFF, 0xFF, 0xFF, 0xC0, 0x3F, 0xFF, 0xFF, 0xFF, 0xFF, 0xFF,
  0xFF, 0xFF, 0xFF, 0xFF, 0xE0, 0x1F, 0xFF, 0xFF, 0xFF, 0xFF, 0xFF, 0xFF,
  0xFF, 0xFF, 0xFF, 0xF0, 0x1F, 0xFF, 0xFF, 0xFF, 0xFF, 0xFF, 0xFF, 0xFF,
  0xFF, 0xFF, 0xF8, 0x0F, 0xFF, 0xFF, 0xFF, 0xFF, 0xFF, 0xFF, 0xFF, 0xFF,
  0xFF, 0xFC, 0x0F, 0xFF, 0xFF, 0xFF, 0xFF, 0xFF, 0xFF, 0xFF, 0xFF, 0xFF,
  0xFE, 0x07, 0xFF, 0xFF, 0xFF, 0xFF, 0xFF, 0xFF, 0xFF, 0xFF, 0xFF, 0xFE,
  0x03, 0xFF, 0xFF, 0xFF, 0xFF, 0xFF, 0xFF, 0xFF, 0xFF, 0xFF, 0xFE, 0x01,
  0xFF, 0xFF, 0xFF, 0xFF, 0xFF, 0xFF, 0xF8, 0xFF, 0xFF, 0xFE, 0x00, 0xFF,
  0xFF, 0xFF, 0xFF, 0xFF, 0xFF, 0xF0, 0x7F, 0xFF, 0xFE, 0x00, 0x7F, 0xFF,
  0xFF, 0xFF, 0xFF, 0xFF, 0xE0, 0x3F, 0xFF, 0xFE, 0x00, 0x3F, 0xFF, 0xFF,
  0xFF, 0xFF, 0xFF, 0x80, 0x1F, 0xFF, 0xFE, 0x00, 0x1F, 0xFF, 0xFF, 0xFF,
  0xFF, 0xFF, 0x00, 0x1F, 0xFF, 0xFE, 0x00, 0x07, 0xFF, 0xFF, 0xFF, 0xFF,
  0xFC, 0x00, 0x0F, 0xFF, 0xFE, 0x00, 0x03, 0xFF, 0xFF, 0xFF, 0xFF, 0xF0,
  0x00, 0x07, 0xFF, 0xFC, 0x00, 0x00, 0xFF, 0xFF, 0xFF, 0xFF, 0xC0, 0x00,
  0x03, 0xFF, 0xFC, 0x00, 0x00, 0x3F, 0xFF, 0xFF, 0xFE, 0x00, 0x00, 0x00,
  0xFF, 0xF8, 0x00, 0x00, 0x07, 0xFF, 0xFF, 0xF8, 0x00, 0x00, 0x00, 0x7F,
  0xE0, 0x00, 0x00, 0x00, 0x3F, 0xFF, 0x00, 0x00, 0x00, 0x00, 0x1F, 0x80,
  0x00, 0xFF, 0xF8, 0x03, 0xFF, 0xFC, 0x07, 0xFF, 0xFE, 0x0F, 0xFF, 0xFF,
  0x1F, 0xFF, 0xFF, 0x1F, 0xFF, 0xFF, 0x3F, 0xFF, 0xFF, 0x3F, 0xFF, 0xFF,
  0x3F, 0xFF, 0xFF, 0x3F, 0xFF, 0xFE, 0x3F, 0xFF, 0xFE, 0x7F, 0xFF, 0xFE,
  0x7F, 0xFF, 0xFC, 0x7F, 0xFF, 0xFC, 0x7F, 0xFF, 0xFC, 0x7F, 0xFF, 0xF8,
  0x7F, 0xFF, 0xF8, 0x7F, 0xFF, 0xF0, 0x7F, 0xFF, 0xF0, 0x7F, 0xFF, 0xF0,
  0x7F, 0xFF, 0xE0, 0x7F, 0xFF, 0xE0, 0x7F, 0xFF, 0xE0, 0x7F, 0xFF, 0xC0,
  0x7F, 0xFF, 0xC0, 0x7F, 0xFF, 0xC0, 0x7F, 0xFF, 0x80, 0x7F, 0xFF, 0x80,
  0x7F, 0xFF, 0x80, 0xFF, 0xFF, 0x00, 0xFF, 0xFF, 0x00, 0xFF, 0xFF, 0x00,
  0xFF, 0xFE, 0x00, 0xFF, 0xFE, 0x00, 0xFF, 0xFE, 0x00, 0xFF, 0xFC, 0x00,
  0xFF, 0xFC, 0x00, 0xFF, 0xF8, 0x00, 0xFF, 0xF8, 0x00, 0xFF, 0xF8, 0x00,
  0xFF, 0xF0, 0x00, 0xFF, 0xF0, 0x00, 0xFF, 0xF0, 0x00, 0x7F, 0xE0, 0x00,
  0x3F, 0xC0, 0x00, 0x1F, 0x00, 0x00, 0x00, 0x00, 0x00, 0x00, 0x07, 0xE0,
  0x00, 0x00, 0x00, 0x00, 0x0F, 0xFC, 0x00, 0x00, 0x00, 0x00, 0x1F, 0xFF,
  0x00, 0x00, 0x00, 0x00, 0x3F, 0xFF, 0xC0, 0x00, 0x00, 0x00, 0x3F, 0xFF,
  0xE0, 0x00, 0x00, 0x00, 0x3F, 0xFF, 0xF8, 0x00, 0x00, 0x00, 0x7F, 0xFF,
  0xFC, 0x00, 0x00, 0x00, 0x7F, 0xFF, 0xFE, 0x00, 0x00, 0x00, 0x7F, 0xFF,
  0xFF, 0x80, 0x00, 0x00, 0xFF, 0xFF, 0xFF, 0x80, 0x00, 0x00, 0xFF, 0xFF,
  0xFF, 0xC0, 0x00, 0x00, 0xFF, 0xFF, 0xFF, 0xE0, 0x00, 0x00, 0xFF, 0xFF,
  0xFF, 0xF0, 0x00, 0x00, 0xFF, 0xFF, 0xFF, 0xF0, 0x00, 0x00, 0xFF, 0xFF,
  0xFF, 0xF0, 0x00, 0x00, 0xFF, 0xFF, 0xFF, 0xF0, 0x00, 0x00, 0xFF, 0xFF,
  0xFF, 0xF0, 0x00, 0x00, 0xFF, 0xFF, 0xFF, 0xF0, 0x00, 0x00, 0xFF, 0xFF,
  0xFF, 0xE0, 0x00, 0x00, 0xFF, 0xFF, 0xFF, 0xE0, 0x00, 0x00, 0x7F, 0xFF,
  0xFF, 0xE0, 0x00, 0x00, 0x7F, 0xFF, 0xFF, 0xE0, 0x00, 0x00, 0x7F, 0xFF,
  0xFF, 0xE0, 0x00, 0x00, 0x7F, 0xFF, 0xFF, 0xE0, 0x00, 0x00, 0x3F, 0xFF,
  0xFF, 0xE0, 0x00, 0x00, 0x3F, 0xFF, 0xFF, 0xE0, 0x00, 0x00, 0x3F, 0xFF,
  0xFF, 0xE0, 0x00, 0x00, 0x1F, 0xFF, 0xFF, 0xE0, 0x00, 0x00, 0x1F, 0xFF,
  0xFF, 0xE0, 0x00, 0x00, 0x0F, 0xFF, 0xFF, 0xF0, 0x00, 0x00, 0x0F, 0xFF,
  0xFF, 0xF0, 0x00, 0x00, 0x07, 0xFF, 0xFF, 0xF0, 0x00, 0x00, 0x07, 0xFF,
  0xFF, 0xF0, 0x00, 0x00, 0x03, 0xFF, 0xFF, 0xF8, 0x00, 0x00, 0x03, 0xFF,
  0xFF, 0xF8, 0x00, 0x00, 0x01, 0xFF, 0xFF, 0xFC, 0x00, 0x00, 0x00, 0xFF,
  0xFF, 0xFC, 0x00, 0x00, 0x00, 0xFF, 0xFF, 0xFE, 0x00, 0x00, 0x00, 0x7F,
  0xFF, 0xFE, 0x00, 0x00, 0x00, 0x3F, 0xFF, 0xFF, 0x00, 0x00, 0x00, 0x3F,
  0xFF, 0xFF, 0x00, 0x00, 0x00, 0x1F, 0xFF, 0xFF, 0x80, 0x00, 0x00, 0x0F,
  0xFF, 0xFF, 0xC0, 0x00, 0x00, 0x07, 0xFF, 0xFF, 0xC0, 0x00, 0x00, 0x07,
  0xFF, 0xFF, 0xE0, 0x00, 0x00, 0x03, 0xFF, 0xFF, 0xF0, 0x00, 0x00, 0x01,
  0xFF, 0xFF, 0xF0, 0x00, 0x00, 0x00, 0xFF, 0xFF, 0xF8, 0x00, 0x00, 0x00,
  0x7F, 0xFF, 0xFC, 0x00, 0x00, 0x00, 0x3F, 0xFF, 0xFE, 0x00, 0x00, 0x00,
  0x3F, 0xFF, 0xFF, 0x00, 0x00, 0x00, 0x1F, 0xFF, 0xFF, 0x00, 0x00, 0x00,
  0x0F, 0xFF, 0xFF, 0x80, 0x00, 0x00, 0x07, 0xFF, 0xFF, 0xC0, 0x00, 0x00,
  0x03, 0xFF, 0xFF, 0xE0, 0x00, 0x00, 0x01, 0xFF, 0xFF, 0xF0, 0x00, 0x00,
  0x00, 0xFF, 0xFF, 0xF8, 0x00, 0x00, 0x00, 0x7F, 0xFF, 0xFC, 0x00, 0x00,
  0x00, 0x3F, 0xFF, 0xFE, 0x00, 0x00, 0x00, 0x1F, 0xFF, 0xFF, 0x00, 0x00,
  0x00, 0x0F, 0xFF, 0xFF, 0x80, 0x00, 0x00, 0x07, 0xFF, 0xFF, 0xC0, 0x00,
  0x00, 0x03, 0xFF, 0xFF, 0xE0, 0x00, 0x00, 0x01, 0xFF, 0xFF, 0xF0, 0x00,
  0x00, 0x00, 0xFF, 0xFF, 0xF8, 0x00, 0x00, 0x00, 0x7F, 0xFF, 0xFC, 0x00,
  0x00, 0x00, 0x3F, 0xFF, 0xFE, 0x00, 0x00, 0x00, 0x1F, 0xFF, 0xFF, 0x00,
  0x00, 0x00, 0x0F, 0xFF, 0xFF, 0xC0, 0x00, 0x00, 0x03, 0xFF, 0xFF, 0xE0,
  0x00, 0x00, 0x01, 0xFF, 0xFF, 0xF0, 0x00, 0x00, 0x00, 0xFF, 0xFF, 0xF8,
  0x00, 0x00, 0x00, 0x7F, 0xFF, 0xFC, 0x00, 0x00, 0x00, 0x3F, 0xFF, 0xFF,
  0x00, 0x00, 0x00, 0x1F, 0xFF, 0xFF, 0x80, 0x00, 0x00, 0x07, 0xFF, 0xFF,
  0xC0, 0x00, 0x00, 0x03, 0xFF, 0xFF, 0xE0, 0x00, 0x00, 0x01, 0xFF, 0xFF,
  0xF8, 0x00, 0x00, 0x00, 0xFF, 0xFF, 0xFC, 0x00, 0x00, 0x00, 0x3F, 0xFF,
  0xFF, 0x00, 0x00, 0x00, 0x1F, 0xFF, 0xFF, 0x80, 0x00, 0x00, 0x0F, 0xFF,
  0xFF, 0xC0, 0x00, 0x00, 0x03, 0xFF, 0xFF, 0xF0, 0x00, 0x00, 0x01, 0xFF,
  0xFF, 0xFC, 0x00, 0x00, 0x00, 0xFF, 0xFF, 0xFE, 0x00, 0x00, 0x00, 0x3F,
  0xFF, 0xFF, 0x80, 0x00, 0x00, 0x1F, 0xFF, 0xFF, 0xC0, 0x00, 0x00, 0x07,
  0xFF, 0xFF, 0xF0, 0x00, 0x00, 0x03, 0xFF, 0xFF, 0xFC, 0x00, 0x00, 0x00,
  0xFF, 0xFF, 0xFE, 0x00, 0x00, 0x00, 0x7F, 0xFF, 0xFF, 0x80, 0x00, 0x00,
  0x1F, 0xFF, 0xFF, 0xE0, 0x00, 0x00, 0x0F, 0xFF, 0xFF, 0xF8, 0x00, 0x00,
  0x03, 0xFF, 0xFF, 0xFE, 0x00, 0x00, 0x00, 0xFF, 0xFF, 0xFF, 0x80, 0x00,
  0x00, 0x7F, 0xFF, 0xFF, 0xE0, 0x00, 0x00, 0x1F, 0xFF, 0xFF, 0xF8, 0x00,
  0x00, 0x07, 0xFF, 0xFF, 0xFE, 0x00, 0x00, 0x01, 0xFF, 0xFF, 0xFF, 0x80,
  0x00, 0x00, 0xFF, 0xFF, 0xFF, 0xE0, 0x00, 0x00, 0x3F, 0xFF, 0xFF, 0xF8,
  0x00, 0x00, 0x0F, 0xFF, 0xFF, 0xFF, 0x00, 0x00, 0x03, 0xFF, 0xFF, 0xFF,
  0xC0, 0x00, 0x00, 0xFF, 0xFF, 0xFF, 0xF0, 0x00, 0x00, 0x3F, 0xFF, 0xFF,
  0xFC, 0x00, 0x00, 0x0F, 0xFF, 0xFF, 0xFF, 0x00, 0x00, 0x03, 0xFF, 0xFF,
  0xFF, 0xC0, 0x00, 0x00, 0xFF, 0xFF, 0xFF, 0xE0, 0x00, 0x00, 0x3F, 0xFF,
  0xFF, 0xF0, 0x00, 0x00, 0x0F, 0xFF, 0xFF, 0xF8, 0x00, 0x00, 0x01, 0xFF,
  0xFF, 0xFC, 0x00, 0x00, 0x00, 0x7F, 0xFF, 0xFE, 0x00, 0x00, 0x00, 0x1F,
  0xFF, 0xFF, 0x00, 0x00, 0x00, 0x03, 0xFF, 0xFF, 0x80, 0x00, 0x00, 0x00,
  0xFF, 0xFF, 0x80, 0x00, 0x00, 0x00, 0x3F, 0xFF, 0xC0, 0x00, 0x00, 0x00,
  0x07, 0xFF, 0xC0, 0x00, 0x00, 0x00, 0x00, 0xFF, 0xC0, 0x00, 0x00, 0x00,
  0x00, 0x1F, 0x80, 0x03, 0xF0, 0x00, 0x00, 0x00, 0x00, 0x0F, 0xFC, 0x00,
  0x00, 0x00, 0x00, 0x1F, 0xFE, 0x00, 0x00, 0x00, 0x00, 0x3F, 0xFF, 0x80,
  0x00, 0x00, 0x00, 0x7F, 0xFF, 0xC0, 0x00, 0x00, 0x00, 0x7F, 0xFF, 0xF0,
  0x00, 0x00, 0x00, 0xFF, 0xFF, 0xF8, 0x00, 0x00, 0x00, 0xFF, 0xFF, 0xFC,
  0x00, 0x00, 0x00, 0xFF, 0xFF, 0xFF, 0x00, 0x00, 0x00, 0xFF, 0xFF, 0xFF,
  0x80, 0x00, 0x00, 0xFF, 0xFF, 0xFF, 0xC0, 0x00, 0x00, 0xFF, 0xFF, 0xFF,
  0xE0, 0x00, 0x00, 0x7F, 0xFF, 0xFF, 0xF0, 0x00, 0x00, 0x7F, 0xFF, 0xFF,
  0xF8, 0x00, 0x00, 0x3F, 0xFF, 0xFF, 0xFC, 0x00, 0x00, 0x1F, 0xFF, 0xFF,
  0xFE, 0x00, 0x00, 0x0F, 0xFF, 0xFF, 0xFF, 0x00, 0x00, 0x03, 0xFF, 0xFF,
  0xFF, 0x80, 0x00, 0x01, 0xFF, 0xFF, 0xFF, 0xC0, 0x00, 0x00, 0xFF, 0xFF,
  0xFF, 0xE0, 0x00, 0x00, 0x7F, 0xFF, 0xFF, 0xF0, 0x00, 0x00, 0x3F, 0xFF,
  0xFF, 0xF0, 0x00, 0x00, 0x1F, 0xFF, 0xFF, 0xF8, 0x00, 0x00, 0x0F, 0xFF,
  0xFF, 0xFC, 0x00, 0x00, 0x07, 0xFF, 0xFF, 0xFC, 0x00, 0x00, 0x03, 0xFF,
  0xFF, 0xFE, 0x00, 0x00, 0x01, 0xFF, 0xFF, 0xFF, 0x00, 0x00, 0x00, 0xFF,
  0xFF, 0xFF, 0x00, 0x00, 0x00, 0x7F, 0xFF, 0xFF, 0x80, 0x00, 0x00, 0x3F,
  0xFF, 0xFF, 0x80, 0x00, 0x00, 0x3F, 0xFF, 0xFF, 0xC0, 0x00, 0x00, 0x1F,
  0xFF, 0xFF, 0xC0, 0x00, 0x00, 0x0F, 0xFF, 0xFF, 0xE0, 0x00, 0x00, 0x0F,
  0xFF, 0xFF, 0xE0, 0x00, 0x00, 0x07, 0xFF, 0xFF, 0xF0, 0x00, 0x00, 0x07,
  0xFF, 0xFF, 0xF0, 0x00, 0x00, 0x03, 0xFF, 0xFF, 0xF0, 0x00, 0x00, 0x03,
  0xFF, 0xFF, 0xF8, 0x00, 0x00, 0x01, 0xFF, 0xFF, 0xF8, 0x00, 0x00, 0x01,
  0xFF, 0xFF, 0xF8, 0x00, 0x00, 0x00, 0xFF, 0xFF, 0xFC, 0x00, 0x00, 0x00,
  0xFF, 0xFF, 0xFC, 0x00, 0x00, 0x00, 0xFF, 0xFF, 0xFC, 0x00, 0x00, 0x00,
  0x7F, 0xFF, 0xFC, 0x00, 0x00, 0x00, 0x7F, 0xFF, 0xFE, 0x00, 0x00, 0x00,
  0x7F, 0xFF, 0xFE, 0x00, 0x00, 0x00, 0x3F, 0xFF, 0xFE, 0x00, 0x00, 0x00,
  0x3F, 0xFF, 0xFE, 0x00, 0x00, 0x00, 0x3F, 0xFF, 0xFE, 0x00, 0x00, 0x00,
  0x3F, 0xFF, 0xFE, 0x00, 0x00, 0x00, 0x3F, 0xFF, 0xFE, 0x00, 0x00, 0x00,
  0x3F, 0xFF, 0xFF, 0x00, 0x00, 0x00, 0x1F, 0xFF, 0xFF, 0x00, 0x00, 0x00,
  0x1F, 0xFF, 0xFF, 0x00, 0x00, 0x00, 0x1F, 0xFF, 0xFF, 0x00, 0x00, 0x00,
  0x1F, 0xFF, 0xFF, 0x00, 0x00, 0x00, 0x1F, 0xFF, 0xFF, 0x00, 0x00, 0x00,
  0x1F, 0xFF, 0xFF, 0x00, 0x00, 0x00, 0x1F, 0xFF, 0xFF, 0x00, 0x00, 0x00,
  0x1F, 0xFF, 0xFF, 0x00, 0x00, 0x00, 0x1F, 0xFF, 0xFF, 0x00, 0x00, 0x00,
  0x1F, 0xFF, 0xFF, 0x00, 0x00, 0x00, 0x1F, 0xFF, 0xFF, 0x00, 0x00, 0x00,
  0x1F, 0xFF, 0xFF, 0x00, 0x00, 0x00, 0x1F, 0xFF, 0xFF, 0x00, 0x00, 0x00,
  0x1F, 0xFF, 0xFF, 0x00, 0x00, 0x00, 0x1F, 0xFF, 0xFF, 0x00, 0x00, 0x00,
  0x3F, 0xFF, 0xFF, 0x00, 0x00, 0x00, 0x3F, 0xFF, 0xFE, 0x00, 0x00, 0x00,
  0x3F, 0xFF, 0xFE, 0x00, 0x00, 0x00, 0x3F, 0xFF, 0xFE, 0x00, 0x00, 0x00,
  0x3F, 0xFF, 0xFE, 0x00, 0x00, 0x00, 0x3F, 0xFF, 0xFE, 0x00, 0x00, 0x00,
  0x7F, 0xFF, 0xFE, 0x00, 0x00, 0x00, 0x7F, 0xFF, 0xFC, 0x00, 0x00, 0x00,
  0x7F, 0xFF, 0xFC, 0x00, 0x00, 0x00, 0xFF, 0xFF, 0xFC, 0x00, 0x00, 0x00,
  0xFF, 0xFF, 0xFC, 0x00, 0x00, 0x00, 0xFF, 0xFF, 0xFC, 0x00, 0x00, 0x01,
  0xFF, 0xFF, 0xF8, 0x00, 0x00, 0x01, 0xFF, 0xFF, 0xF8, 0x00, 0x00, 0x03,
  0xFF, 0xFF, 0xF8, 0x00, 0x00, 0x03, 0xFF, 0xFF, 0xF0, 0x00, 0x00, 0x07,
  0xFF, 0xFF, 0xF0, 0x00, 0x00, 0x07, 0xFF, 0xFF, 0xF0, 0x00, 0x00, 0x0F,
  0xFF, 0xFF, 0xE0, 0x00, 0x00, 0x0F, 0xFF, 0xFF, 0xE0, 0x00, 0x00, 0x1F,
  0xFF, 0xFF, 0xC0, 0x00, 0x00, 0x3F, 0xFF, 0xFF, 0xC0, 0x00, 0x00, 0x3F,
  0xFF, 0xFF, 0x80, 0x00, 0x00, 0x7F, 0xFF, 0xFF, 0x80, 0x00, 0x00, 0xFF,
  0xFF, 0xFF, 0x00, 0x00, 0x01, 0xFF, 0xFF, 0xFF, 0x00, 0x00, 0x03, 0xFF,
  0xFF, 0xFE, 0x00, 0x00, 0x07, 0xFF, 0xFF, 0xFC, 0x00, 0x00, 0x0F, 0xFF,
  0xFF, 0xFC, 0x00, 0x00, 0x1F, 0xFF, 0xFF, 0xF8, 0x00, 0x00, 0x3F, 0xFF,
  0xFF, 0xF0, 0x00, 0x00, 0x7F, 0xFF, 0xFF, 0xE0, 0x00, 0x00, 0xFF, 0xFF,
  0xFF, 0xE0, 0x00, 0x01, 0xFF, 0xFF, 0xFF, 0xC0, 0x00, 0x03, 0xFF, 0xFF,
  0xFF, 0x80, 0x00, 0x0F, 0xFF, 0xFF, 0xFF, 0x00, 0x00, 0x1F, 0xFF, 0xFF,
  0xFE, 0x00, 0x00, 0x3F, 0xFF, 0xFF, 0xFC, 0x00, 0x00, 0x7F, 0xFF, 0xFF,
  0xF8, 0x00, 0x00, 0x7F, 0xFF, 0xFF, 0xF0, 0x00, 0x00, 0xFF, 0xFF, 0xFF,
  0xE0, 0x00, 0x00, 0xFF, 0xFF, 0xFF, 0xC0, 0x00, 0x00, 0xFF, 0xFF, 0xFF,
  0x80, 0x00, 0x00, 0xFF, 0xFF, 0xFF, 0x00, 0x00, 0x00, 0xFF, 0xFF, 0xFC,
  0x00, 0x00, 0x00, 0xFF, 0xFF, 0xF8, 0x00, 0x00, 0x00, 0x7F, 0xFF, 0xF0,
  0x00, 0x00, 0x00, 0x7F, 0xFF, 0xC0, 0x00, 0x00, 0x00, 0x3F, 0xFF, 0x80,
  0x00, 0x00, 0x00, 0x1F, 0xFE, 0x00, 0x00, 0x00, 0x00, 0x0F, 0xFC, 0x00,
  0x00, 0x00, 0x00, 0x03, 0xF0, 0x00, 0x00, 0x00, 0x00, 0x00, 0x00, 0x0F,
  0x80, 0x00, 0x00, 0x00, 0x00, 0xFE, 0x00, 0x00, 0x00, 0x00, 0x0F, 0xF8,
  0x00, 0x00, 0x00, 0x00, 0x7F, 0xC0, 0x00, 0x00, 0x00, 0x07, 0xFF, 0x00,
  0x00, 0x00, 0x00, 0x3F, 0xF8, 0x00, 0x00, 0x00, 0x00, 0xFF, 0x80, 0x00,
  0x00, 0x00, 0x07, 0xFC, 0x00, 0x00, 0x1F, 0x00, 0x3F, 0xE0, 0x07, 0xC1,
  0xFC, 0x01, 0xFF, 0x00, 0x7F, 0x1F, 0xF0, 0x0F, 0xF8, 0x07, 0xFD, 0xFF,
  0xE0, 0x7F, 0xC0, 0xFF, 0xFF, 0xFF, 0x83, 0xFE, 0x0F, 0xFF, 0xFF, 0xFE,
  0x1F, 0xF0, 0xFF, 0xFF, 0xFF, 0xFC, 0x7F, 0x1F, 0xFF, 0xFF, 0xFF, 0xF3,
  0xF9, 0xFF, 0xFF, 0x7F, 0xFF, 0xDF, 0xDF, 0xFF, 0xF1, 0xFF, 0xFF, 0xFF,
  0xFF, 0xFF, 0x07, 0xFF, 0xFF, 0xFF, 0xFF, 0xF0, 0x07, 0xFF, 0xFF, 0xFF,
  0xFC, 0x00, 0x0F, 0xFF, 0xFF, 0xFF, 0x80, 0x00, 0x1F, 0xFF, 0xFF, 0xF0,
  0x00, 0x00, 0x1F, 0xFF, 0xFC, 0x00, 0x00, 0x00, 0x3F, 0xFF, 0x80, 0x00,
  0x00, 0x07, 0xFF, 0xFF, 0x00, 0x00, 0x01, 0xFF, 0xFF, 0xFF, 0x00, 0x00,
  0x3F, 0xFF, 0xFF, 0xFE, 0x00, 0x07, 0xFF, 0xFF, 0xFF, 0xFC, 0x01, 0xFF,
  0xFF, 0xFF, 0xFF, 0xFC, 0x1F, 0xFF, 0xFF, 0xFF, 0xFF, 0xF1, 0xFF, 0xFF,
  0x7F, 0x7F, 0xFF, 0xDF, 0xFF, 0xF3, 0xF9, 0xFF, 0xFF, 0xFF, 0xFF, 0x1F,
  0xC7, 0xFF, 0xFF, 0xFF, 0xE1, 0xFF, 0x0F, 0xFF, 0xFF, 0xFE, 0x0F, 0xF8,
  0x3F, 0xFF, 0xFF, 0xE0, 0x7F, 0xC0, 0xFF, 0xF7, 0xFE, 0x03, 0xFE, 0x03,
  0xFF, 0x1F, 0xC0, 0x1F, 0xF0, 0x07, 0xF0, 0x7C, 0x00, 0xFF, 0x80, 0x1F,
  0x00, 0x00, 0x07, 0xFC, 0x00, 0x00, 0x00, 0x00, 0x3F, 0xE0, 0x00, 0x00,
  0x00, 0x03, 0xFF, 0x80, 0x00, 0x00, 0x00, 0x1F, 0xFC, 0x00, 0x00, 0x00,
  0x00, 0xFF, 0xE0, 0x00, 0x00, 0x00, 0x03, 0xFE, 0x00, 0x00, 0x00, 0x00,
  0x1F, 0xF0, 0x00, 0x00, 0x00, 0x00, 0x7F, 0x00, 0x00, 0x00, 0x00, 0x01,
  0xF0, 0x00, 0x00, 0x00, 0x00, 0x00, 0x00, 0x7E, 0x00, 0x00, 0x00, 0x00,
  0x00, 0x00, 0x00, 0x00, 0xFF, 0xC0, 0x00, 0x00, 0x00, 0x00, 0x00, 0x00,
  0x01, 0xFF, 0xF8, 0x00, 0x00, 0x00, 0x00, 0x00, 0x00, 0x01, 0xFF, 0xFE,
  0x00, 0x00, 0x00, 0x00, 0x00, 0x00, 0x00, 0xFF, 0xFF, 0x00, 0x00, 0x00,
  0x00, 0x00, 0x00, 0x00, 0xFF, 0xFF, 0xC0, 0x00, 0x00, 0x00, 0x00, 0x00,
  0x00, 0x7F, 0xFF, 0xE0, 0x00, 0x00, 0x00, 0x00, 0x00, 0x00, 0x7F, 0xFF,
  0xF8, 0x00, 0x00, 0x00, 0x00, 0x00, 0x00, 0x3F, 0xFF, 0xFC, 0x00, 0x00,
  0x00, 0x00, 0x00, 0x00, 0x1F, 0xFF, 0xFE, 0x00, 0x00, 0x00, 0x00, 0x00,
  0x00, 0x0F, 0xFF, 0xFF, 0x00, 0x00, 0x00, 0x00, 0x00, 0x00, 0x07, 0xFF,
  0xFF, 0x80, 0x00, 0x00, 0x00, 0x00, 0x00, 0x03, 0xFF, 0xFF, 0xC0, 0x00,
  0x00, 0x00, 0x00, 0x00, 0x01, 0xFF, 0xFF, 0xE0, 0x00, 0x00, 0x00, 0x00,
  0x00, 0x00, 0xFF, 0xFF, 0xF0, 0x00, 0x00, 0x00, 0x00, 0x00, 0x00, 0x7F,
  0xFF, 0xF8, 0x00, 0x00, 0x00, 0x00, 0x00, 0x00, 0x3F, 0xFF, 0xFC, 0x00,
  0x00, 0x00, 0x00, 0x00, 0x00, 0x1F, 0xFF, 0xFE, 0x00, 0x00, 0x00, 0x00,
  0x00, 0x00, 0x0F, 0xFF, 0xFF, 0x00, 0x00, 0x00, 0x00, 0x00, 0x00, 0x07,
  0xFF, 0xFF, 0x80, 0x00, 0x00, 0x00, 0x00, 0x00, 0x03, 0xFF, 0xFF, 0xC0,
  0x00, 0x00, 0x00, 0x00, 0x00, 0x01, 0xFF, 0xFF, 0xE0, 0x00, 0x00, 0x00,
  0x00, 0x00, 0x00, 0xFF, 0xFF, 0xF0, 0x00, 0x00, 0x00, 0x00, 0x00, 0x00,
  0x7F, 0xFF, 0xF8, 0x00, 0x00, 0x00, 0x00, 0x00, 0x00, 0x3F, 0xFF, 0xFC,
  0x00, 0x00, 0x00, 0x00, 0x00, 0x00, 0x1F, 0xFF, 0xFE, 0x00, 0x00, 0x00,
  0x00, 0xFF, 0xFF, 0xFF, 0xFF, 0xFF, 0xFF, 0xFF, 0xF8, 0x01, 0xFF, 0xFF,
  0xFF, 0xFF, 0xFF, 0xFF, 0xFF, 0xFF, 0x01, 0xFF, 0xFF, 0xFF, 0xFF, 0xFF,
  0xFF, 0xFF, 0xFF, 0xC1, 0xFF, 0xFF, 0xFF, 0xFF, 0xFF, 0xFF, 0xFF, 0xFF,
  0xF1, 0xFF, 0xFF, 0xFF, 0xFF, 0xFF, 0xFF, 0xFF, 0xFF, 0xFC, 0xFF, 0xFF,
  0xFF, 0xFF, 0xFF, 0xFF, 0xFF, 0xFF, 0xFE, 0xFF, 0xFF, 0xFF, 0xFF, 0xFF,
  0xFF, 0xFF, 0xFF, 0xFF, 0xFF, 0xFF, 0xFF, 0xFF, 0xFF, 0xFF, 0xFF, 0xFF,
  0xFF, 0xFF, 0xFF, 0xFF, 0xFF, 0xFF, 0xFF, 0xFF, 0xFF, 0xFF, 0xFF, 0xFF,
  0xFF, 0xFF, 0xFF, 0xFF, 0xFF, 0xFF, 0xFF, 0xFF, 0xFF, 0xFF, 0xFF, 0xFF,
  0xFF, 0xFF, 0xFF, 0xFF, 0xFF, 0xFF, 0xFF, 0xFF, 0xFF, 0xFF, 0xFF, 0xFF,
  0xFF, 0xFD, 0xFF, 0xFF, 0xFF, 0xFF, 0xFF, 0xFF, 0xFF, 0xFF, 0xFC, 0xFF,
  0xFF, 0xFF, 0xFF, 0xFF, 0xFF, 0xFF, 0xFF, 0xFE, 0x3F, 0xFF, 0xFF, 0xFF,
  0xFF, 0xFF, 0xFF, 0xFF, 0xFE, 0x0F, 0xFF, 0xFF, 0xFF, 0xFF, 0xFF, 0xFF,
  0xFF, 0xFE, 0x03, 0xFF, 0xFF, 0xFF, 0xFF, 0xFF, 0xFF, 0xFF, 0xFE, 0x00,
  0x7F, 0xFF, 0xFF, 0xFF, 0xFF, 0xFF, 0xFF, 0xF8, 0x00, 0x00, 0x00, 0x03,
  0xFF, 0xFF, 0xC0, 0x00, 0x00, 0x00, 0x00, 0x00, 0x01, 0xFF, 0xFF, 0xE0,
  0x00, 0x00, 0x00, 0x00, 0x00, 0x00, 0xFF, 0xFF, 0xF0, 0x00, 0x00, 0x00,
  0x00, 0x00, 0x00, 0x7F, 0xFF, 0xF8, 0x00, 0x00, 0x00, 0x00, 0x00, 0x00,
  0x3F, 0xFF, 0xFC, 0x00, 0x00, 0x00, 0x00, 0x00, 0x00, 0x1F, 0xFF, 0xFE,
  0x00, 0x00, 0x00, 0x00, 0x00, 0x00, 0x0F, 0xFF, 0xFF, 0x00, 0x00, 0x00,
  0x00, 0x00, 0x00, 0x07, 0xFF, 0xFF, 0x80, 0x00, 0x00, 0x00, 0x00, 0x00,
  0x03, 0xFF, 0xFF, 0xC0, 0x00, 0x00, 0x00, 0x00, 0x00, 0x01, 0xFF, 0xFF,
  0xE0, 0x00, 0x00, 0x00, 0x00, 0x00, 0x00, 0xFF, 0xFF, 0xF0, 0x00, 0x00,
  0x00, 0x00, 0x00, 0x00, 0x7F, 0xFF, 0xF8, 0x00, 0x00, 0x00, 0x00, 0x00,
  0x00, 0x3F, 0xFF, 0xFC, 0x00, 0x00, 0x00, 0x00, 0x00, 0x00, 0x1F, 0xFF,
  0xFE, 0x00, 0x00, 0x00, 0x00, 0x00, 0x00, 0x0F, 0xFF, 0xFF, 0x00, 0x00,
  0x00, 0x00, 0x00, 0x00, 0x07, 0xFF, 0xFF, 0x80, 0x00, 0x00, 0x00, 0x00,
  0x00, 0x03, 0xFF, 0xFF, 0xC0, 0x00, 0x00, 0x00, 0x00, 0x00, 0x01, 0xFF,
  0xFF, 0xE0, 0x00, 0x00, 0x00, 0x00, 0x00, 0x00, 0xFF, 0xFF, 0xF0, 0x00,
  0x00, 0x00, 0x00, 0x00, 0x00, 0x7F, 0xFF, 0xF8, 0x00, 0x00, 0x00, 0x00,
  0x00, 0x00, 0x3F, 0xFF, 0xFC, 0x00, 0x00, 0x00, 0x00, 0x00, 0x00, 0x0F,
  0xFF, 0xFC, 0x00, 0x00, 0x00, 0x00, 0x00, 0x00, 0x07, 0xFF, 0xFE, 0x00,
  0x00, 0x00, 0x00, 0x00, 0x00, 0x01, 0xFF, 0xFE, 0x00, 0x00, 0x00, 0x00,
  0x00, 0x00, 0x00, 0x7F, 0xFE, 0x00, 0x00, 0x00, 0x00, 0x00, 0x00, 0x00,
  0x1F, 0xFE, 0x00, 0x00, 0x00, 0x00, 0x00, 0x00, 0x00, 0x07, 0xFE, 0x00,
  0x00, 0x00, 0x00, 0x00, 0x00, 0x00, 0x00, 0xFC, 0x00, 0x00, 0x00, 0x00,
  0x00, 0x00, 0x80, 0x00, 0x00, 0xFF, 0xE0, 0x00, 0x0F, 0xFF, 0x80, 0x01,
  0xFF, 0xFF, 0x00, 0x0F, 0xFF, 0xFC, 0x00, 0xFF, 0xFF, 0xE0, 0x0F, 0xFF,
  0xFF, 0x80, 0x7F, 0xFF, 0xFC, 0x07, 0xFF, 0xFF, 0xF0, 0x3F, 0xFF, 0xFF,
  0x81, 0xFF, 0xFF, 0xFC, 0x0F, 0xFF, 0xFF, 0xF0, 0x7F, 0xFF, 0xFF, 0x83,
  0xFF, 0xFF, 0xFC, 0x1F, 0xFF, 0xFF, 0xE0, 0xFF, 0xFF, 0xFF, 0x03, 0xFF,
  0xFF, 0xF8, 0x1F, 0xFF, 0xFF, 0xC0, 0x7F, 0xFF, 0xFE, 0x01, 0xFF, 0xFF,
  0xF0, 0x07, 0xFF, 0xFF, 0x80, 0x1F, 0xFF, 0xFC, 0x00, 0x7F, 0xFF, 0xE0,
  0x00, 0xFF, 0xFF, 0x00, 0x01, 0xFF, 0xF0, 0x00, 0x0F, 0xFF, 0x80, 0x00,
  0x7F, 0xFC, 0x00, 0x03, 0xFF, 0xE0, 0x00, 0x3F, 0xFE, 0x00, 0x01, 0xFF,
  0xF0, 0x00, 0x1F, 0xFF, 0x80, 0x00, 0xFF, 0xF8, 0x00, 0x0F, 0xFF, 0xC0,
  0x00, 0xFF, 0xFC, 0x00, 0x0F, 0xFF, 0xE0, 0x00, 0xFF, 0xFE, 0x00, 0x1F,
  0xFF, 0xF0, 0x07, 0xFF, 0xFF, 0x00, 0xFF, 0xFF, 0xF0, 0x0F, 0xFF, 0xFF,
  0x00, 0xFF, 0xFF, 0xF0, 0x07, 0xFF, 0xFF, 0x00, 0x3F, 0xFF, 0xF0, 0x01,
  0xFF, 0xFF, 0x00, 0x0F, 0xFF, 0xE0, 0x00, 0x3F, 0xFC, 0x00, 0x00, 0x7E,
  0x00, 0x00, 0x00, 0x01, 0xFF, 0xFF, 0xFF, 0xFC, 0x00, 0x3F, 0xFF, 0xFF,
  0xFF, 0xF8, 0x07, 0xFF, 0xFF, 0xFF, 0xFF, 0xF0, 0x7F, 0xFF, 0xFF, 0xFF,
  0xFF, 0xC3, 0xFF, 0xFF, 0xFF, 0xFF, 0xFE, 0x3F, 0xFF, 0xFF, 0xFF, 0xFF,
  0xF9, 0xFF, 0xFF, 0xFF, 0xFF, 0xFF, 0xDF, 0xFF, 0xFF, 0xFF, 0xFF, 0xFF,
  0xFF, 0xFF, 0xFF, 0xFF, 0xFF, 0xFF, 0xFF, 0xFF, 0xFF, 0xFF, 0xFF, 0xFF,
  0xFF, 0xFF, 0xFF, 0xFF, 0xFF, 0xFF, 0xFF, 0xFF, 0xFF, 0xFF, 0xFF, 0xFF,
  0xFF, 0xFF, 0xFF, 0xFF, 0xBF, 0xFF, 0xFF, 0xFF, 0xFF, 0xF9, 0xFF, 0xFF,
  0xFF, 0xFF, 0xFF, 0xC7, 0xFF, 0xFF, 0xFF, 0xFF, 0xFC, 0x3F, 0xFF, 0xFF,
  0xFF, 0xFF, 0xC0, 0xFF, 0xFF, 0xFF, 0xFF, 0xFC, 0x01, 0xFF, 0xFF, 0xFF,
  0xFF, 0xC0, 0x03, 0xFF, 0xFF, 0xFF, 0xF8, 0x00, 0x00, 0x7F, 0x00, 0x01,
  0xFF, 0xF0, 0x01, 0xFF, 0xFC, 0x03, 0xFF, 0xFF, 0x81, 0xFF, 0xFF, 0xC1,
  0xFF, 0xFF, 0xF1, 0xFF, 0xFF, 0xFC, 0xFF, 0xFF, 0xFE, 0xFF, 0xFF, 0xFF,
  0xFF, 0xFF, 0xFF, 0xFF, 0xFF, 0xFF, 0xFF, 0xFF, 0xFF, 0xFF, 0xFF, 0xFF,
  0xFF, 0xFF, 0xFF, 0xFF, 0xFF, 0xFF, 0xFF, 0xFF, 0xFF, 0xFF, 0x7F, 0xFF,
  0xFF, 0x3F, 0xFF, 0xFF, 0x8F, 0xFF, 0xFF, 0x87, 0xFF, 0xFF, 0xC1, 0xFF,
  0xFF, 0xC0, 0x3F, 0xFF, 0x80, 0x0F, 0xFF, 0x80, 0x00, 0xFE, 0x00, 0x00,
  0x00, 0x00, 0x00, 0x00, 0x00, 0x00, 0x07, 0xE0, 0x00, 0x00, 0x00, 0x00,
  0x00, 0x00, 0x00, 0x1F, 0xF0, 0x00, 0x00, 0x00, 0x00, 0x00, 0x00, 0x00,
  0x3F, 0xFC, 0x00, 0x00, 0x00, 0x00, 0x00, 0x00, 0x00, 0x7F, 0xFC, 0x00,
  0x00, 0x00, 0x00, 0x00, 0x00, 0x00, 0xFF, 0xFE, 0x00, 0x00, 0x00, 0x00,
  0x00, 0x00, 0x00, 0xFF, 0xFF, 0x00, 0x00, 0x00, 0x00, 0x00, 0x00, 0x01,
  0xFF, 0xFF, 0x00, 0x00, 0x00, 0x00, 0x00, 0x00, 0x01, 0xFF, 0xFF, 0x00,
  0x00, 0x00, 0x00, 0x00, 0x00, 0x03, 0xFF, 0xFF, 0x00, 0x00, 0x00, 0x00,
  0x00, 0x00, 0x03, 0xFF, 0xFF, 0x00, 0x00, 0x00, 0x00, 0x00, 0x00, 0x03,
  0xFF, 0xFF, 0x00, 0x00, 0x00, 0x00, 0x00, 0x00, 0x07, 0xFF, 0xFE, 0x00,
  0x00, 0x00, 0x00, 0x00, 0x00, 0x07, 0xFF, 0xFE, 0x00, 0x00, 0x00, 0x00,
  0x00, 0x00, 0x0F, 0xFF, 0xFC, 0x00, 0x00, 0x00, 0x00, 0x00, 0x00, 0x0F,
  0xFF, 0xFC, 0x00, 0x00, 0x00, 0x00, 0x00, 0x00, 0x1F, 0xFF, 0xF8, 0x00,
  0x00, 0x00, 0x00, 0x00, 0x00, 0x1F, 0xFF, 0xF8, 0x00, 0x00, 0x00, 0x00,
  0x00, 0x00, 0x3F, 0xFF, 0xF0, 0x00, 0x00, 0x00, 0x00, 0x00, 0x00, 0x3F,
  0xFF, 0xF0, 0x00, 0x00, 0x00, 0x00, 0x00, 0x00, 0x7F, 0xFF, 0xF0, 0x00,
  0x00, 0x00, 0x00, 0x00, 0x00, 0x7F, 0xFF, 0xE0, 0x00, 0x00, 0x00, 0x00,
  0x00, 0x00, 0xFF, 0xFF, 0xE0, 0x00, 0x00, 0x00, 0x00, 0x00, 0x00, 0xFF,
  0xFF, 0xC0, 0x00, 0x00, 0x00, 0x00, 0x00, 0x01, 0xFF, 0xFF, 0xC0, 0x00,
  0x00, 0x00, 0x00, 0x00, 0x01, 0xFF, 0xFF, 0x80, 0x00, 0x00, 0x00, 0x00,
  0x00, 0x03, 0xFF, 0xFF, 0x80, 0x00, 0x00, 0x00, 0x00, 0x00, 0x03, 0xFF,
  0xFF, 0x00, 0x00, 0x00, 0x00, 0x00, 0x00, 0x07, 0xFF, 0xFF, 0x00, 0x00,
  0x00, 0x00, 0x00, 0x00, 0x07, 0xFF, 0xFE, 0x00, 0x00, 0x00, 0x00, 0x00,
  0x00, 0x0F, 0xFF, 0xFE, 0x00, 0x00, 0x00, 0x00, 0x00, 0x00, 0x0F, 0xFF,
  0xFC, 0x00, 0x00, 0x00, 0x00, 0x00, 0x00, 0x0F, 0xFF, 0xFC, 0x00, 0x00,
  0x00, 0x00, 0x00, 0x00, 0x1F, 0xFF, 0xF8, 0x00, 0x00, 0x00, 0x00, 0x00,
  0x00, 0x1F, 0xFF, 0xF8, 0x00, 0x00, 0x00, 0x00, 0x00, 0x00, 0x3F, 0xFF,
  0xF0, 0x00, 0x00, 0x00, 0x00, 0x00, 0x00, 0x3F, 0xFF, 0xF0, 0x00, 0x00,
  0x00, 0x00, 0x00, 0x00, 0x7F, 0xFF, 0xE0, 0x00, 0x00, 0x00, 0x00, 0x00,
  0x00, 0x7F, 0xFF, 0xE0, 0x00, 0x00, 0x00, 0x00, 0x00, 0x00, 0xFF, 0xFF,
  0xC0, 0x00, 0x00, 0x00, 0x00, 0x00, 0x00, 0xFF, 0xFF, 0xC0, 0x00, 0x00,
  0x00, 0x00, 0x00, 0x01, 0xFF, 0xFF, 0xC0, 0x00, 0x00, 0x00, 0x00, 0x00,
  0x01, 0xFF, 0xFF, 0x80, 0x00, 0x00, 0x00, 0x00, 0x00, 0x03, 0xFF, 0xFF,
  0x80, 0x00, 0x00, 0x00, 0x00, 0x00, 0x03, 0xFF, 0xFF, 0x00, 0x00, 0x00,
  0x00, 0x00, 0x00, 0x07, 0xFF, 0xFF, 0x00, 0x00, 0x00, 0x00, 0x00, 0x00,
  0x07, 0xFF, 0xFE, 0x00, 0x00, 0x00, 0x00, 0x00, 0x00, 0x0F, 0xFF, 0xFE,
  0x00, 0x00, 0x00, 0x00, 0x00, 0x00, 0x0F, 0xFF, 0xFC, 0x00, 0x00, 0x00,
  0x00, 0x00, 0x00, 0x1F, 0xFF, 0xFC, 0x00, 0x00, 0x00, 0x00, 0x00, 0x00,
  0x1F, 0xFF, 0xF8, 0x00, 0x00, 0x00, 0x00, 0x00, 0x00, 0x3F, 0xFF, 0xF8,
  0x00, 0x00, 0x00, 0x00, 0x00, 0x00, 0x3F, 0xFF, 0xF0, 0x00, 0x00, 0x00,
  0x00, 0x00, 0x00, 0x3F, 0xFF, 0xF0, 0x00, 0x00, 0x00, 0x00, 0x00, 0x00,
  0x7F, 0xFF, 0xE0, 0x00, 0x00, 0x00, 0x00, 0x00, 0x00, 0x7F, 0xFF, 0xE0,
  0x00, 0x00, 0x00, 0x00, 0x00, 0x00, 0xFF, 0xFF, 0xC0, 0x00, 0x00, 0x00,
  0x00, 0x00, 0x00, 0xFF, 0xFF, 0xC0, 0x00, 0x00, 0x00, 0x00, 0x00, 0x01,
  0xFF, 0xFF, 0x80, 0x00, 0x00, 0x00, 0x00, 0x00, 0x01, 0xFF, 0xFF, 0x80,
  0x00, 0x00, 0x00, 0x00, 0x00, 0x03, 0xFF, 0xFF, 0x80, 0x00, 0x00, 0x00,
  0x00, 0x00, 0x03, 0xFF, 0xFF, 0x00, 0x00, 0x00, 0x00, 0x00, 0x00, 0x07,
  0xFF, 0xFF, 0x00, 0x00, 0x00, 0x00, 0x00, 0x00, 0x07, 0xFF, 0xFE, 0x00,
  0x00, 0x00, 0x00, 0x00, 0x00, 0x0F, 0xFF, 0xFE, 0x00, 0x00, 0x00, 0x00,
  0x00, 0x00, 0x0F, 0xFF, 0xFC, 0x00, 0x00, 0x00, 0x00, 0x00, 0x00, 0x1F,
  0xFF, 0xFC, 0x00, 0x00, 0x00, 0x00, 0x00, 0x00, 0x1F, 0xFF, 0xF8, 0x00,
  0x00, 0x00, 0x00, 0x00, 0x00, 0x3F, 0xFF, 0xF8, 0x00, 0x00, 0x00, 0x00,
  0x00, 0x00, 0x3F, 0xFF, 0xF0, 0x00, 0x00, 0x00, 0x00, 0x00, 0x00, 0x7F,
  0xFF, 0xF0, 0x00, 0x00, 0x00, 0x00, 0x00, 0x00, 0x7F, 0xFF, 0xE0, 0x00,
  0x00, 0x00, 0x00, 0x00, 0x00, 0xFF, 0xFF, 0xE0, 0x00, 0x00, 0x00, 0x00,
  0x00, 0x00, 0xFF, 0xFF, 0xC0, 0x00, 0x00, 0x00, 0x00, 0x00, 0x01, 0xFF,
  0xFF, 0xC0, 0x00, 0x00, 0x00, 0x00, 0x00, 0x01, 0xFF, 0xFF, 0x80, 0x00,
  0x00, 0x00, 0x00, 0x00, 0x01, 0xFF, 0xFF, 0x80, 0x00, 0x00, 0x00, 0x00,
  0x00, 0x03, 0xFF, 0xFF, 0x00, 0x00, 0x00, 0x00, 0x00, 0x00, 0x03, 0xFF,
  0xFF, 0x00, 0x00, 0x00, 0x00, 0x00, 0x00, 0x07, 0xFF, 0xFE, 0x00, 0x00,
  0x00, 0x00, 0x00, 0x00, 0x07, 0xFF, 0xFE, 0x00, 0x00, 0x00, 0x00, 0x00,
  0x00, 0x0F, 0xFF, 0xFE, 0x00, 0x00, 0x00, 0x00, 0x00, 0x00, 0x0F, 0xFF,
  0xFC, 0x00, 0x00, 0x00, 0x00, 0x00, 0x00, 0x1F, 0xFF, 0xFC, 0x00, 0x00,
  0x00, 0x00, 0x00, 0x00, 0x1F, 0xFF, 0xF8, 0x00, 0x00, 0x00, 0x00, 0x00,
  0x00, 0x3F, 0xFF, 0xF8, 0x00, 0x00, 0x00, 0x00, 0x00, 0x00, 0x3F, 0xFF,
  0xF0, 0x00, 0x00, 0x00, 0x00, 0x00, 0x00, 0x7F, 0xFF, 0xF0, 0x00, 0x00,
  0x00, 0x00, 0x00, 0x00, 0x7F, 0xFF, 0xE0, 0x00, 0x00, 0x00, 0x00, 0x00,
  0x00, 0xFF, 0xFF, 0xE0, 0x00, 0x00, 0x00, 0x00, 0x00, 0x00, 0xFF, 0xFF,
  0xC0, 0x00, 0x00, 0x00, 0x00, 0x00, 0x01, 0xFF, 0xFF, 0xC0, 0x00, 0x00,
  0x00, 0x00, 0x00, 0x01, 0xFF, 0xFF, 0x80, 0x00, 0x00, 0x00, 0x00, 0x00,
  0x03, 0xFF, 0xFF, 0x80, 0x00, 0x00, 0x00, 0x00, 0x00, 0x03, 0xFF, 0xFF,
  0x00, 0x00, 0x00, 0x00, 0x00, 0x00, 0x07, 0xFF, 0xFF, 0x00, 0x00, 0x00,
  0x00, 0x00, 0x00, 0x07, 0xFF, 0xFE, 0x00, 0x00, 0x00, 0x00, 0x00, 0x00,
  0x07, 0xFF, 0xFE, 0x00, 0x00, 0x00, 0x00, 0x00, 0x00, 0x0F, 0xFF, 0xFC,
  0x00, 0x00, 0x00, 0x00, 0x00, 0x00, 0x0F, 0xFF, 0xFC, 0x00, 0x00, 0x00,
  0x00, 0x00, 0x00, 0x1F, 0xFF, 0xF8, 0x00, 0x00, 0x00, 0x00, 0x00, 0x00,
  0x1F, 0xFF, 0xF8, 0x00, 0x00, 0x00, 0x00, 0x00, 0x00, 0x3F, 0xFF, 0xF8,
  0x00, 0x00, 0x00, 0x00, 0x00, 0x00, 0x3F, 0xFF, 0xF0, 0x00, 0x00, 0x00,
  0x00, 0x00, 0x00, 0x7F, 0xFF, 0xF0, 0x00, 0x00, 0x00, 0x00, 0x00, 0x00,
  0x7F, 0xFF, 0xE0, 0x00, 0x00, 0x00, 0x00, 0x00, 0x00, 0xFF, 0xFF, 0xE0,
  0x00, 0x00, 0x00, 0x00, 0x00, 0x00, 0xFF, 0xFF, 0xC0, 0x00, 0x00, 0x00,
  0x00, 0x00, 0x01, 0xFF, 0xFF, 0xC0, 0x00, 0x00, 0x00, 0x00, 0x00, 0x01,
  0xFF, 0xFF, 0x80, 0x00, 0x00, 0x00, 0x00, 0x00, 0x03, 0xFF, 0xFF, 0x80,
  0x00, 0x00, 0x00, 0x00, 0x00, 0x03, 0xFF, 0xFF, 0x00, 0x00, 0x00, 0x00,
  0x00, 0x00, 0x07, 0xFF, 0xFF, 0x00, 0x00, 0x00, 0x00, 0x00, 0x00, 0x07,
  0xFF, 0xFE, 0x00, 0x00, 0x00, 0x00, 0x00, 0x00, 0x0F, 0xFF, 0xFE, 0x00,
  0x00, 0x00, 0x00, 0x00, 0x00, 0x0F, 0xFF, 0xFC, 0x00, 0x00, 0x00, 0x00,
  0x00, 0x00, 0x1F, 0xFF, 0xFC, 0x00, 0x00, 0x00, 0x00, 0x00, 0x00, 0x1F,
  0xFF, 0xF8, 0x00, 0x00, 0x00, 0x00, 0x00, 0x00, 0x1F, 0xFF, 0xF8, 0x00,
  0x00, 0x00, 0x00, 0x00, 0x00, 0x3F, 0xFF, 0xF0, 0x00, 0x00, 0x00, 0x00,
  0x00, 0x00, 0x3F, 0xFF, 0xF0, 0x00, 0x00, 0x00, 0x00, 0x00, 0x00, 0x7F,
  0xFF, 0xE0, 0x00, 0x00, 0x00, 0x00, 0x00, 0x00, 0x7F, 0xFF, 0xE0, 0x00,
  0x00, 0x00, 0x00, 0x00, 0x00, 0xFF, 0xFF, 0xE0, 0x00, 0x00, 0x00, 0x00,
  0x00, 0x00, 0xFF, 0xFF, 0xC0, 0x00, 0x00, 0x00, 0x00, 0x00, 0x00, 0xFF,
  0xFF, 0xC0, 0x00, 0x00, 0x00, 0x00, 0x00, 0x00, 0xFF, 0xFF, 0x80, 0x00,
  0x00, 0x00, 0x00, 0x00, 0x00, 0xFF, 0xFF, 0x80, 0x00, 0x00, 0x00, 0x00,
  0x00, 0x00, 0xFF, 0xFF, 0x00, 0x00, 0x00, 0x00, 0x00, 0x00, 0x00, 0x7F,
  0xFF, 0x00, 0x00, 0x00, 0x00, 0x00, 0x00, 0x00, 0x7F, 0xFE, 0x00, 0x00,
  0x00, 0x00, 0x00, 0x00, 0x00, 0x3F, 0xFC, 0x00, 0x00, 0x00, 0x00, 0x00,
  0x00, 0x00, 0x1F, 0xF8, 0x00, 0x00, 0x00, 0x00, 0x00, 0x00, 0x00, 0x07,
  0xE0, 0x00, 0x00, 0x00, 0x00, 0x00, 0x00, 0x00, 0x00, 0x00, 0x00, 0x00,
  0x07, 0xFF, 0xE0, 0x00, 0x00, 0x00, 0x00, 0x00, 0x00, 0x00, 0x00, 0x7F,
  0xFF, 0xFF, 0x00, 0x00, 0x00, 0x00, 0x00, 0x00, 0x00, 0x07, 0xFF, 0xFF,
  0xFF, 0xE0, 0x00, 0x00, 0x00, 0x00, 0x00, 0x00, 0x1F, 0xFF, 0xFF, 0xFF,
  0xF8, 0x00, 0x00, 0x00, 0x00, 0x00, 0x00, 0x7F, 0xFF, 0xFF, 0xFF, 0xFF,
  0x00, 0x00, 0x00, 0x00, 0x00, 0x01, 0xFF, 0xFF, 0xFF, 0xFF, 0xFF, 0x80,
  0x00, 0x00, 0x00, 0x00, 0x07, 0xFF, 0xFF, 0xFF, 0xFF, 0xFF, 0xE0, 0x00,
  0x00, 0x00, 0x00, 0x0F, 0xFF, 0xFF, 0xFF, 0xFF, 0xFF, 0xF0, 0x00, 0x00,
  0x00, 0x00, 0x1F, 0xFF, 0xFF, 0xFF, 0xFF, 0xFF, 0xFC, 0x00, 0x00, 0x00,
  0x00, 0x7F, 0xFF, 0xFF, 0xFF, 0xFF, 0xFF, 0xFE, 0x00, 0x00, 0x00, 0x00,
  0xFF, 0xFF, 0xFF, 0xFF, 0xFF, 0xFF, 0xFF, 0x00, 0x00, 0x00, 0x01, 0xFF,
  0xFF, 0xFF, 0xFF, 0xFF, 0xFF, 0xFF, 0x80, 0x00, 0x00, 0x03, 0xFF, 0xFF,
  0xFF, 0xFF, 0xFF, 0xFF, 0xFF, 0xC0, 0x00, 0x00, 0x07, 0xFF, 0xFF, 0xFF,
  0xFF, 0xFF, 0xFF, 0xFF, 0xE0, 0x00, 0x00, 0x0F, 0xFF, 0xFF, 0xFF, 0xFF,
  0xFF, 0xFF, 0xFF, 0xF0, 0x00, 0x00, 0x1F, 0xFF, 0xFF, 0xFF, 0xFF, 0xFF,
  0xFF, 0xFF, 0xF8, 0x00, 0x00, 0x1F, 0xFF, 0xFF, 0xFF, 0xFF, 0xFF, 0xFF,
  0xFF, 0xFC, 0x00, 0x00, 0x3F, 0xFF, 0xFF, 0xFF, 0xFF, 0xFF, 0xFF, 0xFF,
  0xFC, 0x00, 0x00, 0x7F, 0xFF, 0xFF, 0xFE, 0x00, 0xFF, 0xFF, 0xFF, 0xFE,
  0x00, 0x00, 0xFF, 0xFF, 0xFF, 0xF0, 0x00, 0x1F, 0xFF, 0xFF, 0xFF, 0x00,
  0x00, 0xFF, 0xFF, 0xFF, 0xE0, 0x00, 0x07, 0xFF, 0xFF, 0xFF, 0x00, 0x01,
  0xFF, 0xFF, 0xFF, 0x80, 0x00, 0x03, 0xFF, 0xFF, 0xFF, 0x80, 0x01, 0xFF,
  0xFF, 0xFF, 0x00, 0x00, 0x00, 0xFF, 0xFF, 0xFF, 0x80, 0x03, 0xFF, 0xFF,
  0xFE, 0x00, 0x00, 0x00, 0x7F, 0xFF, 0xFF, 0xC0, 0x03, 0xFF, 0xFF, 0xFC,
  0x00, 0x00, 0x00, 0x3F, 0xFF, 0xFF, 0xE0, 0x07, 0xFF, 0xFF, 0xF8, 0x00,
  0x00, 0x00, 0x1F, 0xFF, 0xFF, 0xE0, 0x07, 0xFF, 0xFF, 0xF0, 0x00, 0x00,
  0x00, 0x1F, 0xFF, 0xFF, 0xE0, 0x0F, 0xFF, 0xFF, 0xF0, 0x00, 0x00, 0x00,
  0x0F, 0xFF, 0xFF, 0xF0, 0x0F, 0xFF, 0xFF, 0xE0, 0x00, 0x00, 0x00, 0x07,
  0xFF, 0xFF, 0xF0, 0x1F, 0xFF, 0xFF, 0xE0, 0x00, 0x00, 0x00, 0x07, 0xFF,
  0xFF, 0xF8, 0x1F, 0xFF, 0xFF, 0xC0, 0x00, 0x00, 0x00, 0x03, 0xFF, 0xFF,
  0xF8, 0x1F, 0xFF, 0xFF, 0xC0, 0x00, 0x00, 0x00, 0x03, 0xFF, 0xFF, 0xF8,
  0x1F, 0xFF, 0xFF, 0x80, 0x00, 0x00, 0x00, 0x01, 0xFF, 0xFF, 0xFC, 0x3F,
  0xFF, 0xFF, 0x80, 0x00, 0x00, 0x00, 0x01, 0xFF, 0xFF, 0xFC, 0x3F, 0xFF,
  0xFF, 0x00, 0x00, 0x00, 0x00, 0x01, 0xFF, 0xFF, 0xFC, 0x3F, 0xFF, 0xFF,
  0x00, 0x00, 0x00, 0x00, 0x00, 0xFF, 0xFF, 0xFC, 0x7F, 0xFF, 0xFF, 0x00,
  0x00, 0x00, 0x00, 0x00, 0xFF, 0xFF, 0xFE, 0x7F, 0xFF, 0xFE, 0x00, 0x00,
  0x00, 0x00, 0x00, 0xFF, 0xFF, 0xFE, 0x7F, 0xFF, 0xFE, 0x00, 0x00, 0x00,
  0x00, 0x00, 0x7F, 0xFF, 0xFE, 0x7F, 0xFF, 0xFE, 0x00, 0x00, 0x00, 0x00,
  0x00, 0x7F, 0xFF, 0xFE, 0x7F, 0xFF, 0xFE, 0x00, 0x00, 0x00, 0x00, 0x00,
  0x7F, 0xFF, 0xFE, 0x7F, 0xFF, 0xFE, 0x00, 0x00, 0x00, 0x00, 0x00, 0x7F,
  0xFF, 0xFE, 0xFF, 0xFF, 0xFC, 0x00, 0x00, 0x00, 0x00, 0x00, 0x7F, 0xFF,
  0xFF, 0xFF, 0xFF, 0xFC, 0x00, 0x00, 0x00, 0x00, 0x00, 0x3F, 0xFF, 0xFF,
  0xFF, 0xFF, 0xFC, 0x00, 0x00, 0x00, 0x00, 0x00, 0x3F, 0xFF, 0xFF, 0xFF,
  0xFF, 0xFC, 0x00, 0x00, 0x00, 0x00, 0x00, 0x3F, 0xFF, 0xFF, 0xFF, 0xFF,
  0xFC, 0x00, 0x00, 0x00, 0x00, 0x00, 0x3F, 0xFF, 0xFF, 0xFF, 0xFF, 0xFC,
  0x00, 0x00, 0x00, 0x00, 0x00, 0x3F, 0xFF, 0xFF, 0xFF, 0xFF, 0xFC, 0x00,
  0x00, 0x00, 0x00, 0x00, 0x3F, 0xFF, 0xFF, 0xFF, 0xFF, 0xFC, 0x00, 0x00,
  0x00, 0x00, 0x00, 0x3F, 0xFF, 0xFF, 0xFF, 0xFF, 0xFC, 0x00, 0x00, 0x00,
  0x00, 0x00, 0x3F, 0xFF, 0xFF, 0xFF, 0xFF, 0xFC, 0x00, 0x00, 0x00, 0x00,
  0x00, 0x3F, 0xFF, 0xFF, 0xFF, 0xFF, 0xFC, 0x00, 0x00, 0x00, 0x00, 0x00,
  0x3F, 0xFF, 0xFF, 0xFF, 0xFF, 0xFC, 0x00, 0x00, 0x00, 0x00, 0x00, 0x3F,
  0xFF, 0xFF, 0xFF, 0xFF, 0xFC, 0x00, 0x00, 0x00, 0x00, 0x00, 0x3F, 0xFF,
  0xFF, 0xFF, 0xFF, 0xFC, 0x00, 0x00, 0x00, 0x00, 0x00, 0x3F, 0xFF, 0xFF,
  0xFF, 0xFF, 0xFC, 0x00, 0x00, 0x00, 0x00, 0x00, 0x3F, 0xFF, 0xFF, 0xFF,
  0xFF, 0xFC, 0x00, 0x00, 0x00, 0x00, 0x00, 0x3F, 0xFF, 0xFF, 0xFF, 0xFF,
  0xFE, 0x00, 0x00, 0x00, 0x00, 0x00, 0x7F, 0xFF, 0xFF, 0xFF, 0xFF, 0xFE,
  0x00, 0x00, 0x00, 0x00, 0x00, 0x7F, 0xFF, 0xFE, 0x7F, 0xFF, 0xFE, 0x00,
  0x00, 0x00, 0x00, 0x00, 0x7F, 0xFF, 0xFE, 0x7F, 0xFF, 0xFE, 0x00, 0x00,
  0x00, 0x00, 0x00, 0x7F, 0xFF, 0xFE, 0x7F, 0xFF, 0xFE, 0x00, 0x00, 0x00,
  0x00, 0x00, 0x7F, 0xFF, 0xFE, 0x7F, 0xFF, 0xFF, 0x00, 0x00, 0x00, 0x00,
  0x00, 0x7F, 0xFF, 0xFE, 0x7F, 0xFF, 0xFF, 0x00, 0x00, 0x00, 0x00, 0x00,
  0xFF, 0xFF, 0xFC, 0x3F, 0xFF, 0xFF, 0x00, 0x00, 0x00, 0x00, 0x00, 0xFF,
  0xFF, 0xFC, 0x3F, 0xFF, 0xFF, 0x00, 0x00, 0x00, 0x00, 0x00, 0xFF, 0xFF,
  0xFC, 0x3F, 0xFF, 0xFF, 0x80, 0x00, 0x00, 0x00, 0x01, 0xFF, 0xFF, 0xFC,
  0x3F, 0xFF, 0xFF, 0x80, 0x00, 0x00, 0x00, 0x01, 0xFF, 0xFF, 0xF8, 0x1F,
  0xFF, 0xFF, 0xC0, 0x00, 0x00, 0x00, 0x03, 0xFF, 0xFF, 0xF8, 0x1F, 0xFF,
  0xFF, 0xC0, 0x00, 0x00, 0x00, 0x03, 0xFF, 0xFF, 0xF8, 0x1F, 0xFF, 0xFF,
  0xE0, 0x00, 0x00, 0x00, 0x07, 0xFF, 0xFF, 0xF0, 0x0F, 0xFF, 0xFF, 0xE0,
  0x00, 0x00, 0x00, 0x07, 0xFF, 0xFF, 0xF0, 0x0F, 0xFF, 0xFF, 0xF0, 0x00,
  0x00, 0x00, 0x0F, 0xFF, 0xFF, 0xF0, 0x07, 0xFF, 0xFF, 0xF8, 0x00, 0x00,
  0x00, 0x0F, 0xFF, 0xFF, 0xE0, 0x07, 0xFF, 0xFF, 0xF8, 0x00, 0x00, 0x00,
  0x1F, 0xFF, 0xFF, 0xE0, 0x07, 0xFF, 0xFF, 0xFC, 0x00, 0x00, 0x00, 0x3F,
  0xFF, 0xFF, 0xC0, 0x03, 0xFF, 0xFF, 0xFE, 0x00, 0x00, 0x00, 0x7F, 0xFF,
  0xFF, 0xC0, 0x03, 0xFF, 0xFF, 0xFF, 0x00, 0x00, 0x00, 0xFF, 0xFF, 0xFF,
  0x80, 0x01, 0xFF, 0xFF, 0xFF, 0x80, 0x00, 0x01, 0xFF, 0xFF, 0xFF, 0x80,
  0x00, 0xFF, 0xFF, 0xFF, 0xE0, 0x00, 0x07, 0xFF, 0xFF, 0xFF, 0x00, 0x00,
  0xFF, 0xFF, 0xFF, 0xF8, 0x00, 0x0F, 0xFF, 0xFF, 0xFF, 0x00, 0x00, 0x7F,
  0xFF, 0xFF, 0xFF, 0x00, 0x7F, 0xFF, 0xFF, 0xFE, 0x00, 0x00, 0x7F, 0xFF,
  0xFF, 0xFF, 0xFF, 0xFF, 0xFF, 0xFF, 0xFC, 0x00, 0x00, 0x3F, 0xFF, 0xFF,
  0xFF, 0xFF, 0xFF, 0xFF, 0xFF, 0xF8, 0x00, 0x00, 0x1F, 0xFF, 0xFF, 0xFF,
  0xFF, 0xFF, 0xFF, 0xFF, 0xF8, 0x00, 0x00, 0x0F, 0xFF, 0xFF, 0xFF, 0xFF,
  0xFF, 0xFF, 0xFF, 0xF0, 0x00, 0x00, 0x07, 0xFF, 0xFF, 0xFF, 0xFF, 0xFF,
  0xFF, 0xFF, 0xE0, 0x00, 0x00, 0x03, 0xFF, 0xFF, 0xFF, 0xFF, 0xFF, 0xFF,
  0xFF, 0xC0, 0x00, 0x00, 0x01, 0xFF, 0xFF, 0xFF, 0xFF, 0xFF, 0xFF, 0xFF,
  0x80, 0x00, 0x00, 0x00, 0xFF, 0xFF, 0xFF, 0xFF, 0xFF, 0xFF, 0xFF, 0x00,
  0x00, 0x00, 0x00, 0x7F, 0xFF, 0xFF, 0xFF, 0xFF, 0xFF, 0xFE, 0x00, 0x00,
  0x00, 0x00, 0x3F, 0xFF, 0xFF, 0xFF, 0xFF, 0xFF, 0xF8, 0x00, 0x00, 0x00,
  0x00, 0x1F, 0xFF, 0xFF, 0xFF, 0xFF, 0xFF, 0xF0, 0x00, 0x00, 0x00, 0x00,
  0x07, 0xFF, 0xFF, 0xFF, 0xFF, 0xFF, 0xE0, 0x00, 0x00, 0x00, 0x00, 0x01,
  0xFF, 0xFF, 0xFF, 0xFF, 0xFF, 0x80, 0x00, 0x00, 0x00, 0x00, 0x00, 0xFF,
  0xFF, 0xFF, 0xFF, 0xFE, 0x00, 0x00, 0x00, 0x00, 0x00, 0x00, 0x3F, 0xFF,
  0xFF, 0xFF, 0xF8, 0x00, 0x00, 0x00, 0x00, 0x00, 0x00, 0x07, 0xFF, 0xFF,
  0xFF, 0xE0, 0x00, 0x00, 0x00, 0x00, 0x00, 0x00, 0x00, 0xFF, 0xFF, 0xFE,
  0x00, 0x00, 0x00, 0x00, 0x00, 0x00, 0x00, 0x00, 0x07, 0xFF, 0xE0, 0x00,
  0x00, 0x00, 0x00, 0x00, 0x00, 0x00, 0x1F, 0xE0, 0x00, 0x00, 0x00, 0xFF,
  0xFE, 0x00, 0x00, 0x01, 0xFF, 0xFF, 0xC0, 0x00, 0x07, 0xFF, 0xFF, 0xF8,
  0x00, 0x0F, 0xFF, 0xFF, 0xFF, 0x00, 0x1F, 0xFF, 0xFF, 0xFF, 0xE0, 0x3F,
  0xFF, 0xFF, 0xFF, 0xF8, 0x3F, 0xFF, 0xFF, 0xFF, 0xFF, 0x1F, 0xFF, 0xFF,
  0xFF, 0xFF, 0xCF, 0xFF, 0xFF, 0xFF, 0xFF, 0xF7, 0xFF, 0xFF, 0xFF, 0xFF,
  0xFD, 0xFF, 0xFF, 0xFF, 0xFF, 0xFF, 0xFF, 0xFF, 0xFF, 0xFF, 0xFF, 0xFF,
  0xFF, 0xFF, 0xFF, 0xFF, 0xFF, 0xFF, 0xFF, 0xFF, 0xFF, 0xFF, 0xFF, 0xFF,
  0xFF, 0xFF, 0xFF, 0xFF, 0xFF, 0xFF, 0xFF, 0xFF, 0xFF, 0xFF, 0xFF, 0xFF,
  0xFF, 0xF7, 0xFF, 0xFF, 0xFF, 0xFF, 0xFD, 0xFF, 0xFF, 0xFF, 0xFF, 0xFF,
  0x3F, 0xFF, 0xFF, 0xFF, 0xFF, 0xC7, 0xFF, 0xFF, 0xFF, 0xFF, 0xF0, 0xFF,
  0xFE, 0x7F, 0xFF, 0xFC, 0x1F, 0xF8, 0x1F, 0xFF, 0xFF, 0x00, 0x60, 0x07,
  0xFF, 0xFF, 0xC0, 0x00, 0x01, 0xFF, 0xFF, 0xF0, 0x00, 0x00, 0x7F, 0xFF,
  0xFC, 0x00, 0x00, 0x1F, 0xFF, 0xFF, 0x00, 0x00, 0x07, 0xFF, 0xFF, 0xC0,
  0x00, 0x01, 0xFF, 0xFF, 0xF0, 0x00, 0x00, 0x7F, 0xFF, 0xFC, 0x00, 0x00,
  0x1F, 0xFF, 0xFF, 0x00, 0x00, 0x07, 0xFF, 0xFF, 0xC0, 0x00, 0x01, 0xFF,
  0xFF, 0xF0, 0x00, 0x00, 0x7F, 0xFF, 0xFC, 0x00, 0x00, 0x1F, 0xFF, 0xFF,
  0x00, 0x00, 0x07, 0xFF, 0xFF, 0xC0, 0x00, 0x01, 0xFF, 0xFF, 0xF0, 0x00,
  0x00, 0x7F, 0xFF, 0xFC, 0x00, 0x00, 0x1F, 0xFF, 0xFF, 0x00, 0x00, 0x07,
  0xFF, 0xFF, 0xC0, 0x00, 0x01, 0xFF, 0xFF, 0xF0, 0x00, 0x00, 0x7F, 0xFF,
  0xFC, 0x00, 0x00, 0x1F, 0xFF, 0xFF, 0x00, 0x00, 0x07, 0xFF, 0xFF, 0xC0,
  0x00, 0x01, 0xFF, 0xFF, 0xF0, 0x00, 0x00, 0x7F, 0xFF, 0xFC, 0x00, 0x00,
  0x1F, 0xFF, 0xFF, 0x00, 0x00, 0x07, 0xFF, 0xFF, 0xC0, 0x00, 0x01, 0xFF,
  0xFF, 0xF0, 0x00, 0x00, 0x7F, 0xFF, 0xFC, 0x00, 0x00, 0x1F, 0xFF, 0xFF,
  0x00, 0x00, 0x07, 0xFF, 0xFF, 0xC0, 0x00, 0x01, 0xFF, 0xFF, 0xF0, 0x00,
  0x00, 0x7F, 0xFF, 0xFC, 0x00, 0x00, 0x1F, 0xFF, 0xFF, 0x00, 0x00, 0x07,
  0xFF, 0xFF, 0xC0, 0x00, 0x01, 0xFF, 0xFF, 0xF0, 0x00, 0x00, 0x7F, 0xFF,
  0xFC, 0x00, 0x00, 0x1F, 0xFF, 0xFF, 0x00, 0x00, 0x07, 0xFF, 0xFF, 0xC0,
  0x00, 0x01, 0xFF, 0xFF, 0xF0, 0x00, 0x00, 0x7F, 0xFF, 0xFC, 0x00, 0x00,
  0x1F, 0xFF, 0xFF, 0x00, 0x00, 0x07, 0xFF, 0xFF, 0xC0, 0x00, 0x01, 0xFF,
  0xFF, 0xF0, 0x00, 0x00, 0x7F, 0xFF, 0xFC, 0x00, 0x00, 0x1F, 0xFF, 0xFF,
  0x00, 0x00, 0x07, 0xFF, 0xFF, 0xC0, 0x00, 0x01, 0xFF, 0xFF, 0xF0, 0x00,
  0x00, 0x7F, 0xFF, 0xFC, 0x00, 0x00, 0x1F, 0xFF, 0xFF, 0x00, 0x00, 0x07,
  0xFF, 0xFF, 0xC0, 0x00, 0x01, 0xFF, 0xFF, 0xF0, 0x00, 0x00, 0x7F, 0xFF,
  0xFC, 0x00, 0x00, 0x1F, 0xFF, 0xFF, 0x00, 0x00, 0x07, 0xFF, 0xFF, 0xC0,
  0x00, 0x01, 0xFF, 0xFF, 0xF0, 0x00, 0x00, 0x7F, 0xFF, 0xFC, 0x00, 0x00,
  0x1F, 0xFF, 0xFF, 0x00, 0x00, 0x07, 0xFF, 0xFF, 0xC0, 0x00, 0x01, 0xFF,
  0xFF, 0xF0, 0x00, 0x00, 0x7F, 0xFF, 0xFC, 0x00, 0x00, 0x1F, 0xFF, 0xFF,
  0x00, 0x00, 0x07, 0xFF, 0xFF, 0xC0, 0x00, 0x01, 0xFF, 0xFF, 0xF0, 0x00,
  0x00, 0x7F, 0xFF, 0xFC, 0x00, 0x00, 0x1F, 0xFF, 0xFF, 0x00, 0x00, 0x07,
  0xFF, 0xFF, 0xC0, 0x00, 0x01, 0xFF, 0xFF, 0xF0, 0x00, 0x00, 0x7F, 0xFF,
  0xFC, 0x00, 0x00, 0x1F, 0xFF, 0xFF, 0x00, 0x00, 0x07, 0xFF, 0xFF, 0xC0,
  0x00, 0x01, 0xFF, 0xFF, 0xF0, 0x00, 0x00, 0x3F, 0xFF, 0xF8, 0x00, 0x00,
  0x0F, 0xFF, 0xFE, 0x00, 0x00, 0x01, 0xFF, 0xFF, 0x00, 0x00, 0x00, 0x3F,
  0xFF, 0x80, 0x00, 0x00, 0x07, 0xFF, 0xC0, 0x00, 0x00, 0x00, 0xFF, 0xE0,
  0x00, 0x00, 0x00, 0x0F, 0xE0, 0x00, 0x00, 0x00, 0x00, 0x01, 0xFF, 0xFC,
  0x00, 0x00, 0x00, 0x00, 0x00, 0x00, 0x07, 0xFF, 0xFF, 0xFC, 0x00, 0x00,
  0x00, 0x00, 0x00, 0x07, 0xFF, 0xFF, 0xFF, 0xF0, 0x00, 0x00, 0x00, 0x00,
  0x03, 0xFF, 0xFF, 0xFF, 0xFF, 0x80, 0x00, 0x00, 0x00, 0x01, 0xFF, 0xFF,
  0xFF, 0xFF, 0xFC, 0x00, 0x00, 0x00, 0x00, 0xFF, 0xFF, 0xFF, 0xFF, 0xFF,
  0xE0, 0x00, 0x00, 0x00, 0x7F, 0xFF, 0xFF, 0xFF, 0xFF, 0xFE, 0x00, 0x00,
  0x00, 0x1F, 0xFF, 0xFF, 0xFF, 0xFF, 0xFF, 0xF0, 0x00, 0x00, 0x07, 0xFF,
  0xFF, 0xFF, 0xFF, 0xFF, 0xFF, 0x00, 0x00, 0x03, 0xFF, 0xFF, 0xFF, 0xFF,
  0xFF, 0xFF, 0xF0, 0x00, 0x00, 0xFF, 0xFF, 0xFF, 0xFF, 0xFF, 0xFF, 0xFF,
  0x00, 0x00, 0x3F, 0xFF, 0xFF, 0xFF, 0xFF, 0xFF, 0xFF, 0xF0, 0x00, 0x0F,
  0xFF, 0xFF, 0xFF, 0xFF, 0xFF, 0xFF, 0xFE, 0x00, 0x03, 0xFF, 0xFF, 0xFF,
  0xFF, 0xFF, 0xFF, 0xFF, 0xE0, 0x00, 0xFF, 0xFF, 0xFF, 0xFF, 0xFF, 0xFF,
  0xFF, 0xFE, 0x00, 0x1F, 0xFF, 0xFF, 0xFF, 0xFF, 0xFF, 0xFF, 0xFF, 0xC0,
  0x07, 0xFF, 0xFF, 0xFF, 0xFF, 0xFF, 0xFF, 0xFF, 0xFC, 0x00, 0xFF, 0xFF,
  0xFF, 0xFF, 0xFF, 0xFF, 0xFF, 0xFF, 0x80, 0x3F, 0xFF, 0xFF, 0xFF, 0x00,
  0xFF, 0xFF, 0xFF, 0xF8, 0x07, 0xFF, 0xFF, 0xFF, 0x00, 0x03, 0xFF, 0xFF,
  0xFF, 0x00, 0xFF, 0xFF, 0xFF, 0x80, 0x00, 0x3F, 0xFF, 0xFF, 0xF0, 0x1F,
  0xFF, 0xFF, 0xC0, 0x00, 0x01, 0xFF, 0xFF, 0xFE, 0x03, 0xFF, 0xFF, 0xF0,
  0x00, 0x00, 0x3F, 0xFF, 0xFF, 0xC0, 0x3F, 0xFF, 0xFC, 0x00, 0x00, 0x03,
  0xFF, 0xFF, 0xF8, 0x07, 0xFF, 0xFF, 0x00, 0x00, 0x00, 0x3F, 0xFF, 0xFF,
  0x00, 0x7F, 0xFF, 0xC0, 0x00, 0x00, 0x07, 0xFF, 0xFF, 0xF0, 0x0F, 0xFF,
  0xF0, 0x00, 0x00, 0x00, 0xFF, 0xFF, 0xFE, 0x00, 0xFF, 0xFC, 0x00, 0x00,
  0x00, 0x0F, 0xFF, 0xFF, 0xC0, 0x07, 0xFE, 0x00, 0x00, 0x00, 0x01, 0xFF,
  0xFF, 0xF8, 0x00, 0x3F, 0x80, 0x00, 0x00, 0x00, 0x3F, 0xFF, 0xFF, 0x00,
  0x00, 0x00, 0x00, 0x00, 0x00, 0x07, 0xFF, 0xFF, 0xE0, 0x00, 0x00, 0x00,
  0x00, 0x00, 0x00, 0xFF, 0xFF, 0xFC, 0x00, 0x00, 0x00, 0x00, 0x00, 0x00,
  0x1F, 0xFF, 0xFF, 0x80, 0x00, 0x00, 0x00, 0x00, 0x00, 0x03, 0xFF, 0xFF,
  0xF0, 0x00, 0x00, 0x00, 0x00, 0x00, 0x00, 0x7F, 0xFF, 0xFE, 0x00, 0x00,
  0x00, 0x00, 0x00, 0x00, 0x1F, 0xFF, 0xFF, 0xC0, 0x00, 0x00, 0x00, 0x00,
  0x00, 0x03, 0xFF, 0xFF, 0xF8, 0x00, 0x00, 0x00, 0x00, 0x00, 0x00, 0x7F,
  0xFF, 0xFE, 0x00, 0x00, 0x00, 0x00, 0x00, 0x00, 0x1F, 0xFF, 0xFF, 0xC0,
  0x00, 0x00, 0x00, 0x00, 0x00, 0x03, 0xFF, 0xFF, 0xF8, 0x00, 0x00, 0x00,
  0x00, 0x00, 0x00, 0xFF, 0xFF, 0xFF, 0x00, 0x00, 0x00, 0x00, 0x00, 0x00,
  0x1F, 0xFF, 0xFF, 0xC0, 0x00, 0x00, 0x00, 0x00, 0x00, 0x07, 0xFF, 0xFF,
  0xF8, 0x00, 0x00, 0x00, 0x00, 0x00, 0x01, 0xFF, 0xFF, 0xFF, 0x00, 0x00,
  0x00, 0x00, 0x00, 0x00, 0x7F, 0xFF, 0xFF, 0xC0, 0x00, 0x00, 0x00, 0x00,
  0x00, 0x1F, 0xFF, 0xFF, 0xF8, 0x00, 0x00, 0x00, 0x00, 0x00, 0x07, 0xFF,
  0xFF, 0xFF, 0x00, 0x00, 0x00, 0x00, 0x00, 0x01, 0xFF, 0xFF, 0xFF, 0xC0,
  0x00, 0x00, 0x00, 0x00, 0x00, 0x7F, 0xFF, 0xFF, 0xF8, 0x00, 0x00, 0x00,
  0x00, 0x00, 0x1F, 0xFF, 0xFF, 0xFE, 0x00, 0x00, 0x00, 0x00, 0x00, 0x07,
  0xFF, 0xFF, 0xFF, 0x80, 0x00, 0x00, 0x00, 0x00, 0x01, 0xFF, 0xFF, 0xFF,
  0xE0, 0x00, 0x00, 0x00, 0x00, 0x00, 0x7F, 0xFF, 0xFF, 0xFC, 0x00, 0x00,
  0x00, 0x00, 0x00, 0x1F, 0xFF, 0xFF, 0xFF, 0x00, 0x00, 0x00, 0x00, 0x00,
  0x07, 0xFF, 0xFF, 0xFF, 0xC0, 0x00, 0x00, 0x00, 0x00, 0x03, 0xFF, 0xFF,
  0xFF, 0xF0, 0x00, 0x00, 0x00, 0x00, 0x00, 0xFF, 0xFF, 0xFF, 0xFC, 0x00,
  0x00, 0x00, 0x00, 0x00, 0x3F, 0xFF, 0xFF, 0xFF, 0x00, 0x00, 0x00, 0x00,
  0x00, 0x0F, 0xFF, 0xFF, 0xFF, 0xC0, 0x00, 0x00, 0x00, 0x00, 0x03, 0xFF,
  0xFF, 0xFF, 0xF0, 0x00, 0x00, 0x00, 0x00, 0x01, 0xFF, 0xFF, 0xFF, 0xFC,
  0x00, 0x00, 0x00, 0x00, 0x00, 0x7F, 0xFF, 0xFF, 0xFF, 0x00, 0x00, 0x00,
  0x00, 0x00, 0x1F, 0xFF, 0xFF, 0xFF, 0xC0, 0x00, 0x00, 0x00, 0x00, 0x07,
  0xFF, 0xFF, 0xFF, 0xE0, 0x00, 0x00, 0x00, 0x00, 0x01, 0xFF, 0xFF, 0xFF,
  0xF8, 0x00, 0x00, 0x00, 0x00, 0x00, 0xFF, 0xFF, 0xFF, 0xFE, 0x00, 0x00,
  0x00, 0x00, 0x00, 0x3F, 0xFF, 0xFF, 0xFF, 0x80, 0x00, 0x00, 0x00, 0x00,
  0x0F, 0xFF, 0xFF, 0xFF, 0xC0, 0x00, 0x00, 0x00, 0x00, 0x03, 0xFF, 0xFF,
  0xFF, 0xF0, 0x00, 0x00, 0x00, 0x00, 0x00, 0xFF, 0xFF, 0xFF, 0xFC, 0x00,
  0x00, 0x00, 0x00, 0x00, 0x7F, 0xFF, 0xFF, 0xFF, 0x00, 0x00, 0x00, 0x00,
  0x00, 0x1F, 0xFF, 0xFF, 0xFF, 0x80, 0x00, 0x00, 0x00, 0x00, 0x07, 0xFF,
  0xFF, 0xFF, 0xE0, 0x00, 0x00, 0x00, 0x00, 0x01, 0xFF, 0xFF, 0xFF, 0xF8,
  0x00, 0x00, 0x00, 0x00, 0x00, 0xFF, 0xFF, 0xFF, 0xFE, 0x00, 0x00, 0x00,
  0x00, 0x00, 0x3F, 0xFF, 0xFF, 0xFF, 0x00, 0x00, 0x00, 0x00, 0x00, 0x0F,
  0xFF, 0xFF, 0xFF, 0xC0, 0x00, 0x00, 0x00, 0x00, 0x03, 0xFF, 0xFF, 0xFF,
  0xF0, 0x00, 0x00, 0x00, 0x00, 0x00, 0xFF, 0xFF, 0xFF, 0xFC, 0x00, 0x00,
  0x00, 0x00, 0x00, 0x7F, 0xFF, 0xFF, 0xFE, 0x00, 0x00, 0x00, 0x00, 0x00,
  0x1F, 0xFF, 0xFF, 0xFF, 0x80, 0x00, 0x00, 0x00, 0x00, 0x03, 0xFF, 0xFF,
  0xFF, 0xE0, 0x00, 0x00, 0x00, 0x00, 0x00, 0xFF, 0xFF, 0xFF, 0xFF, 0xFF,
  0xFF, 0xFF, 0xFF, 0xE0, 0x3F, 0xFF, 0xFF, 0xFF, 0xFF, 0xFF, 0xFF, 0xFF,
  0xFF, 0x07, 0xFF, 0xFF, 0xFF, 0xFF, 0xFF, 0xFF, 0xFF, 0xFF, 0xF0, 0xFF,
  0xFF, 0xFF, 0xFF, 0xFF, 0xFF, 0xFF, 0xFF, 0xFF, 0x3F, 0xFF, 0xFF, 0xFF,
  0xFF, 0xFF, 0xFF, 0xFF, 0xFF, 0xF7, 0xFF, 0xFF, 0xFF, 0xFF, 0xFF, 0xFF,
  0xFF, 0xFF, 0xFE, 0xFF, 0xFF, 0xFF, 0xFF, 0xFF, 0xFF, 0xFF, 0xFF, 0xFF,
  0xFF, 0xFF, 0xFF, 0xFF, 0xFF, 0xFF, 0xFF, 0xFF, 0xFF, 0xFF, 0xFF, 0xFF,
  0xFF, 0xFF, 0xFF, 0xFF, 0xFF, 0xFF, 0xFF, 0xFF, 0xFF, 0xFF, 0xFF, 0xFF,
  0xFF, 0xFF, 0xFF, 0xFF, 0xFF, 0xFF, 0xFF, 0xFF, 0xFF, 0xFF, 0xFF, 0xFF,
  0xFF, 0xFE, 0xFF, 0xFF, 0xFF, 0xFF, 0xFF, 0xFF, 0xFF, 0xFF, 0xFF, 0xDF,
  0xFF, 0xFF, 0xFF, 0xFF, 0xFF, 0xFF, 0xFF, 0xFF, 0xF1, 0xFF, 0xFF, 0xFF,
  0xFF, 0xFF, 0xFF, 0xFF, 0xFF, 0xFE, 0x3F, 0xFF, 0xFF, 0xFF, 0xFF, 0xFF,
  0xFF, 0xFF, 0xFF, 0x81, 0xFF, 0xFF, 0xFF, 0xFF, 0xFF, 0xFF, 0xFF, 0xFF,
  0xE0, 0x1F, 0xFF, 0xFF, 0xFF, 0xFF, 0xFF, 0xFF, 0xFF, 0xF8, 0x00, 0x7F,
  0xFF, 0xFF, 0xFF, 0xFF, 0xFF, 0xFF, 0xFC, 0x00, 0x00, 0x7F, 0xFF, 0xFF,
  0xFF, 0xFF, 0xFF, 0xFF, 0x00, 0x01, 0xFF, 0xFF, 0xFF, 0xFF, 0xFF, 0xFF,
  0xFF, 0xC0, 0x03, 0xFF, 0xFF, 0xFF, 0xFF, 0xFF, 0xFF, 0xFF, 0xF0, 0x07,
  0xFF, 0xFF, 0xFF, 0xFF, 0xFF, 0xFF, 0xFF, 0xF8, 0x0F, 0xFF, 0xFF, 0xFF,
  0xFF, 0xFF, 0xFF, 0xFF, 0xFC, 0x0F, 0xFF, 0xFF, 0xFF, 0xFF, 0xFF, 0xFF,
  0xFF, 0xFC, 0x1F, 0xFF, 0xFF, 0xFF, 0xFF, 0xFF, 0xFF, 0xFF, 0xFE, 0x1F,
  0xFF, 0xFF, 0xFF, 0xFF, 0xFF, 0xFF, 0xFF, 0xFE, 0x1F, 0xFF, 0xFF, 0xFF,
  0xFF, 0xFF, 0xFF, 0xFF, 0xFE, 0x1F, 0xFF, 0xFF, 0xFF, 0xFF, 0xFF, 0xFF,
  0xFF, 0xFE, 0x1F, 0xFF, 0xFF, 0xFF, 0xFF, 0xFF, 0xFF, 0xFF, 0xFE, 0x1F,
  0xFF, 0xFF, 0xFF, 0xFF, 0xFF, 0xFF, 0xFF, 0xFE, 0x0F, 0xFF, 0xFF, 0xFF,
  0xFF, 0xFF, 0xFF, 0xFF, 0xFE, 0x0F, 0xFF, 0xFF, 0xFF, 0xFF, 0xFF, 0xFF,
  0xFF, 0xFE, 0x07, 0xFF, 0xFF, 0xFF, 0xFF, 0xFF, 0xFF, 0xFF, 0xFC, 0x03,
  0xFF, 0xFF, 0xFF, 0xFF, 0xFF, 0xFF, 0xFF, 0xFC, 0x01, 0xFF, 0xFF, 0xFF,
  0xFF, 0xFF, 0xFF, 0xFF, 0xF8, 0x00, 0x7F, 0xFF, 0xFF, 0xFF, 0xFF, 0xFF,
  0xFF, 0xF0, 0x00, 0x00, 0x00, 0x00, 0x00, 0x3F, 0xFF, 0xFF, 0xF0, 0x00,
  0x00, 0x00, 0x00, 0x00, 0x7F, 0xFF, 0xFF, 0xE0, 0x00, 0x00, 0x00, 0x00,
  0x00, 0xFF, 0xFF, 0xFF, 0xC0, 0x00, 0x00, 0x00, 0x00, 0x01, 0xFF, 0xFF,
  0xFF, 0x80, 0x00, 0x00, 0x00, 0x00, 0x03, 0xFF, 0xFF, 0xFF, 0x00, 0x00,
  0x00, 0x00, 0x00, 0x07, 0xFF, 0xFF, 0xFE, 0x00, 0x00, 0x00, 0x00, 0x00,
  0x0F, 0xFF, 0xFF, 0xFC, 0x00, 0x00, 0x00, 0x00, 0x00, 0x1F, 0xFF, 0xFF,
  0xF8, 0x00, 0x00, 0x00, 0x00, 0x00, 0x3F, 0xFF, 0xFF, 0xF0, 0x00, 0x00,
  0x00, 0x00, 0x00, 0x7F, 0xFF, 0xFF, 0xE0, 0x00, 0x00, 0x00, 0x00, 0x00,
  0x7F, 0xFF, 0xFF, 0xC0, 0x00, 0x00, 0x00, 0x00, 0x00, 0xFF, 0xFF, 0xFF,
  0x80, 0x00, 0x00, 0x00, 0x00, 0x01, 0xFF, 0xFF, 0xFF, 0x00, 0x00, 0x00,
  0x00, 0x00, 0x03, 0xFF, 0xFF, 0xFE, 0x00, 0x00, 0x00, 0x00, 0x00, 0x07,
  0xFF, 0xFF, 0xFC, 0x00, 0x00, 0x00, 0x00, 0x00, 0x0F, 0xFF, 0xFF, 0xF8,
  0x00, 0x00, 0x00, 0x00, 0x00, 0x1F, 0xFF, 0xFF, 0xF0, 0x00, 0x00, 0x00,
  0x00, 0x00, 0x3F, 0xFF, 0xFF, 0xE0, 0x00, 0x00, 0x00, 0x00, 0x00, 0x7F,
  0xFF, 0xFF, 0x80, 0x00, 0x00, 0x00, 0x00, 0x00, 0xFF, 0xFF, 0xFF, 0x00,
  0x00, 0x00, 0x00, 0x00, 0x01, 0xFF, 0xFF, 0xFE, 0x00, 0x00, 0x00, 0x00,
  0x00, 0x03, 0xFF, 0xFF, 0xFC, 0x00, 0x00, 0x00, 0x00, 0x00, 0x07, 0xFF,
  0xFF, 0xFF, 0x00, 0x00, 0x00, 0x00, 0x00, 0x07, 0xFF, 0xFF, 0xFF, 0xF0,
  0x00, 0x00, 0x00, 0x00, 0x0F, 0xFF, 0xFF, 0xFF, 0xFE, 0x00, 0x00, 0x00,
  0x00, 0x0F, 0xFF, 0xFF, 0xFF, 0xFF, 0x80, 0x00, 0x00, 0x00, 0x1F, 0xFF,
  0xFF, 0xFF, 0xFF, 0xE0, 0x00, 0x00, 0x00, 0x1F, 0xFF, 0xFF, 0xFF, 0xFF,
  0xF8, 0x00, 0x00, 0x00, 0x1F, 0xFF, 0xFF, 0xFF, 0xFF, 0xFC, 0x00, 0x00,
  0x00, 0x1F, 0xFF, 0xFF, 0xFF, 0xFF, 0xFE, 0x00, 0x00, 0x00, 0x1F, 0xFF,
  0xFF, 0xFF, 0xFF, 0xFF, 0x80, 0x00, 0x00, 0x1F, 0xFF, 0xFF, 0xFF, 0xFF,
  0xFF, 0xC0, 0x00, 0x00, 0x1F, 0xFF, 0xFF, 0xFF, 0xFF, 0xFF, 0xE0, 0x00,
  0x00, 0x0F, 0xFF, 0xFF, 0xFF, 0xFF, 0xFF, 0xE0, 0x00, 0x00, 0x07, 0xFF,
  0xFF, 0xFF, 0xFF, 0xFF, 0xF0, 0x00, 0x00, 0x07, 0xFF, 0xFF, 0xFF, 0xFF,
  0xFF, 0xF8, 0x00, 0x00, 0x03, 0xFF, 0xFF, 0xFF, 0xFF, 0xFF, 0xF8, 0x00,
  0x00, 0x00, 0xFF, 0xFF, 0xFF, 0xFF, 0xFF, 0xFC, 0x00, 0x00, 0x00, 0x1F,
  0xFF, 0xFF, 0xFF, 0xFF, 0xFC, 0x00, 0x00, 0x00, 0x00, 0x00, 0xFF, 0xFF,
  0xFF, 0xFC, 0x00, 0x00, 0x00, 0x00, 0x00, 0x1F, 0xFF, 0xFF, 0xFE, 0x00,
  0x00, 0x00, 0x00, 0x00, 0x07, 0xFF, 0xFF, 0xFE, 0x00, 0x00, 0x00, 0x00,
  0x00, 0x01, 0xFF, 0xFF, 0xFE, 0x00, 0x00, 0x00, 0x00, 0x00, 0x00, 0xFF,
  0xFF, 0xFE, 0x00, 0x00, 0x00, 0x00, 0x00, 0x00, 0x7F, 0xFF, 0xFF, 0x00,
  0x00, 0x00, 0x00, 0x00, 0x00, 0x7F, 0xFF, 0xFF, 0x00, 0x00, 0x00, 0x00,
  0x00, 0x00, 0x3F, 0xFF, 0xFF, 0x00, 0x00, 0x00, 0x00, 0x00, 0x00, 0x3F,
  0xFF, 0xFF, 0x00, 0x00, 0x00, 0x00, 0x00, 0x00, 0x1F, 0xFF, 0xFF, 0x00,
  0x00, 0x00, 0x00, 0x00, 0x00, 0x1F, 0xFF, 0xFF, 0x00, 0x00, 0x00, 0x00,
  0x00, 0x00, 0x1F, 0xFF, 0xFF, 0x00, 0x00, 0x00, 0x00, 0x00, 0x00, 0x1F,
  0xFF, 0xFF, 0x00, 0x00, 0x00, 0x00, 0x00, 0x00, 0x1F, 0xFF, 0xFF, 0x00,
  0x00, 0x00, 0x00, 0x00, 0x00, 0x1F, 0xFF, 0xFF, 0x03, 0xFE, 0x00, 0x00,
  0x00, 0x00, 0x1F, 0xFF, 0xFF, 0x07, 0xFF, 0x00, 0x00, 0x00, 0x00, 0x3F,
  0xFF, 0xFF, 0x1F, 0xFF, 0xC0, 0x00, 0x00, 0x00, 0x3F, 0xFF, 0xFE, 0x3F,
  0xFF, 0xE0, 0x00, 0x00, 0x00, 0x3F, 0xFF, 0xFE, 0x3F, 0xFF, 0xF0, 0x00,
  0x00, 0x00, 0x7F, 0xFF, 0xFE, 0x7F, 0xFF, 0xF8, 0x00, 0x00, 0x00, 0xFF,
  0xFF, 0xFE, 0x7F, 0xFF, 0xFE, 0x00, 0x00, 0x01, 0xFF, 0xFF, 0xFC, 0xFF,
  0xFF, 0xFF, 0x80, 0x00, 0x03, 0xFF, 0xFF, 0xFC, 0xFF, 0xFF, 0xFF, 0xF0,
  0x00, 0x0F, 0xFF, 0xFF, 0xFC, 0xFF, 0xFF, 0xFF, 0xFE, 0x00, 0x7F, 0xFF,
  0xFF, 0xF8, 0xFF, 0xFF, 0xFF, 0xFF, 0xFF, 0xFF, 0xFF, 0xFF, 0xF8, 0xFF,
  0xFF, 0xFF, 0xFF, 0xFF, 0xFF, 0xFF, 0xFF, 0xF0, 0xFF, 0xFF, 0xFF, 0xFF,
  0xFF, 0xFF, 0xFF, 0xFF, 0xF0, 0x7F, 0xFF, 0xFF, 0xFF, 0xFF, 0xFF, 0xFF,
  0xFF, 0xE0, 0x7F, 0xFF, 0xFF, 0xFF, 0xFF, 0xFF, 0xFF, 0xFF, 0xC0, 0x3F,
  0xFF, 0xFF, 0xFF, 0xFF, 0xFF, 0xFF, 0xFF, 0xC0, 0x1F, 0xFF, 0xFF, 0xFF,
  0xFF, 0xFF, 0xFF, 0xFF, 0x80, 0x0F, 0xFF, 0xFF, 0xFF, 0xFF, 0xFF, 0xFF,
  0xFF, 0x00, 0x07, 0xFF, 0xFF, 0xFF, 0xFF, 0xFF, 0xFF, 0xFE, 0x00, 0x01,
  0xFF, 0xFF, 0xFF, 0xFF, 0xFF, 0xFF, 0xFC, 0x00, 0x00, 0xFF, 0xFF, 0xFF,
  0xFF, 0xFF, 0xFF, 0xF8, 0x00, 0x00, 0x3F, 0xFF, 0xFF, 0xFF, 0xFF, 0xFF,
  0xE0, 0x00, 0x00, 0x0F, 0xFF, 0xFF, 0xFF, 0xFF, 0xFF, 0xC0, 0x00, 0x00,
  0x03, 0xFF, 0xFF, 0xFF, 0xFF, 0xFF, 0x00, 0x00, 0x00, 0x00, 0xFF, 0xFF,
  0xFF, 0xFF, 0xFC, 0x00, 0x00, 0x00, 0x00, 0x1F, 0xFF, 0xFF, 0xFF, 0xF0,
  0x00, 0x00, 0x00, 0x00, 0x01, 0xFF, 0xFF, 0xFF, 0x00, 0x00, 0x00, 0x00,
  0x00, 0x00, 0x0F, 0xFF, 0xF0, 0x00, 0x00, 0x00, 0x00, 0x00, 0x00, 0x00,
  0x00, 0x00, 0x00, 0x7F, 0x80, 0x00, 0x00, 0x00, 0x00, 0x00, 0x00, 0x00,
  0x00, 0x0F, 0xFF, 0x80, 0x00, 0x00, 0x00, 0x00, 0x00, 0x00, 0x00, 0x00,
  0x7F, 0xFF, 0x80, 0x00, 0x00, 0x00, 0x00, 0x00, 0x00, 0x00, 0x03, 0xFF,
  0xFF, 0x00, 0x00, 0x00, 0x00, 0x00, 0x00, 0x00, 0x00, 0x3F, 0xFF, 0xFC,
  0x00, 0x00, 0x00, 0x00, 0x00, 0x00, 0x00, 0x01, 0xFF, 0xFF, 0xF8, 0x00,
  0x00, 0x00, 0x00, 0x00, 0x00, 0x00, 0x07, 0xFF, 0xFF, 0xE0, 0x00, 0x00,
  0x00, 0x00, 0x00, 0x00, 0x00, 0x3F, 0xFF, 0xFF, 0xC0, 0x00, 0x00, 0x00,
  0x00, 0x00, 0x00, 0x01, 0xFF, 0xFF, 0xFF, 0x00, 0x00, 0x00, 0x00, 0x00,
  0x00, 0x00, 0x0F, 0xFF, 0xFF, 0xFC, 0x00, 0x00, 0x00, 0x00, 0x00, 0x00,
  0x00, 0x7F, 0xFF, 0xFF, 0xF0, 0x00, 0x00, 0x00, 0x00, 0x00, 0x00, 0x03,
  0xFF, 0xFF, 0xFF, 0xC0, 0x00, 0x00, 0x00, 0x00, 0x00, 0x00, 0x1F, 0xFF,
  0xFF, 0xFF, 0x00, 0x00, 0x00, 0x00, 0x00, 0x00, 0x00, 0xFF, 0xFF, 0xFF,
  0xFC, 0x00, 0x00, 0x00, 0x00, 0x00, 0x00, 0x03, 0xFF, 0xFF, 0xFF, 0xF0,
  0x00, 0x00, 0x00, 0x00, 0x00, 0x00, 0x1F, 0xFF, 0xFF, 0xFF, 0xC0, 0x00,
  0x00, 0x00, 0x00, 0x00, 0x00, 0xFF, 0xFF, 0xFF, 0xFF, 0x00, 0x00, 0x00,
  0x00, 0x00, 0x00, 0x07, 0xFF, 0xFF, 0xFF, 0xFC, 0x00, 0x00, 0x00, 0x00,
  0x00, 0x00, 0x3F, 0xFF, 0xFF, 0xFF, 0xF0, 0x00, 0x00, 0x00, 0x00, 0x00,
  0x01, 0xFF, 0xFF, 0xFF, 0xFF, 0xC0, 0x00, 0x00, 0x00, 0x00, 0x00, 0x0F,
  0xFF, 0xFF, 0xFF, 0xFF, 0x00, 0x00, 0x00, 0x00, 0x00, 0x00, 0x7F, 0xFF,
  0xFF, 0xFF, 0xFC, 0x00, 0x00, 0x00, 0x00, 0x00, 0x01, 0xFF, 0xFF, 0xFF,
  0xFF, 0xF0, 0x00, 0x00, 0x00, 0x00, 0x00, 0x0F, 0xFF, 0xFF, 0xFF, 0xFF,
  0xC0, 0x00, 0x00, 0x00, 0x00, 0x00, 0x7F, 0xFF, 0xFF, 0xFF, 0xFF, 0x00,
  0x00, 0x00, 0x00, 0x00, 0x03, 0xFF, 0xFF, 0xFF, 0xFF, 0xFC, 0x00, 0x00,
  0x00, 0x00, 0x00, 0x1F, 0xFF, 0xFF, 0xFF, 0xFF, 0xF0, 0x00, 0x00, 0x00,
  0x00, 0x00, 0xFF, 0xFF, 0xFF, 0xFF, 0xFF, 0xC0, 0x00, 0x00, 0x00, 0x00,
  0x07, 0xFF, 0xFF, 0xFF, 0xFF, 0xFF, 0x00, 0x00, 0x00, 0x00, 0x00, 0x1F,
  0xFF, 0xFF, 0xFF, 0xFF, 0xFC, 0x00, 0x00, 0x00, 0x00, 0x00, 0xFF, 0xFF,
  0xFF, 0xFF, 0xFF, 0xF0, 0x00, 0x00, 0x00, 0x00, 0x07, 0xFF, 0xFF, 0xF7,
  0xFF, 0xFF, 0xC0, 0x00, 0x00, 0x00, 0x00, 0x3F, 0xFF, 0xFF, 0x9F, 0xFF,
  0xFF, 0x00, 0x00, 0x00, 0x00, 0x01, 0xFF, 0xFF, 0xFC, 0x7F, 0xFF, 0xFC,
  0x00, 0x00, 0x00, 0x00, 0x0F, 0xFF, 0xFF, 0xF1, 0xFF, 0xFF, 0xF0, 0x00,
  0x00, 0x00, 0x00, 0x7F, 0xFF, 0xFF, 0x87, 0xFF, 0xFF, 0xC0, 0x00, 0x00,
  0x00, 0x03, 0xFF, 0xFF, 0xFC, 0x1F, 0xFF, 0xFF, 0x00, 0x00, 0x00, 0x00,
  0x0F, 0xFF, 0xFF, 0xE0, 0x7F, 0xFF, 0xFC, 0x00, 0x00, 0x00, 0x00, 0x7F,
  0xFF, 0xFF, 0x01, 0xFF, 0xFF, 0xF0, 0x00, 0x00, 0x00, 0x03, 0xFF, 0xFF,
  0xF8, 0x07, 0xFF, 0xFF, 0xC0, 0x00, 0x00, 0x00, 0x1F, 0xFF, 0xFF, 0xC0,
  0x1F, 0xFF, 0xFF, 0x00, 0x00, 0x00, 0x00, 0xFF, 0xFF, 0xFF, 0x00, 0x7F,
  0xFF, 0xFC, 0x00, 0x00, 0x00, 0x07, 0xFF, 0xFF, 0xF8, 0x01, 0xFF, 0xFF,
  0xF0, 0x00, 0x00, 0x00, 0x3F, 0xFF, 0xFF, 0xC0, 0x07, 0xFF, 0xFF, 0xC0,
  0x00, 0x00, 0x01, 0xFF, 0xFF, 0xFE, 0x00, 0x1F, 0xFF, 0xFF, 0x00, 0x00,
  0x00, 0x07, 0xFF, 0xFF, 0xF0, 0x00, 0x7F, 0xFF, 0xFC, 0x00, 0x00, 0x00,
  0x3F, 0xFF, 0xFF, 0x80, 0x01, 0xFF, 0xFF, 0xF0, 0x00, 0x00, 0x01, 0xFF,
  0xFF, 0xFC, 0x00, 0x07, 0xFF, 0xFF, 0xC0, 0x00, 0x00, 0x0F, 0xFF, 0xFF,
  0xF0, 0x00, 0x1F, 0xFF, 0xFF, 0x00, 0x00, 0x00, 0x7F, 0xFF, 0xFF, 0x80,
  0x00, 0x7F, 0xFF, 0xFC, 0x00, 0x00, 0x03, 0xFF, 0xFF, 0xFC, 0x00, 0x01,
  0xFF, 0xFF, 0xF0, 0x00, 0x00, 0x1F, 0xFF, 0xFF, 0xE0, 0x00, 0x07, 0xFF,
  0xFF, 0xC0, 0x00, 0x00, 0xFF, 0xFF, 0xFF, 0x00, 0x00, 0x1F, 0xFF, 0xFF,
  0x00, 0x00, 0x03, 0xFF, 0xFF, 0xF8, 0x00, 0x00, 0x7F, 0xFF, 0xFC, 0x00,
  0x00, 0x1F, 0xFF, 0xFF, 0xC0, 0x00, 0x01, 0xFF, 0xFF, 0xF0, 0x00, 0x00,
  0xFF, 0xFF, 0xFF, 0x00, 0x00, 0x07, 0xFF, 0xFF, 0xC0, 0x00, 0x07, 0xFF,
  0xFF, 0xF8, 0x00, 0x00, 0x1F, 0xFF, 0xFF, 0x00, 0x00, 0x3F, 0xFF, 0xFF,
  0xC0, 0x00, 0x00, 0x7F, 0xFF, 0xFC, 0x00, 0x01, 0xFF, 0xFF, 0xFE, 0x00,
  0x00, 0x01, 0xFF, 0xFF, 0xF0, 0x00, 0x07, 0xFF, 0xFF, 0xF0, 0x00, 0x00,
  0x07, 0xFF, 0xFF, 0xC0, 0x00, 0x3F, 0xFF, 0xFF, 0x80, 0x00, 0x00, 0x1F,
  0xFF, 0xFF, 0x00, 0x00, 0xFF, 0xFF, 0xFF, 0xFF, 0xFF, 0xFF, 0xFF, 0xFF,
  0xFF, 0xFC, 0x07, 0xFF, 0xFF, 0xFF, 0xFF, 0xFF, 0xFF, 0xFF, 0xFF, 0xFF,
  0xFC, 0x1F, 0xFF, 0xFF, 0xFF, 0xFF, 0xFF, 0xFF, 0xFF, 0xFF, 0xFF, 0xF8,
  0xFF, 0xFF, 0xFF, 0xFF, 0xFF, 0xFF, 0xFF, 0xFF, 0xFF, 0xFF, 0xF3, 0xFF,
  0xFF, 0xFF, 0xFF, 0xFF, 0xFF, 0xFF, 0xFF, 0xFF, 0xFF, 0xEF, 0xFF, 0xFF,
  0xFF, 0xFF, 0xFF, 0xFF, 0xFF, 0xFF, 0xFF, 0xFF, 0xBF, 0xFF, 0xFF, 0xFF,
  0xFF, 0xFF, 0xFF, 0xFF, 0xFF, 0xFF, 0xFF, 0xFF, 0xFF, 0xFF, 0xFF, 0xFF,
  0xFF, 0xFF, 0xFF, 0xFF, 0xFF, 0xFF, 0xFF, 0xFF, 0xFF, 0xFF, 0xFF, 0xFF,
  0xFF, 0xFF, 0xFF, 0xFF, 0xFF, 0xFF, 0xFF, 0xFF, 0xFF, 0xFF, 0xFF, 0xFF,
  0xFF, 0xFF, 0xFF, 0xDF, 0xFF, 0xFF, 0xFF, 0xFF, 0xFF, 0xFF, 0xFF, 0xFF,
  0xFF, 0xFF, 0x7F, 0xFF, 0xFF, 0xFF, 0xFF, 0xFF, 0xFF, 0xFF, 0xFF, 0xFF,
  0xF8, 0xFF, 0xFF, 0xFF, 0xFF, 0xFF, 0xFF, 0xFF, 0xFF, 0xFF, 0xFF, 0xE3,
  0xFF, 0xFF, 0xFF, 0xFF, 0xFF, 0xFF, 0xFF, 0xFF, 0xFF, 0xFF, 0x07, 0xFF,
  0xFF, 0xFF, 0xFF, 0xFF, 0xFF, 0xFF, 0xFF, 0xFF, 0xFC, 0x07, 0xFF, 0xFF,
  0xFF, 0xFF, 0xFF, 0xFF, 0xFF, 0xFF, 0xFF, 0xC0, 0x07, 0xFF, 0xFF, 0xFF,
  0xFF, 0xFF, 0xFF, 0xFF, 0xFF, 0xFC, 0x00, 0x00, 0x00, 0x00, 0x00, 0x00,
  0x01, 0xFF, 0xFF, 0xF0, 0x00, 0x00, 0x00, 0x00, 0x00, 0x00, 0x00, 0x07,
  0xFF, 0xFF, 0xC0, 0x00, 0x00, 0x00, 0x00, 0x00, 0x00, 0x00, 0x1F, 0xFF,
  0xFF, 0x00, 0x00, 0x00, 0x00, 0x00, 0x00, 0x00, 0x00, 0x7F, 0xFF, 0xFC,
  0x00, 0x00, 0x00, 0x00, 0x00, 0x00, 0x00, 0x01, 0xFF, 0xFF, 0xF0, 0x00,
  0x00, 0x00, 0x00, 0x00, 0x00, 0x00, 0x07, 0xFF, 0xFF, 0xC0, 0x00, 0x00,
  0x00, 0x00, 0x00, 0x00, 0x00, 0x1F, 0xFF, 0xFF, 0x00, 0x00, 0x00, 0x00,
  0x00, 0x00, 0x00, 0x00, 0x7F, 0xFF, 0xFC, 0x00, 0x00, 0x00, 0x00, 0x00,
  0x00, 0x00, 0x01, 0xFF, 0xFF, 0xF0, 0x00, 0x00, 0x00, 0x00, 0x00, 0x00,
  0x00, 0x07, 0xFF, 0xFF, 0xC0, 0x00, 0x00, 0x00, 0x00, 0x00, 0x00, 0x00,
  0x1F, 0xFF, 0xFF, 0x00, 0x00, 0x00, 0x00, 0x00, 0x00, 0x00, 0x00, 0x7F,
  0xFF, 0xFC, 0x00, 0x00, 0x00, 0x00, 0x00, 0x00, 0x00, 0x01, 0xFF, 0xFF,
  0xF0, 0x00, 0x00, 0x00, 0x00, 0x00, 0x00, 0x00, 0x07, 0xFF, 0xFF, 0xC0,
  0x00, 0x00, 0x00, 0x00, 0x00, 0x00, 0x00, 0x1F, 0xFF, 0xFF, 0x00, 0x00,
  0x00, 0x00, 0x00, 0x00, 0x00, 0x00, 0x7F, 0xFF, 0xFC, 0x00, 0x00, 0x00,
  0x00, 0x00, 0x00, 0x00, 0x00, 0xFF, 0xFF, 0xE0, 0x00, 0x00, 0x00, 0x00,
  0x00, 0x00, 0x00, 0x03, 0xFF, 0xFF, 0x80, 0x00, 0x00, 0x00, 0x00, 0x00,
  0x00, 0x00, 0x07, 0xFF, 0xFC, 0x00, 0x00, 0x00, 0x00, 0x00, 0x00, 0x00,
  0x00, 0x0F, 0xFF, 0xE0, 0x00, 0x00, 0x00, 0x00, 0x00, 0x00, 0x00, 0x00,
  0x1F, 0xFF, 0x00, 0x00, 0x00, 0x00, 0x00, 0x00, 0x00, 0x00, 0x00, 0x3F,
  0xF8, 0x00, 0x00, 0x00, 0x00, 0x00, 0x00, 0x00, 0x00, 0x00, 0x3F, 0x80,
  0x00, 0x00, 0x00, 0x07, 0xFF, 0xFF, 0xFF, 0xFF, 0xFF, 0xFC, 0x00, 0x00,
  0x1F, 0xFF, 0xFF, 0xFF, 0xFF, 0xFF, 0xFF, 0x00, 0x00, 0x3F, 0xFF, 0xFF,
  0xFF, 0xFF, 0xFF, 0xFF, 0xC0, 0x00, 0x7F, 0xFF, 0xFF, 0xFF, 0xFF, 0xFF,
  0xFF, 0xC0, 0x00, 0xFF, 0xFF, 0xFF, 0xFF, 0xFF, 0xFF, 0xFF, 0xE0, 0x01,
  0xFF, 0xFF, 0xFF, 0xFF, 0xFF, 0xFF, 0xFF, 0xF0, 0x01, 0xFF, 0xFF, 0xFF,
  0xFF, 0xFF, 0xFF, 0xFF, 0xF0, 0x01, 0xFF, 0xFF, 0xFF, 0xFF, 0xFF, 0xFF,
  0xFF, 0xF0, 0x01, 0xFF, 0xFF, 0xFF, 0xFF, 0xFF, 0xFF, 0xFF, 0xF8, 0x01,
  0xFF, 0xFF, 0xFF, 0xFF, 0xFF, 0xFF, 0xFF, 0xF8, 0x01, 0xFF, 0xFF, 0xFF,
  0xFF, 0xFF, 0xFF, 0xFF, 0xF0, 0x03, 0xFF, 0xFF, 0xFF, 0xFF, 0xFF, 0xFF,
  0xFF, 0xF0, 0x03, 0xFF, 0xFF, 0xFF, 0xFF, 0xFF, 0xFF, 0xFF, 0xF0, 0x03,
  0xFF, 0xFF, 0xFF, 0xFF, 0xFF, 0xFF, 0xFF, 0xE0, 0x03, 0xFF, 0xFF, 0xFF,
  0xFF, 0xFF, 0xFF, 0xFF, 0xE0, 0x03, 0xFF, 0xFF, 0xFF, 0xFF, 0xFF, 0xFF,
  0xFF, 0xC0, 0x03, 0xFF, 0xFF, 0xFF, 0xFF, 0xFF, 0xFF, 0xFF, 0x00, 0x03,
  0xFF, 0xFF, 0xFF, 0xFF, 0xFF, 0xFF, 0xFC, 0x00, 0x03, 0xFF, 0xFF, 0xC0,
  0x00, 0x00, 0x00, 0x00, 0x00, 0x03, 0xFF, 0xFF, 0xC0, 0x00, 0x00, 0x00,
  0x00, 0x00, 0x03, 0xFF, 0xFF, 0xC0, 0x00, 0x00, 0x00, 0x00, 0x00, 0x03,
  0xFF, 0xFF, 0xC0, 0x00, 0x00, 0x00, 0x00, 0x00, 0x03, 0xFF, 0xFF, 0xC0,
  0x00, 0x00, 0x00, 0x00, 0x00, 0x03, 0xFF, 0xFF, 0xC0, 0x00, 0x00, 0x00,
  0x00, 0x00, 0x03, 0xFF, 0xFF, 0x80, 0x00, 0x00, 0x00, 0x00, 0x00, 0x03,
  0xFF, 0xFF, 0x80, 0x00, 0x00, 0x00, 0x00, 0x00, 0x03, 0xFF, 0xFF, 0x80,
  0x00, 0x00, 0x00, 0x00, 0x00, 0x07, 0xFF, 0xFF, 0x80, 0x00, 0x00, 0x00,
  0x00, 0x00, 0x07, 0xFF, 0xFF, 0x80, 0x00, 0x00, 0x00, 0x00, 0x00, 0x07,
  0xFF, 0xFF, 0x80, 0x00, 0x00, 0x00, 0x00, 0x00, 0x07, 0xFF, 0xFF, 0x80,
  0x00, 0x00, 0x00, 0x00, 0x00, 0x07, 0xFF, 0xFF, 0x80, 0x00, 0x00, 0x00,
  0x00, 0x00, 0x07, 0xFF, 0xFF, 0x80, 0x00, 0x00, 0x00, 0x00, 0x00, 0x07,
  0xFF, 0xFF, 0x80, 0x00, 0x00, 0x00, 0x00, 0x00, 0x07, 0xFF, 0xFF, 0x81,
  0xFF, 0xF8, 0x00, 0x00, 0x00, 0x07, 0xFF, 0xFF, 0xFF, 0xFF, 0xFF, 0xC0,
  0x00, 0x00, 0x07, 0xFF, 0xFF, 0xFF, 0xFF, 0xFF, 0xF8, 0x00, 0x00, 0x07,
  0xFF, 0xFF, 0xFF, 0xFF, 0xFF, 0xFF, 0x00, 0x00, 0x07, 0xFF, 0xFF, 0xFF,
  0xFF, 0xFF, 0xFF, 0xC0, 0x00, 0x07, 0xFF, 0xFF, 0xFF, 0xFF, 0xFF, 0xFF,
  0xE0, 0x00, 0x07, 0xFF, 0xFF, 0xFF, 0xFF, 0xFF, 0xFF, 0xF8, 0x00, 0x07,
  0xFF, 0xFF, 0xFF, 0xFF, 0xFF, 0xFF, 0xFC, 0x00, 0x07, 0xFF, 0xFF, 0xFF,
  0xFF, 0xFF, 0xFF, 0xFE, 0x00, 0x07, 0xFF, 0xFF, 0xFF, 0xFF, 0xFF, 0xFF,
  0xFF, 0x00, 0x07, 0xFF, 0xFF, 0xFF, 0xFF, 0xFF, 0xFF, 0xFF, 0x80, 0x07,
  0xFF, 0xFF, 0xFF, 0xFF, 0xFF, 0xFF, 0xFF, 0xC0, 0x07, 0xFF, 0xFF, 0xFF,
  0xFF, 0xFF, 0xFF, 0xFF, 0xE0, 0x03, 0xFF, 0xFF, 0xFF, 0xFF, 0xFF, 0xFF,
  0xFF, 0xE0, 0x01, 0xFF, 0xFF, 0xFF, 0xFF, 0xFF, 0xFF, 0xFF, 0xF0, 0x00,
  0xFF, 0xFF, 0xFF, 0xFF, 0xFF, 0xFF, 0xFF, 0xF8, 0x00, 0x7F, 0xFF, 0xFF,
  0xFF, 0xFF, 0xFF, 0xFF, 0xF8, 0x00, 0x3F, 0xFF, 0xFF, 0xFF, 0xFF, 0xFF,
  0xFF, 0xF8, 0x00, 0x0F, 0xFF, 0xE0, 0x01, 0xFF, 0xFF, 0xFF, 0xFC, 0x00,
  0x03, 0xFE, 0x00, 0x00, 0x3F, 0xFF, 0xFF, 0xFC, 0x00, 0x00, 0x60, 0x00,
  0x00, 0x0F, 0xFF, 0xFF, 0xFE, 0x00, 0x00, 0x00, 0x00, 0x00, 0x03, 0xFF,
  0xFF, 0xFE, 0x00, 0x00, 0x00, 0x00, 0x00, 0x01, 0xFF, 0xFF, 0xFE, 0x00,
  0x00, 0x00, 0x00, 0x00, 0x00, 0xFF, 0xFF, 0xFE, 0x00, 0x00, 0x00, 0x00,
  0x00, 0x00, 0x7F, 0xFF, 0xFE, 0x00, 0x00, 0x00, 0x00, 0x00, 0x00, 0x3F,
  0xFF, 0xFF, 0x00, 0x00, 0x00, 0x00, 0x00, 0x00, 0x3F, 0xFF, 0xFF, 0x00,
  0x00, 0x00, 0x00, 0x00, 0x00, 0x3F, 0xFF, 0xFF, 0x00, 0x00, 0x00, 0x00,
  0x00, 0x00, 0x1F, 0xFF, 0xFF, 0x00, 0x00, 0x00, 0x00, 0x00, 0x00, 0x1F,
  0xFF, 0xFF, 0x00, 0x00, 0x00, 0x00, 0x00, 0x00, 0x1F, 0xFF, 0xFF, 0x00,
  0x00, 0x00, 0x00, 0x00, 0x00, 0x1F, 0xFF, 0xFF, 0x00, 0x00, 0x00, 0x00,
  0x00, 0x00, 0x1F, 0xFF, 0xFF, 0x00, 0x00, 0x00, 0x00, 0x00, 0x00, 0x1F,
  0xFF, 0xFF, 0x00, 0x00, 0x00, 0x00, 0x00, 0x00, 0x1F, 0xFF, 0xFF, 0x00,
  0x00, 0x00, 0x00, 0x00, 0x00, 0x1F, 0xFF, 0xFF, 0x00, 0x00, 0x00, 0x00,
  0x00, 0x00, 0x3F, 0xFF, 0xFF, 0x00, 0x20, 0x00, 0x00, 0x00, 0x00, 0x3F,
  0xFF, 0xFF, 0x03, 0xFE, 0x00, 0x00, 0x00, 0x00, 0x3F, 0xFF, 0xFE, 0x0F,
  0xFF, 0x00, 0x00, 0x00, 0x00, 0x7F, 0xFF, 0xFE, 0x1F, 0xFF, 0xC0, 0x00,
  0x00, 0x00, 0xFF, 0xFF, 0xFE, 0x3F, 0xFF, 0xE0, 0x00, 0x00, 0x01, 0xFF,
  0xFF, 0xFE, 0x3F, 0xFF, 0xF8, 0x00, 0x00, 0x03, 0xFF, 0xFF, 0xFE, 0x7F,
  0xFF, 0xFE, 0x00, 0x00, 0x07, 0xFF, 0xFF, 0xFC, 0x7F, 0xFF, 0xFF, 0xC0,
  0x00, 0x1F, 0xFF, 0xFF, 0xFC, 0xFF, 0xFF, 0xFF, 0xFC, 0x00, 0xFF, 0xFF,
  0xFF, 0xFC, 0xFF, 0xFF, 0xFF, 0xFF, 0xFF, 0xFF, 0xFF, 0xFF, 0xF8, 0xFF,
  0xFF, 0xFF, 0xFF, 0xFF, 0xFF, 0xFF, 0xFF, 0xF8, 0xFF, 0xFF, 0xFF, 0xFF,
  0xFF, 0xFF, 0xFF, 0xFF, 0xF0, 0xFF, 0xFF, 0xFF, 0xFF, 0xFF, 0xFF, 0xFF,
  0xFF, 0xF0, 0xFF, 0xFF, 0xFF, 0xFF, 0xFF, 0xFF, 0xFF, 0xFF, 0xE0, 0xFF,
  0xFF, 0xFF, 0xFF, 0xFF, 0xFF, 0xFF, 0xFF, 0xC0, 0x7F, 0xFF, 0xFF, 0xFF,
  0xFF, 0xFF, 0xFF, 0xFF, 0xC0, 0x7F, 0xFF, 0xFF, 0xFF, 0xFF, 0xFF, 0xFF,
  0xFF, 0x80, 0x3F, 0xFF, 0xFF, 0xFF, 0xFF, 0xFF, 0xFF, 0xFF, 0x00, 0x1F,
  0xFF, 0xFF, 0xFF, 0xFF, 0xFF, 0xFF, 0xFE, 0x00, 0x0F, 0xFF, 0xFF, 0xFF,
  0xFF, 0xFF, 0xFF, 0xFC, 0x00, 0x03, 0xFF, 0xFF, 0xFF, 0xFF, 0xFF, 0xFF,
  0xF8, 0x00, 0x01, 0xFF, 0xFF, 0xFF, 0xFF, 0xFF, 0xFF, 0xF0, 0x00, 0x00,
  0x7F, 0xFF, 0xFF, 0xFF, 0xFF, 0xFF, 0xC0, 0x00, 0x00, 0x1F, 0xFF, 0xFF,
  0xFF, 0xFF, 0xFF, 0x80, 0x00, 0x00, 0x07, 0xFF, 0xFF, 0xFF, 0xFF, 0xFE,
  0x00, 0x00, 0x00, 0x01, 0xFF, 0xFF, 0xFF, 0xFF, 0xF8, 0x00, 0x00, 0x00,
  0x00, 0x3F, 0xFF, 0xFF, 0xFF, 0xE0, 0x00, 0x00, 0x00, 0x00, 0x03, 0xFF,
  0xFF, 0xFE, 0x00, 0x00, 0x00, 0x00, 0x00, 0x00, 0x1F, 0xFF, 0xC0, 0x00,
  0x00, 0x00, 0x00, 0x00, 0x00, 0x00, 0x0F, 0xFF, 0xE0, 0x00, 0x00, 0x00,
  0x00, 0x00, 0x00, 0x07, 0xFF, 0xFF, 0xFC, 0x00, 0x00, 0x00, 0x00, 0x00,
  0x00, 0xFF, 0xFF, 0xFF, 0xFF, 0x00, 0x00, 0x00, 0x00, 0x00, 0x0F, 0xFF,
  0xFF, 0xFF, 0xFF, 0x00, 0x00, 0x00, 0x00, 0x00, 0xFF, 0xFF, 0xFF, 0xFF,
  0xFF, 0x80, 0x00, 0x00, 0x00, 0x0F, 0xFF, 0xFF, 0xFF, 0xFF, 0xFF, 0x00,
  0x00, 0x00, 0x00, 0xFF, 0xFF, 0xFF, 0xFF, 0xFF, 0xFF, 0x00, 0x00, 0x00,
  0x07, 0xFF, 0xFF, 0xFF, 0xFF, 0xFF, 0xFE, 0x00, 0x00, 0x00, 0x7F, 0xFF,
  0xFF, 0xFF, 0xFF, 0xFF, 0xFC, 0x00, 0x00, 0x03, 0xFF, 0xFF, 0xFF, 0xFF,
  0xFF, 0xFF, 0xF8, 0x00, 0x00, 0x1F, 0xFF, 0xFF, 0xFF, 0xFF, 0xFF, 0xFF,
  0xF0, 0x00, 0x00, 0xFF, 0xFF, 0xFF, 0xFF, 0xFF, 0xFF, 0xFF, 0xC0, 0x00,
  0x07, 0xFF, 0xFF, 0xFF, 0xFF, 0xFF, 0xFF, 0xFF, 0x80, 0x00, 0x3F, 0xFF,
  0xFF, 0xFF, 0xFF, 0xFF, 0xFF, 0xFE, 0x00, 0x01, 0xFF, 0xFF, 0xFF, 0xFF,
  0xFF, 0xFF, 0xFF, 0xF8, 0x00, 0x07, 0xFF, 0xFF, 0xFF, 0xFF, 0xFF, 0xFF,
  0xFF, 0xE0, 0x00, 0x3F, 0xFF, 0xFF, 0xFF, 0xFF, 0xFF, 0xFF, 0xFF, 0x80,
  0x01, 0xFF, 0xFF, 0xFF, 0xFF, 0xFF, 0xFF, 0xFF, 0xFE, 0x00, 0x07, 0xFF,
  0xFF, 0xFF, 0xFF, 0xFF, 0xFF, 0xFF, 0xF8, 0x00, 0x3F, 0xFF, 0xFF, 0xFF,
  0xFF, 0xFF, 0xFF, 0xFF, 0xC0, 0x00, 0xFF, 0xFF, 0xFF, 0xFC, 0x00, 0xFF,
  0xFF, 0xFF, 0x00, 0x07, 0xFF, 0xFF, 0xFF, 0x80, 0x00, 0x3F, 0xFF, 0xF8,
  0x00, 0x1F, 0xFF, 0xFF, 0xF8, 0x00, 0x00, 0x3F, 0xFF, 0xC0, 0x00, 0xFF,
  0xFF, 0xFF, 0xC0, 0x00, 0x00, 0x3F, 0xFE, 0x00, 0x03, 0xFF, 0xFF, 0xFE,
  0x00, 0x00, 0x00, 0x3F, 0xE0, 0x00, 0x1F, 0xFF, 0xFF, 0xE0, 0x00, 0x00,
  0x00, 0x1C, 0x00, 0x00, 0x7F, 0xFF, 0xFF, 0x80, 0x00, 0x00, 0x00, 0x00,
  0x00, 0x03, 0xFF, 0xFF, 0xFC, 0x00, 0x00, 0x00, 0x00, 0x00, 0x00, 0x0F,
  0xFF, 0xFF, 0xE0, 0x00, 0x00, 0x00, 0x00, 0x00, 0x00, 0x3F, 0xFF, 0xFF,
  0x80, 0x00, 0x00, 0x00, 0x00, 0x00, 0x01, 0xFF, 0xFF, 0xFC, 0x00, 0x00,
  0x00, 0x00, 0x00, 0x00, 0x07, 0xFF, 0xFF, 0xF0, 0x00, 0x00, 0x00, 0x00,
  0x00, 0x00, 0x1F, 0xFF, 0xFF, 0x80, 0x00, 0x00, 0x00, 0x00, 0x00, 0x00,
  0xFF, 0xFF, 0xFE, 0x00, 0x00, 0x00, 0x00, 0x00, 0x00, 0x03, 0xFF, 0xFF,
  0xF0, 0x00, 0x00, 0x00, 0x00, 0x00, 0x00, 0x0F, 0xFF, 0xFF, 0xC0, 0x00,
  0x00, 0x00, 0x00, 0x00, 0x00, 0x3F, 0xFF, 0xFF, 0x00, 0x00, 0x00, 0x00,
  0x00, 0x00, 0x00, 0xFF, 0xFF, 0xFC, 0x00, 0x3F, 0xFF, 0x00, 0x00, 0x00,
  0x07, 0xFF, 0xFF, 0xE0, 0x0F, 0xFF, 0xFF, 0xE0, 0x00, 0x00, 0x1F, 0xFF,
  0xFF, 0x80, 0xFF, 0xFF, 0xFF, 0xF0, 0x00, 0x00, 0x7F, 0xFF, 0xFE, 0x0F,
  0xFF, 0xFF, 0xFF, 0xF8, 0x00, 0x01, 0xFF, 0xFF, 0xF8, 0xFF, 0xFF, 0xFF,
  0xFF, 0xF8, 0x00, 0x07, 0xFF, 0xFF, 0xEF, 0xFF, 0xFF, 0xFF, 0xFF, 0xF0,
  0x00, 0x1F, 0xFF, 0xFF, 0xFF, 0xFF, 0xFF, 0xFF, 0xFF, 0xF0, 0x00, 0xFF,
  0xFF, 0xFF, 0xFF, 0xFF, 0xFF, 0xFF, 0xFF, 0xE0, 0x03, 0xFF, 0xFF, 0xFF,
  0xFF, 0xFF, 0xFF, 0xFF, 0xFF, 0xE0, 0x0F, 0xFF, 0xFF, 0xFF, 0xFF, 0xFF,
  0xFF, 0xFF, 0xFF, 0xC0, 0x3F, 0xFF, 0xFF, 0xFF, 0xFF, 0xFF, 0xFF, 0xFF,
  0xFF, 0x80, 0xFF, 0xFF, 0xFF, 0xFF, 0xFF, 0xFF, 0xFF, 0xFF, 0xFE, 0x03,
  0xFF, 0xFF, 0xFF, 0xFF, 0xFF, 0xFF, 0xFF, 0xFF, 0xFC, 0x0F, 0xFF, 0xFF,
  0xFF, 0xFF, 0xFF, 0xFF, 0xFF, 0xFF, 0xF8, 0x3F, 0xFF, 0xFF, 0xFF, 0xFF,
  0xFF, 0xFF, 0xFF, 0xFF, 0xF0, 0xFF, 0xFF, 0xFF, 0xFF, 0xFF, 0xFF, 0xFF,
  0xFF, 0xFF, 0xC3, 0xFF, 0xFF, 0xFF, 0xFF, 0xFF, 0xFF, 0xFF, 0xFF, 0xFF,
  0x8F, 0xFF, 0xFF, 0xFF, 0xFF, 0xFF, 0xFF, 0xFF, 0xFF, 0xFE, 0x3F, 0xFF,
  0xFF, 0xFF, 0xF0, 0x03, 0xFF, 0xFF, 0xFF, 0xFC, 0xFF, 0xFF, 0xFF, 0xFE,
  0x00, 0x00, 0xFF, 0xFF, 0xFF, 0xF3, 0xFF, 0xFF, 0xFF, 0xE0, 0x00, 0x00,
  0xFF, 0xFF, 0xFF, 0xCF, 0xFF, 0xFF, 0xFE, 0x00, 0x00, 0x01, 0xFF, 0xFF,
  0xFF, 0xBF, 0xFF, 0xFF, 0xF0, 0x00, 0x00, 0x01, 0xFF, 0xFF, 0xFE, 0xFF,
  0xFF, 0xFF, 0x80, 0x00, 0x00, 0x03, 0xFF, 0xFF, 0xFB, 0xFF, 0xFF, 0xFC,
  0x00, 0x00, 0x00, 0x0F, 0xFF, 0xFF, 0xEF, 0xFF, 0xFF, 0xF0, 0x00, 0x00,
  0x00, 0x1F, 0xFF, 0xFF, 0xFF, 0xFF, 0xFF, 0x80, 0x00, 0x00, 0x00, 0x3F,
  0xFF, 0xFF, 0xFF, 0xFF, 0xFE, 0x00, 0x00, 0x00, 0x00, 0xFF, 0xFF, 0xFF,
  0xFF, 0xFF, 0xF0, 0x00, 0x00, 0x00, 0x03, 0xFF, 0xFF, 0xF7, 0xFF, 0xFF,
  0xC0, 0x00, 0x00, 0x00, 0x07, 0xFF, 0xFF, 0xDF, 0xFF, 0xFF, 0x00, 0x00,
  0x00, 0x00, 0x1F, 0xFF, 0xFF, 0x7F, 0xFF, 0xFC, 0x00, 0x00, 0x00, 0x00,
  0x7F, 0xFF, 0xFD, 0xFF, 0xFF, 0xF0, 0x00, 0x00, 0x00, 0x01, 0xFF, 0xFF,
  0xF7, 0xFF, 0xFF, 0xC0, 0x00, 0x00, 0x00, 0x07, 0xFF, 0xFF, 0xDF, 0xFF,
  0xFF, 0x00, 0x00, 0x00, 0x00, 0x1F, 0xFF, 0xFF, 0x3F, 0xFF, 0xFC, 0x00,
  0x00, 0x00, 0x00, 0x7F, 0xFF, 0xFC, 0xFF, 0xFF, 0xF0, 0x00, 0x00, 0x00,
  0x01, 0xFF, 0xFF, 0xF3, 0xFF, 0xFF, 0xE0, 0x00, 0x00, 0x00, 0x0F, 0xFF,
  0xFF, 0xCF, 0xFF, 0xFF, 0x80, 0x00, 0x00, 0x00, 0x3F, 0xFF, 0xFE, 0x1F,
  0xFF, 0xFE, 0x00, 0x00, 0x00, 0x00, 0xFF, 0xFF, 0xF8, 0x7F, 0xFF, 0xFC,
  0x00, 0x00, 0x00, 0x07, 0xFF, 0xFF, 0xE1, 0xFF, 0xFF, 0xF8, 0x00, 0x00,
  0x00, 0x3F, 0xFF, 0xFF, 0x83, 0xFF, 0xFF, 0xE0, 0x00, 0x00, 0x00, 0xFF,
  0xFF, 0xFC, 0x0F, 0xFF, 0xFF, 0xC0, 0x00, 0x00, 0x07, 0xFF, 0xFF, 0xF0,
  0x3F, 0xFF, 0xFF, 0xC0, 0x00, 0x00, 0x3F, 0xFF, 0xFF, 0xC0, 0x7F, 0xFF,
  0xFF, 0x80, 0x00, 0x03, 0xFF, 0xFF, 0xFE, 0x01, 0xFF, 0xFF, 0xFF, 0x80,
  0x00, 0x3F, 0xFF, 0xFF, 0xF8, 0x03, 0xFF, 0xFF, 0xFF, 0xE0, 0x07, 0xFF,
  0xFF, 0xFF, 0xC0, 0x07, 0xFF, 0xFF, 0xFF, 0xFF, 0xFF, 0xFF, 0xFF, 0xFF,
  0x00, 0x1F, 0xFF, 0xFF, 0xFF, 0xFF, 0xFF, 0xFF, 0xFF, 0xF8, 0x00, 0x3F,
  0xFF, 0xFF, 0xFF, 0xFF, 0xFF, 0xFF, 0xFF, 0xC0, 0x00, 0xFF, 0xFF, 0xFF,
  0xFF, 0xFF, 0xFF, 0xFF, 0xFF, 0x00, 0x01, 0xFF, 0xFF, 0xFF, 0xFF, 0xFF,
  0xFF, 0xFF, 0xF8, 0x00, 0x03, 0xFF, 0xFF, 0xFF, 0xFF, 0xFF, 0xFF, 0xFF,
  0xC0, 0x00, 0x07, 0xFF, 0xFF, 0xFF, 0xFF, 0xFF, 0xFF, 0xFE, 0x00, 0x00,
  0x0F, 0xFF, 0xFF, 0xFF, 0xFF, 0xFF, 0xFF, 0xF0, 0x00, 0x00, 0x1F, 0xFF,
  0xFF, 0xFF, 0xFF, 0xFF, 0xFF, 0x80, 0x00, 0x00, 0x3F, 0xFF, 0xFF, 0xFF,
  0xFF, 0xFF, 0xFC, 0x00, 0x00, 0x00, 0x7F, 0xFF, 0xFF, 0xFF, 0xFF, 0xFF,
  0xE0, 0x00, 0x00, 0x00, 0x7F, 0xFF, 0xFF, 0xFF, 0xFF, 0xFE, 0x00, 0x00,
  0x00, 0x00, 0xFF, 0xFF, 0xFF, 0xFF, 0xFF, 0xF0, 0x00, 0x00, 0x00, 0x00,
  0xFF, 0xFF, 0xFF, 0xFF, 0xFF, 0x00, 0x00, 0x00, 0x00, 0x00, 0xFF, 0xFF,
  0xFF, 0xFF, 0xF0, 0x00, 0x00, 0x00, 0x00, 0x00, 0xFF, 0xFF, 0xFF, 0xFE,
  0x00, 0x00, 0x00, 0x00, 0x00, 0x00, 0x7F, 0xFF, 0xFF, 0xC0, 0x00, 0x00,
  0x00, 0x00, 0x00, 0x00, 0x0F, 0xFF, 0xF0, 0x00, 0x00, 0x00, 0x00, 0x03,
  0xFF, 0xFF, 0xFF, 0xFF, 0xFF, 0xFF, 0xFF, 0xE0, 0x07, 0xFF, 0xFF, 0xFF,
  0xFF, 0xFF, 0xFF, 0xFF, 0xFC, 0x07, 0xFF, 0xFF, 0xFF, 0xFF, 0xFF, 0xFF,
  0xFF, 0xFF, 0x07, 0xFF, 0xFF, 0xFF, 0xFF, 0xFF, 0xFF, 0xFF, 0xFF, 0xC7,
  0xFF, 0xFF, 0xFF, 0xFF, 0xFF, 0xFF, 0xFF, 0xFF, 0xF3, 0xFF, 0xFF, 0xFF,
  0xFF, 0xFF, 0xFF, 0xFF, 0xFF, 0xFB, 0xFF, 0xFF, 0xFF, 0xFF, 0xFF, 0xFF,
  0xFF, 0xFF, 0xFF, 0xFF, 0xFF, 0xFF, 0xFF, 0xFF, 0xFF, 0xFF, 0xFF, 0xFF,
  0xFF, 0xFF, 0xFF, 0xFF, 0xFF, 0xFF, 0xFF, 0xFF, 0xFF, 0xFF, 0xFF, 0xFF,
  0xFF, 0xFF, 0xFF, 0xFF, 0xFF, 0xFF, 0xFF, 0xFF, 0xFF, 0xFF, 0xFF, 0xFF,
  0xFF, 0xFF, 0xFF, 0xFF, 0xFF, 0xFF, 0xFF, 0xFF, 0xFF, 0xFF, 0xFF, 0xFF,
  0xF7, 0xFF, 0xFF, 0xFF, 0xFF, 0xFF, 0xFF, 0xFF, 0xFF, 0xFB, 0xFF, 0xFF,
  0xFF, 0xFF, 0xFF, 0xFF, 0xFF, 0xFF, 0xFC, 0xFF, 0xFF, 0xFF, 0xFF, 0xFF,
  0xFF, 0xFF, 0xFF, 0xFC, 0x3F, 0xFF, 0xFF, 0xFF, 0xFF, 0xFF, 0xFF, 0xFF,
  0xFE, 0x0F, 0xFF, 0xFF, 0xFF, 0xFF, 0xFF, 0xFF, 0xFF, 0xFF, 0x01, 0xFF,
  0xFF, 0xFF, 0xFF, 0xFF, 0xFF, 0xFF, 0xFF, 0x00, 0x00, 0x00, 0x00, 0x00,
  0x00, 0x7F, 0xFF, 0xFF, 0x80, 0x00, 0x00, 0x00, 0x00, 0x00, 0x7F, 0xFF,
  0xFF, 0x80, 0x00, 0x00, 0x00, 0x00, 0x00, 0x3F, 0xFF, 0xFF, 0xC0, 0x00,
  0x00, 0x00, 0x00, 0x00, 0x3F, 0xFF, 0xFF, 0xC0, 0x00, 0x00, 0x00, 0x00,
  0x00, 0x1F, 0xFF, 0xFF, 0xE0, 0x00, 0x00, 0x00, 0x00, 0x00, 0x1F, 0xFF,
  0xFF, 0xE0, 0x00, 0x00, 0x00, 0x00, 0x00, 0x0F, 0xFF, 0xFF, 0xF0, 0x00,
  0x00, 0x00, 0x00, 0x00, 0x0F, 0xFF, 0xFF, 0xF0, 0x00, 0x00, 0x00, 0x00,
  0x00, 0x0F, 0xFF, 0xFF, 0xF0, 0x00, 0x00, 0x00, 0x00, 0x00, 0x07, 0xFF,
  0xFF, 0xF8, 0x00, 0x00, 0x00, 0x00, 0x00, 0x07, 0xFF, 0xFF, 0xF8, 0x00,
  0x00, 0x00, 0x00, 0x00, 0x03, 0xFF, 0xFF, 0xFC, 0x00, 0x00, 0x00, 0x00,
  0x00, 0x03, 0xFF, 0xFF, 0xFC, 0x00, 0x00, 0x00, 0x00, 0x00, 0x01, 0xFF,
  0xFF, 0xFE, 0x00, 0x00, 0x00, 0x00, 0x00, 0x01, 0xFF, 0xFF, 0xFE, 0x00,
  0x00, 0x00, 0x00, 0x00, 0x01, 0xFF, 0xFF, 0xFF, 0x00, 0x00, 0x00, 0x00,
  0x00, 0x00, 0xFF, 0xFF, 0xFF, 0x00, 0x00, 0x00, 0x00, 0x00, 0x00, 0xFF,
  0xFF, 0xFF, 0x00, 0x00, 0x00, 0x00, 0x00, 0x00, 0x7F, 0xFF, 0xFF, 0x80,
  0x00, 0x00, 0x00, 0x00, 0x00, 0x7F, 0xFF, 0xFF, 0x80, 0x00, 0x00, 0x00,
  0x00, 0x00, 0x3F, 0xFF, 0xFF, 0xC0, 0x00, 0x00, 0x00, 0x00, 0x00, 0x3F,
  0xFF, 0xFF, 0xC0, 0x00, 0x00, 0x00, 0x00, 0x00, 0x3F, 0xFF, 0xFF, 0xE0,
  0x00, 0x00, 0x00, 0x00, 0x00, 0x1F, 0xFF, 0xFF, 0xE0, 0x00, 0x00, 0x00,
  0x00, 0x00, 0x1F, 0xFF, 0xFF, 0xF0, 0x00, 0x00, 0x00, 0x00, 0x00, 0x0F,
  0xFF, 0xFF, 0xF0, 0x00, 0x00, 0x00, 0x00, 0x00, 0x0F, 0xFF, 0xFF, 0xF0,
  0x00, 0x00, 0x00, 0x00, 0x00, 0x07, 0xFF, 0xFF, 0xF8, 0x00, 0x00, 0x00,
  0x00, 0x00, 0x07, 0xFF, 0xFF, 0xF8, 0x00, 0x00, 0x00, 0x00, 0x00, 0x07,
  0xFF, 0xFF, 0xFC, 0x00, 0x00, 0x00, 0x00, 0x00, 0x03, 0xFF, 0xFF, 0xFC,
  0x00, 0x00, 0x00, 0x00, 0x00, 0x03, 0xFF, 0xFF, 0xFE, 0x00, 0x00, 0x00,
  0x00, 0x00, 0x01, 0xFF, 0xFF, 0xFE, 0x00, 0x00, 0x00, 0x00, 0x00, 0x01,
  0xFF, 0xFF, 0xFF, 0x00, 0x00, 0x00, 0x00, 0x00, 0x00, 0xFF, 0xFF, 0xFF,
  0x00, 0x00, 0x00, 0x00, 0x00, 0x00, 0xFF, 0xFF, 0xFF, 0x00, 0x00, 0x00,
  0x00, 0x00, 0x00, 0x7F, 0xFF, 0xFF, 0x80, 0x00, 0x00, 0x00, 0x00, 0x00,
  0x7F, 0xFF, 0xFF, 0x80, 0x00, 0x00, 0x00, 0x00, 0x00, 0x7F, 0xFF, 0xFF,
  0xC0, 0x00, 0x00, 0x00, 0x00, 0x00, 0x3F, 0xFF, 0xFF, 0xC0, 0x00, 0x00,
  0x00, 0x00, 0x00, 0x3F, 0xFF, 0xFF, 0xE0, 0x00, 0x00, 0x00, 0x00, 0x00,
  0x1F, 0xFF, 0xFF, 0xE0, 0x00, 0x00, 0x00, 0x00, 0x00, 0x1F, 0xFF, 0xFF,
  0xF0, 0x00, 0x00, 0x00, 0x00, 0x00, 0x0F, 0xFF, 0xFF, 0xF0, 0x00, 0x00,
  0x00, 0x00, 0x00, 0x0F, 0xFF, 0xFF, 0xF0, 0x00, 0x00, 0x00, 0x00, 0x00,
  0x0F, 0xFF, 0xFF, 0xF8, 0x00, 0x00, 0x00, 0x00, 0x00, 0x07, 0xFF, 0xFF,
  0xF8, 0x00, 0x00, 0x00, 0x00, 0x00, 0x07, 0xFF, 0xFF, 0xFC, 0x00, 0x00,
  0x00, 0x00, 0x00, 0x03, 0xFF, 0xFF, 0xFC, 0x00, 0x00, 0x00, 0x00, 0x00,
  0x03, 0xFF, 0xFF, 0xFE, 0x00, 0x00, 0x00, 0x00, 0x00, 0x01, 0xFF, 0xFF,
  0xFE, 0x00, 0x00, 0x00, 0x00, 0x00, 0x01, 0xFF, 0xFF, 0xFF, 0x00, 0x00,
  0x00, 0x00, 0x00, 0x01, 0xFF, 0xFF, 0xFF, 0x00, 0x00, 0x00, 0x00, 0x00,
  0x00, 0xFF, 0xFF, 0xFF, 0x00, 0x00, 0x00, 0x00, 0x00, 0x00, 0xFF, 0xFF,
  0xFF, 0x80, 0x00, 0x00, 0x00, 0x00, 0x00, 0x7F, 0xFF, 0xFF, 0x80, 0x00,
  0x00, 0x00, 0x00, 0x00, 0x7F, 0xFF, 0xFF, 0xC0, 0x00, 0x00, 0x00, 0x00,
  0x00, 0x3F, 0xFF, 0xFF, 0xC0, 0x00, 0x00, 0x00, 0x00, 0x00, 0x3F, 0xFF,
  0xFF, 0xE0, 0x00, 0x00, 0x00, 0x00, 0x00, 0x3F, 0xFF, 0xFF, 0xE0, 0x00,
  0x00, 0x00, 0x00, 0x00, 0x1F, 0xFF, 0xFF, 0xF0, 0x00, 0x00, 0x00, 0x00,
  0x00, 0x1F, 0xFF, 0xFF, 0xF0, 0x00, 0x00, 0x00, 0x00, 0x00, 0x0F, 0xFF,
  0xFF, 0xF0, 0x00, 0x00, 0x00, 0x00, 0x00, 0x0F, 0xFF, 0xFF, 0xF8, 0x00,
  0x00, 0x00, 0x00, 0x00, 0x07, 0xFF, 0xFF, 0xF8, 0x00, 0x00, 0x00, 0x00,
  0x00, 0x07, 0xFF, 0xFF, 0xFC, 0x00, 0x00, 0x00, 0x00, 0x00, 0x03, 0xFF,
  0xFF, 0xFC, 0x00, 0x00, 0x00, 0x00, 0x00, 0x03, 0xFF, 0xFF, 0xFE, 0x00,
  0x00, 0x00, 0x00, 0x00, 0x01, 0xFF, 0xFF, 0xFE, 0x00, 0x00, 0x00, 0x00,
  0x00, 0x00, 0xFF, 0xFF, 0xFF, 0x00, 0x00, 0x00, 0x00, 0x00, 0x00, 0x7F,
  0xFF, 0xFF, 0x00, 0x00, 0x00, 0x00, 0x00, 0x00, 0x3F, 0xFF, 0xFF, 0x00,
  0x00, 0x00, 0x00, 0x00, 0x00, 0x1F, 0xFF, 0xFF, 0x80, 0x00, 0x00, 0x00,
  0x00, 0x00, 0x0F, 0xFF, 0xFF, 0x80, 0x00, 0x00, 0x00, 0x00, 0x00, 0x07,
  0xFF, 0xFF, 0xC0, 0x00, 0x00, 0x00, 0x00, 0x00, 0x01, 0xFF, 0xFF, 0xC0,
  0x00, 0x00, 0x00, 0x00, 0x00, 0x00, 0xFF, 0xFF, 0xC0, 0x00, 0x00, 0x00,
  0x00, 0x00, 0x00, 0x3F, 0xFF, 0xE0, 0x00, 0x00, 0x00, 0x00, 0x00, 0x00,
  0x0F, 0xFF, 0xC0, 0x00, 0x00, 0x00, 0x00, 0x00, 0x00, 0x01, 0xFF, 0xC0,
  0x00, 0x00, 0x00, 0x00, 0x00, 0x00, 0x00, 0x3F, 0x80, 0x00, 0x00, 0x00,
  0x00, 0x00, 0x00, 0x00, 0x00, 0x00, 0x01, 0xFF, 0xFC, 0x00, 0x00, 0x00,
  0x00, 0x00, 0x00, 0x07, 0xFF, 0xFF, 0xFE, 0x00, 0x00, 0x00, 0x00, 0x00,
  0x03, 0xFF, 0xFF, 0xFF, 0xFC, 0x00, 0x00, 0x00, 0x00, 0x00, 0xFF, 0xFF,
  0xFF, 0xFF, 0xF0, 0x00, 0x00, 0x00, 0x00, 0x3F, 0xFF, 0xFF, 0xFF, 0xFF,
  0xC0, 0x00, 0x00, 0x00, 0x0F, 0xFF, 0xFF, 0xFF, 0xFF, 0xFF, 0x00, 0x00,
  0x00, 0x03, 0xFF, 0xFF, 0xFF, 0xFF, 0xFF, 0xFC, 0x00, 0x00, 0x00, 0x7F,
  0xFF, 0xFF, 0xFF, 0xFF, 0xFF, 0xE0, 0x00, 0x00, 0x0F, 0xFF, 0xFF, 0xFF,
  0xFF, 0xFF, 0xFF, 0x00, 0x00, 0x01, 0xFF, 0xFF, 0xFF, 0xFF, 0xFF, 0xFF,
  0xF8, 0x00, 0x00, 0x3F, 0xFF, 0xFF, 0xFF, 0xFF, 0xFF, 0xFF, 0xC0, 0x00,
  0x07, 0xFF, 0xFF, 0xFF, 0xFF, 0xFF, 0xFF, 0xFE, 0x00, 0x00, 0xFF, 0xFF,
  0xFF, 0xFF, 0xFF, 0xFF, 0xFF, 0xF0, 0x00, 0x1F, 0xFF, 0xFF, 0xFF, 0xFF,
  0xFF, 0xFF, 0xFF, 0x80, 0x01, 0xFF, 0xFF, 0xFF, 0xFF, 0xFF, 0xFF, 0xFF,
  0xF8, 0x00, 0x3F, 0xFF, 0xFF, 0xFF, 0xFF, 0xFF, 0xFF, 0xFF, 0xC0, 0x07,
  0xFF, 0xFF, 0xFF, 0xFF, 0xFF, 0xFF, 0xFF, 0xFE, 0x00, 0x7F, 0xFF, 0xFF,
  0xFF, 0xFF, 0xFF, 0xFF, 0xFF, 0xE0, 0x07, 0xFF, 0xFF, 0xFF, 0x80, 0x3F,
  0xFF, 0xFF, 0xFE, 0x00, 0xFF, 0xFF, 0xFF, 0xE0, 0x00, 0x7F, 0xFF, 0xFF,
  0xF0, 0x0F, 0xFF, 0xFF, 0xF8, 0x00, 0x01, 0xFF, 0xFF, 0xFF, 0x00, 0xFF,
  0xFF, 0xFF, 0x00, 0x00, 0x0F, 0xFF, 0xFF, 0xF0, 0x1F, 0xFF, 0xFF, 0xE0,
  0x00, 0x00, 0x7F, 0xFF, 0xFF, 0x81, 0xFF, 0xFF, 0xFC, 0x00, 0x00, 0x03,
  0xFF, 0xFF, 0xF8, 0x1F, 0xFF, 0xFF, 0x80, 0x00, 0x00, 0x1F, 0xFF, 0xFF,
  0x81, 0xFF, 0xFF, 0xF8, 0x00, 0x00, 0x01, 0xFF, 0xFF, 0xF8, 0x1F, 0xFF,
  0xFF, 0x00, 0x00, 0x00, 0x0F, 0xFF, 0xFF, 0x81, 0xFF, 0xFF, 0xF0, 0x00,
  0x00, 0x00, 0xFF, 0xFF, 0xF8, 0x1F, 0xFF, 0xFF, 0x00, 0x00, 0x00, 0x0F,
  0xFF, 0xFF, 0x81, 0xFF, 0xFF, 0xF0, 0x00, 0x00, 0x00, 0xFF, 0xFF, 0xF8,
  0x1F, 0xFF, 0xFF, 0x00, 0x00, 0x00, 0x0F, 0xFF, 0xFF, 0x81, 0xFF, 0xFF,
  0xF0, 0x00, 0x00, 0x00, 0xFF, 0xFF, 0xF8, 0x1F, 0xFF, 0xFF, 0x00, 0x00,
  0x00, 0x0F, 0xFF, 0xFF, 0x80, 0xFF, 0xFF, 0xF8, 0x00, 0x00, 0x01, 0xFF,
  0xFF, 0xF0, 0x0F, 0xFF, 0xFF, 0x80, 0x00, 0x00, 0x1F, 0xFF, 0xFF, 0x00,
  0xFF, 0xFF, 0xF8, 0x00, 0x00, 0x01, 0xFF, 0xFF, 0xF0, 0x0F, 0xFF, 0xFF,
  0xC0, 0x00, 0x00, 0x3F, 0xFF, 0xFF, 0x00, 0x7F, 0xFF, 0xFE, 0x00, 0x00,
  0x07, 0xFF, 0xFF, 0xE0, 0x07, 0xFF, 0xFF, 0xF0, 0x00, 0x00, 0xFF, 0xFF,
  0xFE, 0x00, 0x3F, 0xFF, 0xFF, 0x80, 0x00, 0x1F, 0xFF, 0xFF, 0xC0, 0x03,
  0xFF, 0xFF, 0xFE, 0x00, 0x07, 0xFF, 0xFF, 0xFC, 0x00, 0x1F, 0xFF, 0xFF,
  0xFC, 0x03, 0xFF, 0xFF, 0xFF, 0x80, 0x00, 0xFF, 0xFF, 0xFF, 0xFF, 0xFF,
  0xFF, 0xFF, 0xF0, 0x00, 0x07, 0xFF, 0xFF, 0xFF, 0xFF, 0xFF, 0xFF, 0xFE,
  0x00, 0x00, 0x3F, 0xFF, 0xFF, 0xFF, 0xFF, 0xFF, 0xFF, 0xC0, 0x00, 0x01,
  0xFF, 0xFF, 0xFF, 0xFF, 0xFF, 0xFF, 0xF8, 0x00, 0x00, 0x0F, 0xFF, 0xFF,
  0xFF, 0xFF, 0xFF, 0xFF, 0x00, 0x00, 0x00, 0x7F, 0xFF, 0xFF, 0xFF, 0xFF,
  0xFF, 0xE0, 0x00, 0x00, 0x01, 0xFF, 0xFF, 0xFF, 0xFF, 0xFF, 0xF8, 0x00,
  0x00, 0x00, 0x1F, 0xFF, 0xFF, 0xFF, 0xFF, 0xFF, 0x80, 0x00, 0x00, 0x07,
  0xFF, 0xFF, 0xFF, 0xFF, 0xFF, 0xFE, 0x00, 0x00, 0x00, 0xFF, 0xFF, 0xFF,
  0xFF, 0xFF, 0xFF, 0xF0, 0x00, 0x00, 0x3F, 0xFF, 0xFF, 0xFF, 0xFF, 0xFF,
  0xFF, 0xC0, 0x00, 0x07, 0xFF, 0xFF, 0xFF, 0xFF, 0xFF, 0xFF, 0xFE, 0x00,
  0x00, 0xFF, 0xFF, 0xFF, 0xFF, 0xFF, 0xFF, 0xFF, 0xF0, 0x00, 0x3F, 0xFF,
  0xFF, 0xFF, 0xFF, 0xFF, 0xFF, 0xFF, 0x80, 0x03, 0xFF, 0xFF, 0xFF, 0xFF,
  0xFF, 0xFF, 0xFF, 0xFC, 0x00, 0x7F, 0xFF, 0xFF, 0xFF, 0xFF, 0xFF, 0xFF,
  0xFF, 0xE0, 0x0F, 0xFF, 0xFF, 0xFF, 0xFF, 0xFF, 0xFF, 0xFF, 0xFF, 0x01,
  0xFF, 0xFF, 0xFF, 0xF0, 0x01, 0xFF, 0xFF, 0xFF, 0xF8, 0x1F, 0xFF, 0xFF,
  0xF8, 0x00, 0x01, 0xFF, 0xFF, 0xFF, 0x83, 0xFF, 0xFF, 0xFE, 0x00, 0x00,
  0x07, 0xFF, 0xFF, 0xFC, 0x3F, 0xFF, 0xFF, 0x80, 0x00, 0x00, 0x1F, 0xFF,
  0xFF, 0xC7, 0xFF, 0xFF, 0xF0, 0x00, 0x00, 0x00, 0xFF, 0xFF, 0xFE, 0x7F,
  0xFF, 0xFE, 0x00, 0x00, 0x00, 0x07, 0xFF, 0xFF, 0xE7, 0xFF, 0xFF, 0xC0,
  0x00, 0x00, 0x00, 0x7F, 0xFF, 0xFE, 0x7F, 0xFF, 0xFC, 0x00, 0x00, 0x00,
  0x03, 0xFF, 0xFF, 0xEF, 0xFF, 0xFF, 0xC0, 0x00, 0x00, 0x00, 0x3F, 0xFF,
  0xFF, 0xFF, 0xFF, 0xF8, 0x00, 0x00, 0x00, 0x01, 0xFF, 0xFF, 0xFF, 0xFF,
  0xFF, 0x80, 0x00, 0x00, 0x00, 0x1F, 0xFF, 0xFF, 0xFF, 0xFF, 0xF8, 0x00,
  0x00, 0x00, 0x01, 0xFF, 0xFF, 0xFF, 0xFF, 0xFF, 0x80, 0x00, 0x00, 0x00,
  0x1F, 0xFF, 0xFF, 0xFF, 0xFF, 0xF8, 0x00, 0x00, 0x00, 0x01, 0xFF, 0xFF,
  0xFF, 0xFF, 0xFF, 0x80, 0x00, 0x00, 0x00, 0x1F, 0xFF, 0xFF, 0xFF, 0xFF,
  0xF8, 0x00, 0x00, 0x00, 0x01, 0xFF, 0xFF, 0xFF, 0xFF, 0xFF, 0xC0, 0x00,
  0x00, 0x00, 0x3F, 0xFF, 0xFF, 0xFF, 0xFF, 0xFC, 0x00, 0x00, 0x00, 0x03,
  0xFF, 0xFF, 0xFF, 0xFF, 0xFF, 0xE0, 0x00, 0x00, 0x00, 0x7F, 0xFF, 0xFF,
  0xFF, 0xFF, 0xFF, 0x00, 0x00, 0x00, 0x0F, 0xFF, 0xFF, 0xE7, 0xFF, 0xFF,
  0xF0, 0x00, 0x00, 0x00, 0xFF, 0xFF, 0xFE, 0x7F, 0xFF, 0xFF, 0xC0, 0x00,
  0x00, 0x3F, 0xFF, 0xFF, 0xE7, 0xFF, 0xFF, 0xFE, 0x00, 0x00, 0x07, 0xFF,
  0xFF, 0xFE, 0x3F, 0xFF, 0xFF, 0xF8, 0x00, 0x01, 0xFF, 0xFF, 0xFF, 0xC3,
  0xFF, 0xFF, 0xFF, 0xF8, 0x01, 0xFF, 0xFF, 0xFF, 0xFC, 0x3F, 0xFF, 0xFF,
  0xFF, 0xFF, 0xFF, 0xFF, 0xFF, 0xFF, 0xC1, 0xFF, 0xFF, 0xFF, 0xFF, 0xFF,
  0xFF, 0xFF, 0xFF, 0xF8, 0x1F, 0xFF, 0xFF, 0xFF, 0xFF, 0xFF, 0xFF, 0xFF,
  0xFF, 0x00, 0xFF, 0xFF, 0xFF, 0xFF, 0xFF, 0xFF, 0xFF, 0xFF, 0xF0, 0x07,
  0xFF, 0xFF, 0xFF, 0xFF, 0xFF, 0xFF, 0xFF, 0xFE, 0x00, 0x3F, 0xFF, 0xFF,
  0xFF, 0xFF, 0xFF, 0xFF, 0xFF, 0xC0, 0x01, 0xFF, 0xFF, 0xFF, 0xFF, 0xFF,
  0xFF, 0xFF, 0xF8, 0x00, 0x0F, 0xFF, 0xFF, 0xFF, 0xFF, 0xFF, 0xFF, 0xFF,
  0x00, 0x00, 0x7F, 0xFF, 0xFF, 0xFF, 0xFF, 0xFF, 0xFF, 0xE0, 0x00, 0x03,
  0xFF, 0xFF, 0xFF, 0xFF, 0xFF, 0xFF, 0xFC, 0x00, 0x00, 0x1F, 0xFF, 0xFF,
  0xFF, 0xFF, 0xFF, 0xFF, 0x80, 0x00, 0x00, 0x7F, 0xFF, 0xFF, 0xFF, 0xFF,
  0xFF, 0xE0, 0x00, 0x00, 0x03, 0xFF, 0xFF, 0xFF, 0xFF, 0xFF, 0xFC, 0x00,
  0x00, 0x00, 0x0F, 0xFF, 0xFF, 0xFF, 0xFF, 0xFF, 0x00, 0x00, 0x00, 0x00,
  0x3F, 0xFF, 0xFF, 0xFF, 0xFF, 0xC0, 0x00, 0x00, 0x00, 0x00, 0x7F, 0xFF,
  0xFF, 0xFF, 0xE0, 0x00, 0x00, 0x00, 0x00, 0x00, 0x7F, 0xFF, 0xFF, 0xE0,
  0x00, 0x00, 0x00, 0x00, 0x00, 0x00, 0x3F, 0xFF, 0xC0, 0x00, 0x00, 0x00,
  0x00, 0x00, 0x00, 0x01, 0xFF, 0xFC, 0x00, 0x00, 0x00, 0x00, 0x00, 0x00,
  0x00, 0xFF, 0xFF, 0xFF, 0x80, 0x00, 0x00, 0x00, 0x00, 0x00, 0x3F, 0xFF,
  0xFF, 0xFF, 0xC0, 0x00, 0x00, 0x00, 0x00, 0x03, 0xFF, 0xFF, 0xFF, 0xFF,
  0xC0, 0x00, 0x00, 0x00, 0x00, 0x3F, 0xFF, 0xFF, 0xFF, 0xFF, 0xC0, 0x00,
  0x00, 0x00, 0x03, 0xFF, 0xFF, 0xFF, 0xFF, 0xFF, 0xC0, 0x00, 0x00, 0x00,
  0x1F, 0xFF, 0xFF, 0xFF, 0xFF, 0xFF, 0x80, 0x00, 0x00, 0x01, 0xFF, 0xFF,
  0xFF, 0xFF, 0xFF, 0xFF, 0x80, 0x00, 0x00, 0x0F, 0xFF, 0xFF, 0xFF, 0xFF,
  0xFF, 0xFF, 0x00, 0x00, 0x00, 0x7F, 0xFF, 0xFF, 0xFF, 0xFF, 0xFF, 0xFE,
  0x00, 0x00, 0x03, 0xFF, 0xFF, 0xFF, 0xFF, 0xFF, 0xFF, 0xFC, 0x00, 0x00,
  0x1F, 0xFF, 0xFF, 0xFF, 0xFF, 0xFF, 0xFF, 0xF8, 0x00, 0x00, 0xFF, 0xFF,
  0xFF, 0xFF, 0xFF, 0xFF, 0xFF, 0xF0, 0x00, 0x07, 0xFF, 0xFF, 0xFF, 0xFF,
  0xFF, 0xFF, 0xFF, 0xE0, 0x00, 0x3F, 0xFF, 0xFF, 0xFF, 0xFF, 0xFF, 0xFF,
  0xFF, 0xC0, 0x01, 0xFF, 0xFF, 0xFF, 0xFF, 0xFF, 0xFF, 0xFF, 0xFF, 0x00,
  0x07, 0xFF, 0xFF, 0xFF, 0xFF, 0xFF, 0xFF, 0xFF, 0xFE, 0x00, 0x3F, 0xFF,
  0xFF, 0xFF, 0xFF, 0xFF, 0xFF, 0xFF, 0xFC, 0x00, 0xFF, 0xFF, 0xFF, 0xF8,
  0x01, 0xFF, 0xFF, 0xFF, 0xF0, 0x07, 0xFF, 0xFF, 0xFF, 0x00, 0x00, 0x7F,
  0xFF, 0xFF, 0xE0, 0x1F, 0xFF, 0xFF, 0xF0, 0x00, 0x00, 0x7F, 0xFF, 0xFF,
  0x80, 0xFF, 0xFF, 0xFF, 0x00, 0x00, 0x00, 0xFF, 0xFF, 0xFF, 0x03, 0xFF,
  0xFF, 0xF8, 0x00, 0x00, 0x00, 0xFF, 0xFF, 0xFC, 0x0F, 0xFF, 0xFF, 0xC0,
  0x00, 0x00, 0x01, 0xFF, 0xFF, 0xF0, 0x7F, 0xFF, 0xFE, 0x00, 0x00, 0x00,
  0x07, 0xFF, 0xFF, 0xE1, 0xFF, 0xFF, 0xF8, 0x00, 0x00, 0x00, 0x0F, 0xFF,
  0xFF, 0x87, 0xFF, 0xFF, 0xC0, 0x00, 0x00, 0x00, 0x1F, 0xFF, 0xFE, 0x1F,
  0xFF, 0xFF, 0x00, 0x00, 0x00, 0x00, 0x7F, 0xFF, 0xFC, 0xFF, 0xFF, 0xFC,
  0x00, 0x00, 0x00, 0x01, 0xFF, 0xFF, 0xF3, 0xFF, 0xFF, 0xE0, 0x00, 0x00,
  0x00, 0x03, 0xFF, 0xFF, 0xCF, 0xFF, 0xFF, 0x80, 0x00, 0x00, 0x00, 0x0F,
  0xFF, 0xFF, 0x3F, 0xFF, 0xFE, 0x00, 0x00, 0x00, 0x00, 0x3F, 0xFF, 0xFE,
  0xFF, 0xFF, 0xF8, 0x00, 0x00, 0x00, 0x00, 0xFF, 0xFF, 0xFB, 0xFF, 0xFF,
  0xE0, 0x00, 0x00, 0x00, 0x03, 0xFF, 0xFF, 0xEF, 0xFF, 0xFF, 0x80, 0x00,
  0x00, 0x00, 0x0F, 0xFF, 0xFF, 0xBF, 0xFF, 0xFE, 0x00, 0x00, 0x00, 0x00,
  0x3F, 0xFF, 0xFE, 0xFF, 0xFF, 0xF8, 0x00, 0x00, 0x00, 0x00, 0xFF, 0xFF,
  0xFB, 0xFF, 0xFF, 0xF0, 0x00, 0x00, 0x00, 0x07, 0xFF, 0xFF, 0xFF, 0xFF,
  0xFF, 0xC0, 0x00, 0x00, 0x00, 0x1F, 0xFF, 0xFF, 0xFF, 0xFF, 0xFF, 0x00,
  0x00, 0x00, 0x00, 0x7F, 0xFF, 0xFF, 0xFF, 0xFF, 0xFE, 0x00, 0x00, 0x00,
  0x03, 0xFF, 0xFF, 0xFD, 0xFF, 0xFF, 0xF8, 0x00, 0x00, 0x00, 0x0F, 0xFF,
  0xFF, 0xF7, 0xFF, 0xFF, 0xF0, 0x00, 0x00, 0x00, 0x7F, 0xFF, 0xFF, 0xDF,
  0xFF, 0xFF, 0xE0, 0x00, 0x00, 0x03, 0xFF, 0xFF, 0xFF, 0x7F, 0xFF, 0xFF,
  0xC0, 0x00, 0x00, 0x1F, 0xFF, 0xFF, 0xFC, 0xFF, 0xFF, 0xFF, 0xC0, 0x00,
  0x01, 0xFF, 0xFF, 0xFF, 0xF3, 0xFF, 0xFF, 0xFF, 0xC0, 0x00, 0x1F, 0xFF,
  0xFF, 0xFF, 0xCF, 0xFF, 0xFF, 0xFF, 0xE0, 0x03, 0xFF, 0xFF, 0xFF, 0xFF,
  0x1F, 0xFF, 0xFF, 0xFF, 0xFF, 0xFF, 0xFF, 0xFF, 0xFF, 0xFC, 0x7F, 0xFF,
  0xFF, 0xFF, 0xFF, 0xFF, 0xFF, 0xFF, 0xFF, 0xF0, 0xFF, 0xFF, 0xFF, 0xFF,
  0xFF, 0xFF, 0xFF, 0xFF, 0xFF, 0xC3, 0xFF, 0xFF, 0xFF, 0xFF, 0xFF, 0xFF,
  0xFF, 0xFF, 0xFF, 0x07, 0xFF, 0xFF, 0xFF, 0xFF, 0xFF, 0xFF, 0xFF, 0xFF,
  0xFC, 0x0F, 0xFF, 0xFF, 0xFF, 0xFF, 0xFF, 0xFF, 0xFF, 0xFF, 0xF0, 0x1F,
  0xFF, 0xFF, 0xFF, 0xFF, 0xFF, 0xFF, 0xFF, 0xFF, 0xC0, 0x7F, 0xFF, 0xFF,
  0xFF, 0xFF, 0xFF, 0xFF, 0xFF, 0xFF, 0x00, 0xFF, 0xFF, 0xFF, 0xFF, 0xFF,
  0xFF, 0xFF, 0xFF, 0xFC, 0x01, 0xFF, 0xFF, 0xFF, 0xFF, 0xFF, 0xFF, 0xFF,
  0xFF, 0xF0, 0x01, 0xFF, 0xFF, 0xFF, 0xFF, 0xFF, 0xFF, 0xFF, 0xFF, 0x80,
  0x03, 0xFF, 0xFF, 0xFF, 0xFF, 0xFF, 0xBF, 0xFF, 0xFE, 0x00, 0x07, 0xFF,
  0xFF, 0xFF, 0xFF, 0xFD, 0xFF, 0xFF, 0xF8, 0x00, 0x07, 0xFF, 0xFF, 0xFF,
  0xFF, 0xC7, 0xFF, 0xFF, 0xE0, 0x00, 0x07, 0xFF, 0xFF, 0xFF, 0xFE, 0x1F,
  0xFF, 0xFF, 0x80, 0x00, 0x03, 0xFF, 0xFF, 0xFF, 0xC0, 0x7F, 0xFF, 0xFE,
  0x00, 0x00, 0x01, 0xFF, 0xFF, 0xFC, 0x01, 0xFF, 0xFF, 0xF8, 0x00, 0x00,
  0x00, 0x3F, 0xFE, 0x00, 0x0F, 0xFF, 0xFF, 0xC0, 0x00, 0x00, 0x00, 0x00,
  0x00, 0x00, 0x3F, 0xFF, 0xFF, 0x00, 0x00, 0x00, 0x00, 0x00, 0x00, 0x00,
  0xFF, 0xFF, 0xFC, 0x00, 0x00, 0x00, 0x00, 0x00, 0x00, 0x07, 0xFF, 0xFF,
  0xF0, 0x00, 0x00, 0x00, 0x00, 0x00, 0x00, 0x1F, 0xFF, 0xFF, 0x80, 0x00,
  0x00, 0x00, 0x00, 0x00, 0x00, 0x7F, 0xFF, 0xFE, 0x00, 0x00, 0x00, 0x00,
  0x00, 0x00, 0x03, 0xFF, 0xFF, 0xF8, 0x00, 0x00, 0x00, 0x00, 0x00, 0x00,
  0x0F, 0xFF, 0xFF, 0xC0, 0x00, 0x00, 0x00, 0x00, 0x00, 0x00, 0x7F, 0xFF,
  0xFF, 0x00, 0x00, 0x00, 0x00, 0x00, 0x00, 0x03, 0xFF, 0xFF, 0xFC, 0x00,
  0x00, 0x00, 0x00, 0x00, 0x00, 0x0F, 0xFF, 0xFF, 0xE0, 0x00, 0x3F, 0x80,
  0x00, 0x00, 0x00, 0x7F, 0xFF, 0xFF, 0x80, 0x03, 0xFF, 0x80, 0x00, 0x00,
  0x03, 0xFF, 0xFF, 0xFE, 0x00, 0x1F, 0xFF, 0x80, 0x00, 0x00, 0x1F, 0xFF,
  0xFF, 0xF0, 0x00, 0xFF, 0xFF, 0x80, 0x00, 0x01, 0xFF, 0xFF, 0xFF, 0xC0,
  0x07, 0xFF, 0xFF, 0xC0, 0x00, 0x1F, 0xFF, 0xFF, 0xFE, 0x00, 0x3F, 0xFF,
  0xFF, 0xF0, 0x03, 0xFF, 0xFF, 0xFF, 0xF8, 0x00, 0xFF, 0xFF, 0xFF, 0xFF,
  0xFF, 0xFF, 0xFF, 0xFF, 0xC0, 0x03, 0xFF, 0xFF, 0xFF, 0xFF, 0xFF, 0xFF,
  0xFF, 0xFE, 0x00, 0x1F, 0xFF, 0xFF, 0xFF, 0xFF, 0xFF, 0xFF, 0xFF, 0xF8,
  0x00, 0x7F, 0xFF, 0xFF, 0xFF, 0xFF, 0xFF, 0xFF, 0xFF, 0xC0, 0x01, 0xFF,
  0xFF, 0xFF, 0xFF, 0xFF, 0xFF, 0xFF, 0xFE, 0x00, 0x07, 0xFF, 0xFF, 0xFF,
  0xFF, 0xFF, 0xFF, 0xFF, 0xF8, 0x00, 0x0F, 0xFF, 0xFF, 0xFF, 0xFF, 0xFF,
  0xFF, 0xFF, 0xC0, 0x00, 0x3F, 0xFF, 0xFF, 0xFF, 0xFF, 0xFF, 0xFF, 0xFE,
  0x00, 0x00, 0xFF, 0xFF, 0xFF, 0xFF, 0xFF, 0xFF, 0xFF, 0xF0, 0x00, 0x01,
  0xFF, 0xFF, 0xFF, 0xFF, 0xFF, 0xFF, 0xFF, 0x80, 0x00, 0x03, 0xFF, 0xFF,
  0xFF, 0xFF, 0xFF, 0xFF, 0xFC, 0x00, 0x00, 0x07, 0xFF, 0xFF, 0xFF, 0xFF,
  0xFF, 0xFF, 0xE0, 0x00, 0x00, 0x0F, 0xFF, 0xFF, 0xFF, 0xFF, 0xFF, 0xFE,
  0x00, 0x00, 0x00, 0x0F, 0xFF, 0xFF, 0xFF, 0xFF, 0xFF, 0xF0, 0x00, 0x00,
  0x00, 0x1F, 0xFF, 0xFF, 0xFF, 0xFF, 0xFF, 0x00, 0x00, 0x00, 0x00, 0x1F,
  0xFF, 0xFF, 0xFF, 0xFF, 0xF0, 0x00, 0x00, 0x00, 0x00, 0x0F, 0xFF, 0xFF,
  0xFF, 0xFF, 0x80, 0x00, 0x00, 0x00, 0x00, 0x0F, 0xFF, 0xFF, 0xFF, 0xF0,
  0x00, 0x00, 0x00, 0x00, 0x00, 0x07, 0xFF, 0xFF, 0xFE, 0x00, 0x00, 0x00,
  0x00, 0x00, 0x00, 0x00, 0xFF, 0xFF, 0x00, 0x00, 0x00, 0x00, 0x00, 0x00,
  0x7F, 0x00, 0x01, 0xFF, 0xF0, 0x01, 0xFF, 0xFC, 0x03, 0xFF, 0xFF, 0x81,
  0xFF, 0xFF, 0xC1, 0xFF, 0xFF, 0xF1, 0xFF, 0xFF, 0xFC, 0xFF, 0xFF, 0xFE,
  0xFF, 0xFF, 0xFF, 0xFF, 0xFF, 0xFF, 0xFF, 0xFF, 0xFF, 0xFF, 0xFF, 0xFF,
  0xFF, 0xFF, 0xFF, 0xFF, 0xFF, 0xFF, 0xFF, 0xFF, 0xFF, 0xFF, 0xFF, 0xFF,
  0xFF, 0x7F, 0xFF, 0xFF, 0x3F, 0xFF, 0xFF, 0x8F, 0xFF, 0xFF, 0x87, 0xFF,
  0xFF, 0xC1, 0xFF, 0xFF, 0xC0, 0x3F, 0xFF, 0x80, 0x0F, 0xFF, 0x80, 0x00,
  0xFE, 0x00, 0x00, 0x00, 0x00, 0x00, 0x00, 0x00, 0x00, 0x00, 0x00, 0x00,
  0x00, 0x00, 0x00, 0x00, 0x00, 0x00, 0x00, 0x00, 0x00, 0x00, 0x00, 0x00,
  0x00, 0x00, 0x00, 0x00, 0x00, 0x00, 0x00, 0x00, 0x00, 0x00, 0x00, 0x00,
  0x00, 0x00, 0x00, 0x00, 0x00, 0x00, 0x00, 0x00, 0x00, 0x00, 0x00, 0x00,
  0x00, 0x00, 0x00, 0x00, 0x00, 0x00, 0x00, 0x00, 0x00, 0x00, 0x00, 0x00,
  0x00, 0x00, 0x00, 0x00, 0x00, 0x00, 0x00, 0x00, 0x00, 0x00, 0x00, 0x00,
  0x00, 0x00, 0x00, 0x00, 0x00, 0x00, 0x00, 0x00, 0x00, 0x00, 0x00, 0x00,
  0x00, 0x00, 0x00, 0x00, 0x00, 0x00, 0x00, 0x00, 0x00, 0x03, 0xF8, 0x00,
  0x0F, 0xFF, 0x80, 0x0F, 0xFF, 0xE0, 0x1F, 0xFF, 0xFC, 0x0F, 0xFF, 0xFE,
  0x0F, 0xFF, 0xFF, 0x8F, 0xFF, 0xFF, 0xE7, 0xFF, 0xFF, 0xF7, 0xFF, 0xFF,
  0xFF, 0xFF, 0xFF, 0xFF, 0xFF, 0xFF, 0xFF, 0xFF, 0xFF, 0xFF, 0xFF, 0xFF,
  0xFF, 0xFF, 0xFF, 0xFF, 0xFF, 0xFF, 0xFF, 0xFF, 0xFF, 0xFF, 0xFB, 0xFF,
  0xFF, 0xF9, 0xFF, 0xFF, 0xFC, 0x7F, 0xFF, 0xFC, 0x3F, 0xFF, 0xFE, 0x0F,
  0xFF, 0xFE, 0x01, 0xFF, 0xFC, 0x00, 0x7F, 0xFC, 0x00, 0x07, 0xF0, 0x00,
  0x00, 0x03, 0xF8, 0x00, 0x00, 0x7F, 0xFC, 0x00, 0x03, 0xFF, 0xF8, 0x00,
  0x3F, 0xFF, 0xF8, 0x00, 0xFF, 0xFF, 0xE0, 0x07, 0xFF, 0xFF, 0xC0, 0x3F,
  0xFF, 0xFF, 0x80, 0xFF, 0xFF, 0xFE, 0x07, 0xFF, 0xFF, 0xFC, 0x1F, 0xFF,
  0xFF, 0xF0, 0x7F, 0xFF, 0xFF, 0xC1, 0xFF, 0xFF, 0xFF, 0x07, 0xFF, 0xFF,
  0xFC, 0x1F, 0xFF, 0xFF, 0xF0, 0x7F, 0xFF, 0xFF, 0xC1, 0xFF, 0xFF, 0xFF,
  0x03, 0xFF, 0xFF, 0xF8, 0x0F, 0xFF, 0xFF, 0xE0, 0x1F, 0xFF, 0xFF, 0x00,
  0x7F, 0xFF, 0xFC, 0x00, 0xFF, 0xFF, 0xE0, 0x00, 0xFF, 0xFE, 0x00, 0x01,
  0xFF, 0xF0, 0x00, 0x00, 0xFE, 0x00, 0x00, 0x00, 0x00, 0x00, 0x00, 0x00,
  0x00, 0x00, 0x00, 0x00, 0x00, 0x00, 0x00, 0x00, 0x00, 0x00, 0x00, 0x00,
  0x00, 0x00, 0x00, 0x00, 0x00, 0x00, 0x00, 0x00, 0x00, 0x00, 0x00, 0x00,
  0x00, 0x00, 0x00, 0x00, 0x00, 0x00, 0x00, 0x00, 0x00, 0x00, 0x00, 0x00,
  0x00, 0x00, 0x00, 0x00, 0x00, 0x00, 0x00, 0x00, 0x00, 0x00, 0x00, 0x00,
  0x00, 0x00, 0x00, 0x00, 0x00, 0x00, 0x00, 0x00, 0x00, 0x00, 0x00, 0x00,
  0x00, 0x00, 0x00, 0x00, 0x00, 0x00, 0x00, 0x00, 0x00, 0x00, 0x00, 0x00,
  0x00, 0x00, 0x00, 0x00, 0x00, 0x00, 0x00, 0x00, 0x00, 0x00, 0x00, 0x00,
  0x00, 0x00, 0x00, 0x00, 0x00, 0x00, 0x00, 0x00, 0x00, 0x00, 0x00, 0x00,
  0x00, 0x00, 0x00, 0x00, 0x00, 0x00, 0x00, 0x00, 0x1F, 0xC0, 0x00, 0x01,
  0xFF, 0xC0, 0x00, 0x1F, 0xFF, 0xC0, 0x00, 0xFF, 0xFF, 0x80, 0x07, 0xFF,
  0xFF, 0x00, 0x1F, 0xFF, 0xFC, 0x00, 0xFF, 0xFF, 0xF8, 0x03, 0xFF, 0xFF,
  0xE0, 0x1F, 0xFF, 0xFF, 0xC0, 0x7F, 0xFF, 0xFF, 0x01, 0xFF, 0xFF, 0xFC,
  0x07, 0xFF, 0xFF, 0xF8, 0x1F, 0xFF, 0xFF, 0xE0, 0x7F, 0xFF, 0xFF, 0x81,
  0xFF, 0xFF, 0xFE, 0x07, 0xFF, 0xFF, 0xF8, 0x0F, 0xFF, 0xFF, 0xE0, 0x3F,
  0xFF, 0xFF, 0x80, 0x7F, 0xFF, 0xFE, 0x00, 0xFF, 0xFF, 0xF8, 0x01, 0xFF,
  0xFF, 0xE0, 0x03, 0xFF, 0xFF, 0x80, 0x07, 0xFF, 0xFE, 0x00, 0x03, 0xFF,
  0xF8, 0x00, 0x07, 0xFF, 0xC0, 0x00, 0x1F, 0xFF, 0x00, 0x00, 0x7F, 0xFC,
  0x00, 0x03, 0xFF, 0xF0, 0x00, 0x0F, 0xFF, 0x80, 0x00, 0x3F, 0xFE, 0x00,
  0x01, 0xFF, 0xF8, 0x00, 0x07, 0xFF, 0xC0, 0x00, 0x3F, 0xFF, 0x00, 0x01,
  0xFF, 0xF8, 0x00, 0x0F, 0xFF, 0xE0, 0x00, 0x7F, 0xFF, 0x00, 0x07, 0xFF,
  0xFC, 0x00, 0xFF, 0xFF, 0xE0, 0x0F, 0xFF, 0xFF, 0x00, 0x7F, 0xFF, 0xF8,
  0x03, 0xFF, 0xFF, 0xC0, 0x0F, 0xFF, 0xFE, 0x00, 0x3F, 0xFF, 0xF0, 0x00,
  0xFF, 0xFF, 0x80, 0x03, 0xFF, 0xF8, 0x00, 0x07, 0xFF, 0x80, 0x00, 0x07,
  0xE0, 0x00, 0x00, 0x00, 0x00, 0x00, 0x00, 0x00, 0x00, 0x00, 0x3F, 0x00,
  0x00, 0x00, 0x00, 0x00, 0x00, 0x00, 0x03, 0xFF, 0x00, 0x00, 0x00, 0x00,
  0x00, 0x00, 0x00, 0x3F, 0xFE, 0x00, 0x00, 0x00, 0x00, 0x00, 0x00, 0x03,
  0xFF, 0xFC, 0x00, 0x00, 0x00, 0x00, 0x00, 0x00, 0x3F, 0xFF, 0xF8, 0x00,
  0x00, 0x00, 0x00, 0x00, 0x07, 0xFF, 0xFF, 0xE0, 0x00, 0x00, 0x00, 0x00,
  0x00, 0x7F, 0xFF, 0xFF, 0xC0, 0x00, 0x00, 0x00, 0x00, 0x07, 0xFF, 0xFF,
  0xFF, 0x00, 0x00, 0x00, 0x00, 0x00, 0x7F, 0xFF, 0xFF, 0xFC, 0x00, 0x00,
  0x00, 0x00, 0x07, 0xFF, 0xFF, 0xFF, 0xF0, 0x00, 0x00, 0x00, 0x00, 0x7F,
  0xFF, 0xFF, 0xFF, 0xC0, 0x00, 0x00, 0x00, 0x07, 0xFF, 0xFF, 0xFF, 0xFF,
  0x00, 0x00, 0x00, 0x00, 0x7F, 0xFF, 0xFF, 0xFF, 0xF8, 0x00, 0x00, 0x00,
  0x07, 0xFF, 0xFF, 0xFF, 0xFF, 0xE0, 0x00, 0x00, 0x00, 0xFF, 0xFF, 0xFF,
  0xFF, 0xFF, 0x00, 0x00, 0x00, 0x0F, 0xFF, 0xFF, 0xFF, 0xFF, 0xF8, 0x00,
  0x00, 0x00, 0xFF, 0xFF, 0xFF, 0xFF, 0xFF, 0xC0, 0x00, 0x00, 0x0F, 0xFF,
  0xFF, 0xFF, 0xFF, 0xFC, 0x00, 0x00, 0x00, 0xFF, 0xFF, 0xFF, 0xFF, 0xFF,
  0xC0, 0x00, 0x00, 0x0F, 0xFF, 0xFF, 0xFF, 0xFF, 0xFC, 0x00, 0x00, 0x00,
  0xFF, 0xFF, 0xFF, 0xFF, 0xFF, 0x80, 0x00, 0x00, 0x0F, 0xFF, 0xFF, 0xFF,
  0xFF, 0xF8, 0x00, 0x00, 0x00, 0xFF, 0xFF, 0xFF, 0xFF, 0xFF, 0x80, 0x00,
  0x00, 0x1F, 0xFF, 0xFF, 0xFF, 0xFF, 0xF8, 0x00, 0x00, 0x01, 0xFF, 0xFF,
  0xFF, 0xFF, 0xFF, 0x00, 0x00, 0x00, 0x0F, 0xFF, 0xFF, 0xFF, 0xFF, 0xF0,
  0x00, 0x00, 0x00, 0xFF, 0xFF, 0xFF, 0xFF, 0xFF, 0x00, 0x00, 0x00, 0x07,
  0xFF, 0xFF, 0xFF, 0xFF, 0xF0, 0x00, 0x00, 0x00, 0x3F, 0xFF, 0xFF, 0xFF,
  0xFE, 0x00, 0x00, 0x00, 0x00, 0xFF, 0xFF, 0xFF, 0xFF, 0xE0, 0x00, 0x00,
  0x00, 0x07, 0xFF, 0xFF, 0xFF, 0xFE, 0x00, 0x00, 0x00, 0x00, 0x1F, 0xFF,
  0xFF, 0xFF, 0xC0, 0x00, 0x00, 0x00, 0x00, 0xFF, 0xFF, 0xFF, 0xFC, 0x00,
  0x00, 0x00, 0x00, 0x03, 0xFF, 0xFF, 0xFF, 0xC0, 0x00, 0x00, 0x00, 0x00,
  0x0F, 0xFF, 0xFF, 0xFC, 0x00, 0x00, 0x00, 0x00, 0x00, 0x3F, 0xFF, 0xFF,
  0x80, 0x00, 0x00, 0x00, 0x00, 0x00, 0xFF, 0xFF, 0xFC, 0x00, 0x00, 0x00,
  0x00, 0x00, 0x03, 0xFF, 0xFF, 0xFC, 0x00, 0x00, 0x00, 0x00, 0x00, 0x0F,
  0xFF, 0xFF, 0xFC, 0x00, 0x00, 0x00, 0x00, 0x00, 0x3F, 0xFF, 0xFF, 0xFC,
  0x00, 0x00, 0x00, 0x00, 0x00, 0xFF, 0xFF, 0xFF, 0xFE, 0x00, 0x00, 0x00,
  0x00, 0x01, 0xFF, 0xFF, 0xFF, 0xFE, 0x00, 0x00, 0x00, 0x00, 0x07, 0xFF,
  0xFF, 0xFF, 0xFE, 0x00, 0x00, 0x00, 0x00, 0x0F, 0xFF, 0xFF, 0xFF, 0xFE,
  0x00, 0x00, 0x00, 0x00, 0x3F, 0xFF, 0xFF, 0xFF, 0xFF, 0x00, 0x00, 0x00,
  0x00, 0x7F, 0xFF, 0xFF, 0xFF, 0xFF, 0x00, 0x00, 0x00, 0x00, 0xFF, 0xFF,
  0xFF, 0xFF, 0xFF, 0x00, 0x00, 0x00, 0x00, 0xFF, 0xFF, 0xFF, 0xFF, 0xFF,
  0x00, 0x00, 0x00, 0x01, 0xFF, 0xFF, 0xFF, 0xFF, 0xFF, 0x80, 0x00, 0x00,
  0x01, 0xFF, 0xFF, 0xFF, 0xFF, 0xFF, 0x80, 0x00, 0x00, 0x01, 0xFF, 0xFF,
  0xFF, 0xFF, 0xFF, 0x80, 0x00, 0x00, 0x01, 0xFF, 0xFF, 0xFF, 0xFF, 0xFF,
  0x80, 0x00, 0x00, 0x00, 0xFF, 0xFF, 0xFF, 0xFF, 0xFF, 0xC0, 0x00, 0x00,
  0x00, 0xFF, 0xFF, 0xFF, 0xFF, 0xFF, 0xC0, 0x00, 0x00, 0x00, 0xFF, 0xFF,
  0xFF, 0xFF, 0xFF, 0xC0, 0x00, 0x00, 0x00, 0xFF, 0xFF, 0xFF, 0xFF, 0xFF,
  0xC0, 0x00, 0x00, 0x00, 0xFF, 0xFF, 0xFF, 0xFF, 0xFF, 0xC0, 0x00, 0x00,
  0x00, 0xFF, 0xFF, 0xFF, 0xFF, 0xFF, 0x80, 0x00, 0x00, 0x00, 0xFF, 0xFF,
  0xFF, 0xFF, 0xFF, 0x00, 0x00, 0x00, 0x00, 0xFF, 0xFF, 0xFF, 0xFF, 0xFE,
  0x00, 0x00, 0x00, 0x00, 0xFF, 0xFF, 0xFF, 0xFF, 0xF8, 0x00, 0x00, 0x00,
  0x00, 0x7F, 0xFF, 0xFF, 0xFF, 0xF0, 0x00, 0x00, 0x00, 0x00, 0x7F, 0xFF,
  0xFF, 0xFF, 0xC0, 0x00, 0x00, 0x00, 0x00, 0x7F, 0xFF, 0xFF, 0xFF, 0x00,
  0x00, 0x00, 0x00, 0x00, 0x7F, 0xFF, 0xFF, 0xFC, 0x00, 0x00, 0x00, 0x00,
  0x00, 0x7F, 0xFF, 0xFF, 0xF0, 0x00, 0x00, 0x00, 0x00, 0x00, 0x7F, 0xFF,
  0xFF, 0xC0, 0x00, 0x00, 0x00, 0x00, 0x00, 0x7F, 0xFF, 0xFE, 0x00, 0x00,
  0x00, 0x00, 0x00, 0x00, 0x7F, 0xFF, 0xF8, 0x00, 0x00, 0x00, 0x00, 0x00,
  0x00, 0x7F, 0xFF, 0xC0, 0x00, 0x00, 0x00, 0x00, 0x00, 0x00, 0x3F, 0xFE,
  0x00, 0x00, 0x00, 0x00, 0x00, 0x00, 0x00, 0x3F, 0xF0, 0x00, 0x00, 0x00,
  0x00, 0x00, 0x00, 0x00, 0x3F, 0x00, 0x03, 0xFF, 0xFF, 0xFF, 0xFF, 0xFF,
  0xFF, 0xFF, 0x80, 0x1F, 0xFF, 0xFF, 0xFF, 0xFF, 0xFF, 0xFF, 0xFF, 0xC0,
  0x7F, 0xFF, 0xFF, 0xFF, 0xFF, 0xFF, 0xFF, 0xFF, 0xC1, 0xFF, 0xFF, 0xFF,
  0xFF, 0xFF, 0xFF, 0xFF, 0xFF, 0xC7, 0xFF, 0xFF, 0xFF, 0xFF, 0xFF, 0xFF,
  0xFF, 0xFF, 0xCF, 0xFF, 0xFF, 0xFF, 0xFF, 0xFF, 0xFF, 0xFF, 0xFF, 0xBF,
  0xFF, 0xFF, 0xFF, 0xFF, 0xFF, 0xFF, 0xFF, 0xFF, 0xFF, 0xFF, 0xFF, 0xFF,
  0xFF, 0xFF, 0xFF, 0xFF, 0xFF, 0xFF, 0xFF, 0xFF, 0xFF, 0xFF, 0xFF, 0xFF,
  0xFF, 0xFF, 0xFF, 0xFF, 0xFF, 0xFF, 0xFF, 0xFF, 0xFF, 0xFF, 0xFF, 0xFF,
  0xFF, 0xFF, 0xFF, 0xFF, 0xFF, 0xFF, 0xFF, 0xFF, 0xFF, 0xFF, 0xFF, 0xFF,
  0xFF, 0xFF, 0xFF, 0xFF, 0xF7, 0xFF, 0xFF, 0xFF, 0xFF, 0xFF, 0xFF, 0xFF,
  0xFF, 0xCF, 0xFF, 0xFF, 0xFF, 0xFF, 0xFF, 0xFF, 0xFF, 0xFF, 0x8F, 0xFF,
  0xFF, 0xFF, 0xFF, 0xFF, 0xFF, 0xFF, 0xFE, 0x0F, 0xFF, 0xFF, 0xFF, 0xFF,
  0xFF, 0xFF, 0xFF, 0xF8, 0x0F, 0xFF, 0xFF, 0xFF, 0xFF, 0xFF, 0xFF, 0xFF,
  0xE0, 0x07, 0xFF, 0xFF, 0xFF, 0xFF, 0xFF, 0xFF, 0xFF, 0x00, 0x00, 0x00,
  0x00, 0x00, 0x00, 0x00, 0x00, 0x00, 0x00, 0x00, 0x00, 0x00, 0x00, 0x00,
  0x00, 0x00, 0x00, 0x00, 0x00, 0x00, 0x00, 0x00, 0x00, 0x00, 0x00, 0x00,
  0x00, 0x00, 0x00, 0x00, 0x00, 0x00, 0x00, 0x00, 0x00, 0x00, 0x00, 0x00,
  0x00, 0x00, 0x00, 0x00, 0x00, 0x00, 0x00, 0x00, 0x00, 0x00, 0x00, 0x00,
  0x00, 0x00, 0x00, 0x00, 0x00, 0x00, 0x00, 0x00, 0x00, 0x00, 0x00, 0x00,
  0x00, 0x00, 0x00, 0x00, 0x00, 0x00, 0x00, 0x00, 0x00, 0x00, 0x00, 0x00,
  0x00, 0x00, 0x00, 0x00, 0x00, 0x00, 0x00, 0x00, 0x00, 0x00, 0x00, 0x00,
  0x00, 0x00, 0x00, 0x00, 0x00, 0x00, 0x00, 0x00, 0x00, 0x00, 0x00, 0x00,
  0x00, 0x00, 0x00, 0x00, 0x00, 0x00, 0x00, 0x00, 0x00, 0x00, 0x00, 0x00,
  0x00, 0x00, 0x00, 0x00, 0x00, 0x00, 0x00, 0x00, 0x00, 0x00, 0x00, 0x00,
  0x00, 0x00, 0x00, 0x00, 0x00, 0x00, 0x00, 0x00, 0x00, 0x00, 0x00, 0x00,
  0x00, 0x00, 0x00, 0x00, 0x00, 0x00, 0x00, 0x00, 0x00, 0x00, 0x00, 0x00,
  0x00, 0x00, 0x00, 0x00, 0x00, 0x00, 0x00, 0x00, 0x00, 0x00, 0x00, 0x00,
  0x00, 0x00, 0x00, 0x00, 0x00, 0x00, 0x00, 0x00, 0x00, 0x00, 0x00, 0x00,
  0x00, 0x00, 0x00, 0x00, 0x00, 0x00, 0x00, 0x00, 0xFF, 0xFF, 0xFF, 0xFF,
  0xFF, 0xFF, 0xFF, 0xE0, 0x07, 0xFF, 0xFF, 0xFF, 0xFF, 0xFF, 0xFF, 0xFF,
  0xF0, 0x1F, 0xFF, 0xFF, 0xFF, 0xFF, 0xFF, 0xFF, 0xFF, 0xF0, 0x7F, 0xFF,
  0xFF, 0xFF, 0xFF, 0xFF, 0xFF, 0xFF, 0xF1, 0xFF, 0xFF, 0xFF, 0xFF, 0xFF,
  0xFF, 0xFF, 0xFF, 0xF3, 0xFF, 0xFF, 0xFF, 0xFF, 0xFF, 0xFF, 0xFF, 0xFF,
  0xEF, 0xFF, 0xFF, 0xFF, 0xFF, 0xFF, 0xFF, 0xFF, 0xFF, 0xFF, 0xFF, 0xFF,
  0xFF, 0xFF, 0xFF, 0xFF, 0xFF, 0xFF, 0xFF, 0xFF, 0xFF, 0xFF, 0xFF, 0xFF,
  0xFF, 0xFF, 0xFF, 0xFF, 0xFF, 0xFF, 0xFF, 0xFF, 0xFF, 0xFF, 0xFF, 0xFF,
  0xFF, 0xFF, 0xFF, 0xFF, 0xFF, 0xFF, 0xFF, 0xFF, 0xFF, 0xFF, 0xFF, 0xFF,
  0xFF, 0xFF, 0xFF, 0xFF, 0xFF, 0xFD, 0xFF, 0xFF, 0xFF, 0xFF, 0xFF, 0xFF,
  0xFF, 0xFF, 0xF3, 0xFF, 0xFF, 0xFF, 0xFF, 0xFF, 0xFF, 0xFF, 0xFF, 0xE3,
  0xFF, 0xFF, 0xFF, 0xFF, 0xFF, 0xFF, 0xFF, 0xFF, 0x83, 0xFF, 0xFF, 0xFF,
  0xFF, 0xFF, 0xFF, 0xFF, 0xFE, 0x03, 0xFF, 0xFF, 0xFF, 0xFF, 0xFF, 0xFF,
  0xFF, 0xF8, 0x01, 0xFF, 0xFF, 0xFF, 0xFF, 0xFF, 0xFF, 0xFF, 0xC0, 0x03,
  0xF0, 0x00, 0x00, 0x00, 0x00, 0x00, 0x00, 0x00, 0x3F, 0xF0, 0x00, 0x00,
  0x00, 0x00, 0x00, 0x00, 0x01, 0xFF, 0xF8, 0x00, 0x00, 0x00, 0x00, 0x00,
  0x00, 0x0F, 0xFF, 0xF8, 0x00, 0x00, 0x00, 0x00, 0x00, 0x00, 0x7F, 0xFF,
  0xF8, 0x00, 0x00, 0x00, 0x00, 0x00, 0x01, 0xFF, 0xFF, 0xF8, 0x00, 0x00,
  0x00, 0x00, 0x00, 0x0F, 0xFF, 0xFF, 0xF8, 0x00, 0x00, 0x00, 0x00, 0x00,
  0x3F, 0xFF, 0xFF, 0xF8, 0x00, 0x00, 0x00, 0x00, 0x00, 0xFF, 0xFF, 0xFF,
  0xF8, 0x00, 0x00, 0x00, 0x00, 0x03, 0xFF, 0xFF, 0xFF, 0xF8, 0x00, 0x00,
  0x00, 0x00, 0x0F, 0xFF, 0xFF, 0xFF, 0xF8, 0x00, 0x00, 0x00, 0x00, 0x3F,
  0xFF, 0xFF, 0xFF, 0xFC, 0x00, 0x00, 0x00, 0x00, 0x7F, 0xFF, 0xFF, 0xFF,
  0xFC, 0x00, 0x00, 0x00, 0x01, 0xFF, 0xFF, 0xFF, 0xFF, 0xFC, 0x00, 0x00,
  0x00, 0x03, 0xFF, 0xFF, 0xFF, 0xFF, 0xFC, 0x00, 0x00, 0x00, 0x07, 0xFF,
  0xFF, 0xFF, 0xFF, 0xFC, 0x00, 0x00, 0x00, 0x0F, 0xFF, 0xFF, 0xFF, 0xFF,
  0xFC, 0x00, 0x00, 0x00, 0x0F, 0xFF, 0xFF, 0xFF, 0xFF, 0xFC, 0x00, 0x00,
  0x00, 0x0F, 0xFF, 0xFF, 0xFF, 0xFF, 0xFC, 0x00, 0x00, 0x00, 0x0F, 0xFF,
  0xFF, 0xFF, 0xFF, 0xFC, 0x00, 0x00, 0x00, 0x0F, 0xFF, 0xFF, 0xFF, 0xFF,
  0xFE, 0x00, 0x00, 0x00, 0x07, 0xFF, 0xFF, 0xFF, 0xFF, 0xFE, 0x00, 0x00,
  0x00, 0x07, 0xFF, 0xFF, 0xFF, 0xFF, 0xFE, 0x00, 0x00, 0x00, 0x07, 0xFF,
  0xFF, 0xFF, 0xFF, 0xFE, 0x00, 0x00, 0x00, 0x07, 0xFF, 0xFF, 0xFF, 0xFF,
  0xFE, 0x00, 0x00, 0x00, 0x03, 0xFF, 0xFF, 0xFF, 0xFF, 0xFC, 0x00, 0x00,
  0x00, 0x03, 0xFF, 0xFF, 0xFF, 0xFF, 0xFC, 0x00, 0x00, 0x00, 0x03, 0xFF,
  0xFF, 0xFF, 0xFF, 0xF8, 0x00, 0x00, 0x00, 0x03, 0xFF, 0xFF, 0xFF, 0xFF,
  0xF0, 0x00, 0x00, 0x00, 0x01, 0xFF, 0xFF, 0xFF, 0xFF, 0xC0, 0x00, 0x00,
  0x00, 0x01, 0xFF, 0xFF, 0xFF, 0xFF, 0x80, 0x00, 0x00, 0x00, 0x01, 0xFF,
  0xFF, 0xFF, 0xFE, 0x00, 0x00, 0x00, 0x00, 0x01, 0xFF, 0xFF, 0xFF, 0xFC,
  0x00, 0x00, 0x00, 0x00, 0x00, 0xFF, 0xFF, 0xFF, 0xF0, 0x00, 0x00, 0x00,
  0x00, 0x00, 0xFF, 0xFF, 0xFF, 0xC0, 0x00, 0x00, 0x00, 0x00, 0x00, 0xFF,
  0xFF, 0xFF, 0x00, 0x00, 0x00, 0x00, 0x00, 0x00, 0xFF, 0xFF, 0xFC, 0x00,
  0x00, 0x00, 0x00, 0x00, 0x0F, 0xFF, 0xFF, 0xF0, 0x00, 0x00, 0x00, 0x00,
  0x00, 0xFF, 0xFF, 0xFF, 0xC0, 0x00, 0x00, 0x00, 0x00, 0x0F, 0xFF, 0xFF,
  0xFF, 0x00, 0x00, 0x00, 0x00, 0x00, 0xFF, 0xFF, 0xFF, 0xFC, 0x00, 0x00,
  0x00, 0x00, 0x1F, 0xFF, 0xFF, 0xFF, 0xE0, 0x00, 0x00, 0x00, 0x01, 0xFF,
  0xFF, 0xFF, 0xFF, 0x80, 0x00, 0x00, 0x00, 0x1F, 0xFF, 0xFF, 0xFF, 0xFC,
  0x00, 0x00, 0x00, 0x01, 0xFF, 0xFF, 0xFF, 0xFF, 0xE0, 0x00, 0x00, 0x00,
  0x3F, 0xFF, 0xFF, 0xFF, 0xFF, 0x80, 0x00, 0x00, 0x03, 0xFF, 0xFF, 0xFF,
  0xFF, 0xF8, 0x00, 0x00, 0x00, 0x3F, 0xFF, 0xFF, 0xFF, 0xFF, 0xC0, 0x00,
  0x00, 0x03, 0xFF, 0xFF, 0xFF, 0xFF, 0xFE, 0x00, 0x00, 0x00, 0x7F, 0xFF,
  0xFF, 0xFF, 0xFF, 0xC0, 0x00, 0x00, 0x07, 0xFF, 0xFF, 0xFF, 0xFF, 0xFC,
  0x00, 0x00, 0x00, 0x7F, 0xFF, 0xFF, 0xFF, 0xFF, 0xC0, 0x00, 0x00, 0x07,
  0xFF, 0xFF, 0xFF, 0xFF, 0xFC, 0x00, 0x00, 0x00, 0xFF, 0xFF, 0xFF, 0xFF,
  0xFF, 0xC0, 0x00, 0x00, 0x0F, 0xFF, 0xFF, 0xFF, 0xFF, 0xFC, 0x00, 0x00,
  0x00, 0xFF, 0xFF, 0xFF, 0xFF, 0xFF, 0xC0, 0x00, 0x00, 0x0F, 0xFF, 0xFF,
  0xFF, 0xFF, 0xFC, 0x00, 0x00, 0x00, 0x7F, 0xFF, 0xFF, 0xFF, 0xFF, 0xC0,
  0x00, 0x00, 0x03, 0xFF, 0xFF, 0xFF, 0xFF, 0xF8, 0x00, 0x00, 0x00, 0x1F,
  0xFF, 0xFF, 0xFF, 0xFF, 0x80, 0x00, 0x00, 0x00, 0x7F, 0xFF, 0xFF, 0xFF,
  0xF8, 0x00, 0x00, 0x00, 0x03, 0xFF, 0xFF, 0xFF, 0xFF, 0x80, 0x00, 0x00,
  0x00, 0x0F, 0xFF, 0xFF, 0xFF, 0xF8, 0x00, 0x00, 0x00, 0x00, 0x3F, 0xFF,
  0xFF, 0xFF, 0x80, 0x00, 0x00, 0x00, 0x00, 0xFF, 0xFF, 0xFF, 0xF8, 0x00,
  0x00, 0x00, 0x00, 0x03, 0xFF, 0xFF, 0xFF, 0x80, 0x00, 0x00, 0x00, 0x00,
  0x0F, 0xFF, 0xFF, 0xF8, 0x00, 0x00, 0x00, 0x00, 0x00, 0x1F, 0xFF, 0xFF,
  0x00, 0x00, 0x00, 0x00, 0x00, 0x00, 0x7F, 0xFF, 0xF0, 0x00, 0x00, 0x00,
  0x00, 0x00, 0x00, 0xFF, 0xFF, 0x00, 0x00, 0x00, 0x00, 0x00, 0x00, 0x01,
  0xFF, 0xF0, 0x00, 0x00, 0x00, 0x00, 0x00, 0x00, 0x03, 0xFF, 0x00, 0x00,
  0x00, 0x00, 0x00, 0x00, 0x00, 0x03, 0xF0, 0x00, 0x00, 0x00, 0x00, 0x00,
  0x00, 0x00, 0x00, 0x00, 0x00, 0x3F, 0xFF, 0x80, 0x00, 0x00, 0x00, 0x00,
  0x00, 0xFF, 0xFF, 0xFF, 0x00, 0x00, 0x00, 0x00, 0x01, 0xFF, 0xFF, 0xFF,
  0xFE, 0x00, 0x00, 0x00, 0x00, 0xFF, 0xFF, 0xFF, 0xFF, 0xF0, 0x00, 0x00,
  0x00, 0x7F, 0xFF, 0xFF, 0xFF, 0xFF, 0x80, 0x00, 0x00, 0x3F, 0xFF, 0xFF,
  0xFF, 0xFF, 0xFC, 0x00, 0x00, 0x1F, 0xFF, 0xFF, 0xFF, 0xFF, 0xFF, 0xC0,
  0x00, 0x0F, 0xFF, 0xFF, 0xFF, 0xFF, 0xFF, 0xFC, 0x00, 0x03, 0xFF, 0xFF,
  0xFF, 0xFF, 0xFF, 0xFF, 0xE0, 0x00, 0xFF, 0xFF, 0xFF, 0xFF, 0xFF, 0xFF,
  0xFE, 0x00, 0x7F, 0xFF, 0xFF, 0xFF, 0xFF, 0xFF, 0xFF, 0xE0, 0x1F, 0xFF,
  0xFF, 0xFF, 0xFF, 0xFF, 0xFF, 0xFC, 0x03, 0xFF, 0xFF, 0xFF, 0xFF, 0xFF,
  0xFF, 0xFF, 0xC0, 0xFF, 0xFF, 0xFF, 0xFF, 0xFF, 0xFF, 0xFF, 0xFC, 0x1F,
  0xFF, 0xFF, 0xFF, 0xFF, 0xFF, 0xFF, 0xFF, 0x87, 0xFF, 0xFF, 0xFF, 0xFF,
  0xFF, 0xFF, 0xFF, 0xF8, 0xFF, 0xFF, 0xFF, 0xFF, 0xFF, 0xFF, 0xFF, 0xFF,
  0x1F, 0xFF, 0xFF, 0xFF, 0xFF, 0xFF, 0xFF, 0xFF, 0xF3, 0xFF, 0xFF, 0xFF,
  0xFF, 0xFF, 0xFF, 0xFF, 0xFE, 0x7F, 0xFF, 0xFF, 0xFF, 0xFF, 0xFF, 0xFF,
  0xFF, 0xEF, 0xFF, 0xFF, 0xFF, 0x00, 0x3F, 0xFF, 0xFF, 0xFC, 0xFF, 0xFF,
  0xFE, 0x00, 0x00, 0xFF, 0xFF, 0xFF, 0x9F, 0xFF, 0xFF, 0x00, 0x00, 0x0F,
  0xFF, 0xFF, 0xF1, 0xFF, 0xFF, 0x80, 0x00, 0x00, 0x7F, 0xFF, 0xFF, 0x3F,
  0xFF, 0xC0, 0x00, 0x00, 0x0F, 0xFF, 0xFF, 0xE3, 0xFF, 0xF0, 0x00, 0x00,
  0x00, 0xFF, 0xFF, 0xFC, 0x1F, 0xF8, 0x00, 0x00, 0x00, 0x1F, 0xFF, 0xFF,
  0x80, 0xFC, 0x00, 0x00, 0x00, 0x01, 0xFF, 0xFF, 0xF0, 0x00, 0x00, 0x00,
  0x00, 0x00, 0x3F, 0xFF, 0xFE, 0x00, 0x00, 0x00, 0x00, 0x00, 0x07, 0xFF,
  0xFF, 0xC0, 0x00, 0x00, 0x00, 0x00, 0x00, 0xFF, 0xFF, 0xF8, 0x00, 0x00,
  0x00, 0x00, 0x00, 0x1F, 0xFF, 0xFF, 0x00, 0x00, 0x00, 0x00, 0x00, 0x03,
  0xFF, 0xFF, 0xE0, 0x00, 0x00, 0x00, 0x00, 0x00, 0x7F, 0xFF, 0xFC, 0x00,
  0x00, 0x00, 0x00, 0x00, 0x1F, 0xFF, 0xFF, 0x80, 0x00, 0x00, 0x00, 0x00,
  0x03, 0xFF, 0xFF, 0xE0, 0x00, 0x00, 0x00, 0x00, 0x00, 0xFF, 0xFF, 0xFC,
  0x00, 0x00, 0x00, 0x00, 0x00, 0x3F, 0xFF, 0xFF, 0x80, 0x00, 0x00, 0x00,
  0x00, 0x0F, 0xFF, 0xFF, 0xF0, 0x00, 0x00, 0x00, 0x00, 0x07, 0xFF, 0xFF,
  0xFC, 0x00, 0x00, 0x00, 0x00, 0x03, 0xFF, 0xFF, 0xFF, 0x80, 0x00, 0x00,
  0x00, 0x07, 0xFF, 0xFF, 0xFF, 0xF0, 0x00, 0x00, 0x00, 0x1F, 0xFF, 0xFF,
  0xFF, 0xFC, 0x00, 0x00, 0x00, 0x3F, 0xFF, 0xFF, 0xFF, 0xFF, 0x80, 0x00,
  0x00, 0x0F, 0xFF, 0xFF, 0xFF, 0xFF, 0xE0, 0x00, 0x00, 0x03, 0xFF, 0xFF,
  0xFF, 0xFF, 0xF8, 0x00, 0x00, 0x00, 0xFF, 0xFF, 0xFF, 0xFF, 0xFF, 0x00,
  0x00, 0x00, 0x1F, 0xFF, 0xFF, 0xFF, 0xFF, 0xC0, 0x00, 0x00, 0x03, 0xFF,
  0xFF, 0xFF, 0xFF, 0xF0, 0x00, 0x00, 0x00, 0x7F, 0xFF, 0xFF, 0xFF, 0xFC,
  0x00, 0x00, 0x00, 0x0F, 0xFF, 0xFF, 0xFF, 0xFF, 0x00, 0x00, 0x00, 0x01,
  0xFF, 0xFF, 0xFF, 0xFF, 0xC0, 0x00, 0x00, 0x00, 0x3F, 0xFF, 0xFF, 0xFF,
  0xE0, 0x00, 0x00, 0x00, 0x07, 0xFF, 0xFF, 0xFF, 0xF0, 0x00, 0x00, 0x00,
  0x00, 0xFF, 0xFF, 0xFF, 0xFC, 0x00, 0x00, 0x00, 0x00, 0x1F, 0xFF, 0xFF,
  0xFC, 0x00, 0x00, 0x00, 0x00, 0x03, 0xFF, 0xFF, 0xFE, 0x00, 0x00, 0x00,
  0x00, 0x00, 0x3F, 0xFF, 0xFC, 0x00, 0x00, 0x00, 0x00, 0x00, 0x07, 0xFF,
  0xFC, 0x00, 0x00, 0x00, 0x00, 0x00, 0x00, 0xFF, 0xFF, 0x80, 0x00, 0x00,
  0x00, 0x00, 0x00, 0x1F, 0xFF, 0xE0, 0x00, 0x00, 0x00, 0x00, 0x00, 0x03,
  0xFF, 0xFC, 0x00, 0x00, 0x00, 0x00, 0x00, 0x00, 0x7F, 0xFF, 0x80, 0x00,
  0x00, 0x00, 0x00, 0x00, 0x07, 0xFF, 0xE0, 0x00, 0x00, 0x00, 0x00, 0x00,
  0x00, 0xFF, 0xFC, 0x00, 0x00, 0x00, 0x00, 0x00, 0x00, 0x0F, 0xFF, 0x00,
  0x00, 0x00, 0x00, 0x00, 0x00, 0x00, 0x7F, 0xC0, 0x00, 0x00, 0x00, 0x00,
  0x00, 0x00, 0x03, 0xE0, 0x00, 0x00, 0x00, 0x00, 0x00, 0x00, 0x00, 0x00,
  0x00, 0x00, 0x00, 0x00, 0x00, 0x00, 0x00, 0x00, 0x00, 0x00, 0x00, 0x00,
  0x00, 0x00, 0x00, 0x00, 0x00, 0x00, 0x00, 0x00, 0x00, 0x00, 0x00, 0x00,
  0x00, 0x00, 0x00, 0x00, 0x00, 0x00, 0x00, 0x00, 0x00, 0x00, 0x00, 0x00,
  0x00, 0x00, 0x00, 0x00, 0x00, 0x00, 0x00, 0x00, 0x00, 0x00, 0x00, 0x00,
  0x00, 0x00, 0x00, 0x00, 0x00, 0x00, 0x00, 0x00, 0x00, 0x00, 0x00, 0x00,
  0x00, 0x00, 0x00, 0x00, 0x00, 0x00, 0x00, 0x00, 0x00, 0x00, 0x00, 0x00,
  0x00, 0x00, 0x3F, 0x80, 0x00, 0x00, 0x00, 0x00, 0x00, 0x00, 0x3F, 0xFE,
  0x00, 0x00, 0x00, 0x00, 0x00, 0x00, 0x0F, 0xFF, 0xE0, 0x00, 0x00, 0x00,
  0x00, 0x00, 0x07, 0xFF, 0xFF, 0x00, 0x00, 0x00, 0x00, 0x00, 0x00, 0xFF,
  0xFF, 0xE0, 0x00, 0x00, 0x00, 0x00, 0x00, 0x3F, 0xFF, 0xFE, 0x00, 0x00,
  0x00, 0x00, 0x00, 0x0F, 0xFF, 0xFF, 0xE0, 0x00, 0x00, 0x00, 0x00, 0x01,
  0xFF, 0xFF, 0xFC, 0x00, 0x00, 0x00, 0x00, 0x00, 0x7F, 0xFF, 0xFF, 0xC0,
  0x00, 0x00, 0x00, 0x00, 0x0F, 0xFF, 0xFF, 0xF8, 0x00, 0x00, 0x00, 0x00,
  0x01, 0xFF, 0xFF, 0xFF, 0x00, 0x00, 0x00, 0x00, 0x00, 0x3F, 0xFF, 0xFF,
  0xE0, 0x00, 0x00, 0x00, 0x00, 0x07, 0xFF, 0xFF, 0xFC, 0x00, 0x00, 0x00,
  0x00, 0x00, 0xFF, 0xFF, 0xFF, 0x80, 0x00, 0x00, 0x00, 0x00, 0x1F, 0xFF,
  0xFF, 0xF0, 0x00, 0x00, 0x00, 0x00, 0x03, 0xFF, 0xFF, 0xFE, 0x00, 0x00,
  0x00, 0x00, 0x00, 0x3F, 0xFF, 0xFF, 0x80, 0x00, 0x00, 0x00, 0x00, 0x07,
  0xFF, 0xFF, 0xF0, 0x00, 0x00, 0x00, 0x00, 0x00, 0x7F, 0xFF, 0xFC, 0x00,
  0x00, 0x00, 0x00, 0x00, 0x0F, 0xFF, 0xFF, 0x80, 0x00, 0x00, 0x00, 0x00,
  0x00, 0xFF, 0xFF, 0xE0, 0x00, 0x00, 0x00, 0x00, 0x00, 0x07, 0xFF, 0xF0,
  0x00, 0x00, 0x00, 0x00, 0x00, 0x00, 0x7F, 0xFC, 0x00, 0x00, 0x00, 0x00,
  0x00, 0x00, 0x01, 0xFC, 0x00, 0x00, 0x00, 0x00, 0x00, 0x00, 0x00, 0x00,
  0x00, 0x00, 0x03, 0xFF, 0xFC, 0x00, 0x00, 0x00, 0x00, 0x00, 0x00, 0x00,
  0x00, 0x00, 0x00, 0x00, 0x00, 0x1F, 0xFF, 0xFF, 0xFE, 0x00, 0x00, 0x00,
  0x00, 0x00, 0x00, 0x00, 0x00, 0x00, 0x00, 0x00, 0x3F, 0xFF, 0xFF, 0xFF,
  0xFC, 0x00, 0x00, 0x00, 0x00, 0x00, 0x00, 0x00, 0x00, 0x00, 0x00, 0x3F,
  0xFF, 0xFF, 0xFF, 0xFF, 0xF0, 0x00, 0x00, 0x00, 0x00, 0x00, 0x00, 0x00,
  0x00, 0x00, 0x1F, 0xFF, 0xFF, 0xFF, 0xFF, 0xFF, 0x80, 0x00, 0x00, 0x00,
  0x00, 0x00, 0x00, 0x00, 0x00, 0x1F, 0xFF, 0xF8, 0x00, 0x0F, 0xFF, 0xFE,
  0x00, 0x00, 0x00, 0x00, 0x00, 0x00, 0x00, 0x00, 0x0F, 0xFF, 0xC0, 0x00,
  0x00, 0x07, 0xFF, 0xF0, 0x00, 0x00, 0x00, 0x00, 0x00, 0x00, 0x00, 0x07,
  0xFF, 0xC0, 0x00, 0x00, 0x00, 0x0F, 0xFF, 0x80, 0x00, 0x00, 0x00, 0x00,
  0x00, 0x00, 0x03, 0xFF, 0xC0, 0x00, 0x00, 0x00, 0x00, 0x3F, 0xFC, 0x00,
  0x00, 0x00, 0x00, 0x00, 0x00, 0x00, 0xFF, 0xE0, 0x00, 0x00, 0x00, 0x00,
  0x01, 0xFF, 0xC0, 0x00, 0x00, 0x00, 0x00, 0x00, 0x00, 0x7F, 0xE0, 0x00,
  0x00, 0x00, 0x00, 0x00, 0x0F, 0xFE, 0x00, 0x00, 0x00, 0x00, 0x00, 0x00,
  0x1F, 0xF0, 0x00, 0x00, 0x00, 0x00, 0x00, 0x00, 0x7F, 0xF0, 0x00, 0x00,
  0x00, 0x00, 0x00, 0x0F, 0xF8, 0x00, 0x00, 0x00, 0x00, 0x00, 0x00, 0x03,
  0xFF, 0x00, 0x00, 0x00, 0x00, 0x00, 0x03, 0xFE, 0x00, 0x00, 0x00, 0x00,
  0x00, 0x00, 0x00, 0x1F, 0xF0, 0x00, 0x00, 0x00, 0x00, 0x00, 0xFF, 0x00,
  0x00, 0x00, 0x00, 0x00, 0x00, 0x00, 0x00, 0xFF, 0x80, 0x00, 0x00, 0x00,
  0x00, 0x3F, 0xC0, 0x00, 0x00, 0x00, 0x00, 0x00, 0x00, 0x00, 0x0F, 0xF8,
  0x00, 0x00, 0x00, 0x00, 0x0F, 0xE0, 0x00, 0x00, 0x00, 0x00, 0x00, 0x00,
  0x00, 0x00, 0xFF, 0x80, 0x00, 0x00, 0x00, 0x03, 0xF8, 0x00, 0x00, 0x00,
  0x00, 0x00, 0x00, 0x00, 0x00, 0x07, 0xF8, 0x00, 0x00, 0x00, 0x00, 0xFE,
  0x00, 0x00, 0x00, 0x00, 0x00, 0x00, 0x00, 0x00, 0x00, 0x7F, 0x80, 0x00,
  0x00, 0x00, 0x3F, 0x80, 0x00, 0x00, 0x00, 0x00, 0x00, 0x00, 0x00, 0x00,
  0x07, 0xF8, 0x00, 0x00, 0x00, 0x0F, 0xE0, 0x00, 0x00, 0x00, 0x00, 0x00,
  0x00, 0x00, 0x00, 0x00, 0x7F, 0x80, 0x00, 0x00, 0x03, 0xF8, 0x00, 0x00,
  0x00, 0x00, 0x00, 0x00, 0x00, 0x00, 0x00, 0x07, 0xF8, 0x00, 0x00, 0x00,
  0xFE, 0x00, 0x00, 0x00, 0x00, 0x00, 0x00, 0x00, 0x00, 0x00, 0x00, 0x7F,
  0x00, 0x00, 0x00, 0x3F, 0x80, 0x00, 0x00, 0x00, 0x00, 0x00, 0x00, 0x00,
  0x00, 0x00, 0x07, 0xF0, 0x00, 0x00, 0x0F, 0xE0, 0x00, 0x00, 0x00, 0x00,
  0x00, 0x00, 0x00, 0x00, 0x00, 0x00, 0x7F, 0x00, 0x00, 0x01, 0xF8, 0x00,
  0x00, 0x00, 0x00, 0x00, 0x00, 0x00, 0x00, 0x00, 0x00, 0x07, 0xF0, 0x00,
  0x00, 0x7F, 0x00, 0x00, 0x00, 0x00, 0x00, 0x00, 0x00, 0x00, 0x00, 0x00,
  0x00, 0x7E, 0x00, 0x00, 0x1F, 0xC0, 0x00, 0x00, 0x00, 0x00, 0x00, 0x00,
  0x00, 0x00, 0x00, 0x00, 0x0F, 0xE0, 0x00, 0x03, 0xF0, 0x00, 0x00, 0x00,
  0x00, 0x7F, 0xF0, 0x00, 0x00, 0x00, 0x00, 0x00, 0xFE, 0x00, 0x00, 0xFE,
  0x00, 0x00, 0x00, 0x00, 0xFF, 0xFF, 0xC0, 0x00, 0x3F, 0x80, 0x00, 0x0F,
  0xC0, 0x00, 0x3F, 0x80, 0x00, 0x00, 0x00, 0x7F, 0xFF, 0xFF, 0x00, 0x1F,
  0xF8, 0x00, 0x01, 0xFC, 0x00, 0x07, 0xE0, 0x00, 0x00, 0x00, 0x3F, 0xFF,
  0xFF, 0xF8, 0x07, 0xFF, 0xC0, 0x00, 0x1F, 0xC0, 0x01, 0xFC, 0x00, 0x00,
  0x00, 0x1F, 0xFF, 0xFF, 0xFF, 0x81, 0xFF, 0xF8, 0x00, 0x01, 0xF8, 0x00,
  0x3F, 0x00, 0x00, 0x00, 0x07, 0xFF, 0xFF, 0xFF, 0xF8, 0x3F, 0xFF, 0x80,
  0x00, 0x3F, 0x80, 0x0F, 0xE0, 0x00, 0x00, 0x03, 0xFF, 0xFF, 0xFF, 0xFF,
  0x8F, 0xFF, 0xF0, 0x00, 0x03, 0xF0, 0x01, 0xF8, 0x00, 0x00, 0x00, 0xFF,
  0xFF, 0xFF, 0xFF, 0xF9, 0xFF, 0xFF, 0x00, 0x00, 0x7F, 0x00, 0x7F, 0x00,
  0x00, 0x00, 0x3F, 0xFF, 0xFF, 0xFF, 0xFF, 0xBF, 0xFF, 0xE0, 0x00, 0x07,
  0xE0, 0x0F, 0xC0, 0x00, 0x00, 0x0F, 0xFF, 0xFF, 0xFF, 0xFF, 0xFF, 0xFF,
  0xFC, 0x00, 0x00, 0xFC, 0x01, 0xF8, 0x00, 0x00, 0x03, 0xFF, 0xFF, 0xFF,
  0xFF, 0xFF, 0xFF, 0xFF, 0x80, 0x00, 0x1F, 0xC0, 0x7E, 0x00, 0x00, 0x00,
  0xFF, 0xFF, 0xFF, 0xFF, 0xFF, 0xFF, 0xFF, 0xF0, 0x00, 0x01, 0xF8, 0x0F,
  0xC0, 0x00, 0x00, 0x1F, 0xFF, 0xFF, 0xFF, 0xFF, 0xFF, 0xFF, 0xFE, 0x00,
  0x00, 0x3F, 0x03, 0xF8, 0x00, 0x00, 0x07, 0xFF, 0xFF, 0xFF, 0xFF, 0xFF,
  0xFF, 0xFF, 0x80, 0x00, 0x03, 0xF0, 0x7E, 0x00, 0x00, 0x01, 0xFF, 0xFF,
  0xFE, 0x01, 0xFF, 0xFF, 0xFF, 0xF0, 0x00, 0x00, 0x7E, 0x0F, 0xC0, 0x00,
  0x00, 0x3F, 0xFF, 0xFE, 0x00, 0x0F, 0xFF, 0xFF, 0xFE, 0x00, 0x00, 0x0F,
  0xC3, 0xF8, 0x00, 0x00, 0x0F, 0xFF, 0xFF, 0x80, 0x00, 0x7F, 0xFF, 0xFF,
  0xC0, 0x00, 0x01, 0xFC, 0x7E, 0x00, 0x00, 0x03, 0xFF, 0xFF, 0xC0, 0x00,
  0x07, 0xFF, 0xFF, 0xF8, 0x00, 0x00, 0x1F, 0x8F, 0xC0, 0x00, 0x00, 0x7F,
  0xFF, 0xF0, 0x00, 0x00, 0x7F, 0xFF, 0xFE, 0x00, 0x00, 0x03, 0xF1, 0xF8,
  0x00, 0x00, 0x1F, 0xFF, 0xFC, 0x00, 0x00, 0x07, 0xFF, 0xFF, 0xC0, 0x00,
  0x00, 0x7E, 0x7E, 0x00, 0x00, 0x03, 0xFF, 0xFF, 0x80, 0x00, 0x00, 0xFF,
  0xFF, 0xF8, 0x00, 0x00, 0x0F, 0xCF, 0xC0, 0x00, 0x00, 0x7F, 0xFF, 0xE0,
  0x00, 0x00, 0x0F, 0xFF, 0xFF, 0x00, 0x00, 0x00, 0xFD, 0xF8, 0x00, 0x00,
  0x1F, 0xFF, 0xF8, 0x00, 0x00, 0x01, 0xFF, 0xFF, 0xE0, 0x00, 0x00, 0x1F,
  0xBF, 0x00, 0x00, 0x03, 0xFF, 0xFF, 0x00, 0x00, 0x00, 0x1F, 0xFF, 0xFC,
  0x00, 0x00, 0x03, 0xF7, 0xE0, 0x00, 0x00, 0x7F, 0xFF, 0xC0, 0x00, 0x00,
  0x03, 0xFF, 0xFF, 0x00, 0x00, 0x00, 0x7E, 0xFC, 0x00, 0x00, 0x1F, 0xFF,
  0xF8, 0x00, 0x00, 0x00, 0x7F, 0xFF, 0xE0, 0x00, 0x00, 0x0F, 0xFF, 0x00,
  0x00, 0x03, 0xFF, 0xFE, 0x00, 0x00, 0x00, 0x0F, 0xFF, 0xFC, 0x00, 0x00,
  0x01, 0xFF, 0xE0, 0x00, 0x00, 0x7F, 0xFF, 0xC0, 0x00, 0x00, 0x01, 0xFF,
  0xFF, 0x80, 0x00, 0x00, 0x3F, 0xFC, 0x00, 0x00, 0x0F, 0xFF, 0xF8, 0x00,
  0x00, 0x00, 0x3F, 0xFF, 0xF0, 0x00, 0x00, 0x07, 0xFF, 0x80, 0x00, 0x03,
  0xFF, 0xFE, 0x00, 0x00, 0x00, 0x07, 0xFF, 0xFE, 0x00, 0x00, 0x00, 0xFF,
  0xF0, 0x00, 0x00, 0x7F, 0xFF, 0xC0, 0x00, 0x00, 0x00, 0xFF, 0xFF, 0x80,
  0x00, 0x00, 0x1F, 0xFE, 0x00, 0x00, 0x0F, 0xFF, 0xF8, 0x00, 0x00, 0x00,
  0x1F, 0xFF, 0xF0, 0x00, 0x00, 0x03, 0xFF, 0xC0, 0x00, 0x01, 0xFF, 0xFF,
  0x00, 0x00, 0x00, 0x03, 0xFF, 0xFE, 0x00, 0x00, 0x00, 0x7F, 0xF8, 0x00,
  0x00, 0x3F, 0xFF, 0xE0, 0x00, 0x00, 0x00, 0xFF, 0xFF, 0xC0, 0x00, 0x00,
  0x0F, 0xFF, 0x00, 0x00, 0x07, 0xFF, 0xFC, 0x00, 0x00, 0x00, 0x1F, 0xFF,
  0xF8, 0x00, 0x00, 0x01, 0xFF, 0xE0, 0x00, 0x00, 0xFF, 0xFF, 0x80, 0x00,
  0x00, 0x03, 0xFF, 0xFF, 0x00, 0x00, 0x00, 0x3E, 0xFC, 0x00, 0x00, 0x1F,
  0xFF, 0xF0, 0x00, 0x00, 0x00, 0x7F, 0xFF, 0xC0, 0x00, 0x00, 0x0F, 0xDF,
  0x80, 0x00, 0x03, 0xFF, 0xFE, 0x00, 0x00, 0x00, 0x1F, 0xFF, 0xF8, 0x00,
  0x00, 0x01, 0xFB, 0xF0, 0x00, 0x00, 0x7F, 0xFF, 0xC0, 0x00, 0x00, 0x03,
  0xFF, 0xFF, 0x00, 0x00, 0x00, 0x3F, 0x7E, 0x00, 0x00, 0x0F, 0xFF, 0xFC,
  0x00, 0x00, 0x00, 0xFF, 0xFF, 0xE0, 0x00, 0x00, 0x07, 0xEF, 0xC0, 0x00,
  0x01, 0xFF, 0xFF, 0x80, 0x00, 0x00, 0x1F, 0xFF, 0xFC, 0x00, 0x00, 0x00,
  0xFD, 0xFC, 0x00, 0x00, 0x3F, 0xFF, 0xF0, 0x00, 0x00, 0x07, 0xFF, 0xFF,
  0x80, 0x00, 0x00, 0x3F, 0x1F, 0x80, 0x00, 0x03, 0xFF, 0xFF, 0x00, 0x00,
  0x01, 0xFF, 0xFF, 0xE0, 0x00, 0x00, 0x07, 0xE3, 0xF0, 0x00, 0x00, 0x7F,
  0xFF, 0xE0, 0x00, 0x00, 0x3F, 0xFF, 0xFC, 0x00, 0x00, 0x00, 0xFC, 0x7E,
  0x00, 0x00, 0x0F, 0xFF, 0xFE, 0x00, 0x00, 0x0F, 0xFF, 0xFF, 0x80, 0x00,
  0x00, 0x3F, 0x0F, 0xC0, 0x00, 0x01, 0xFF, 0xFF, 0xE0, 0x00, 0x03, 0xFF,
  0xFF, 0xF0, 0x00, 0x00, 0x07, 0xE1, 0xF8, 0x00, 0x00, 0x1F, 0xFF, 0xFE,
  0x00, 0x01, 0xFF, 0xFF, 0xFE, 0x00, 0x00, 0x01, 0xFC, 0x1F, 0x80, 0x00,
  0x03, 0xFF, 0xFF, 0xF0, 0x00, 0x7F, 0xFF, 0xFF, 0xC0, 0x00, 0x00, 0x3F,
  0x03, 0xF0, 0x00, 0x00, 0x7F, 0xFF, 0xFF, 0x80, 0x7F, 0xFF, 0xFF, 0xF8,
  0x00, 0x00, 0x0F, 0xE0, 0x7E, 0x00, 0x00, 0x07, 0xFF, 0xFF, 0xFF, 0xFF,
  0xFF, 0xFF, 0xFF, 0x00, 0x00, 0x01, 0xF8, 0x0F, 0xC0, 0x00, 0x00, 0xFF,
  0xFF, 0xFF, 0xFF, 0xFF, 0xFF, 0xFF, 0xE0, 0x00, 0x00, 0x7E, 0x00, 0xFC,
  0x00, 0x00, 0x0F, 0xFF, 0xFF, 0xFF, 0xFF, 0xFF, 0xFF, 0xFC, 0x00, 0x00,
  0x1F, 0xC0, 0x1F, 0x80, 0x00, 0x00, 0xFF, 0xFF, 0xFF, 0xFF, 0xFF, 0xFF,
  0xFF, 0xC0, 0x00, 0x07, 0xF0, 0x03, 0xF0, 0x00, 0x00, 0x1F, 0xFF, 0xFF,
  0xFF, 0xFF, 0xFF, 0xFF, 0xFC, 0x00, 0x01, 0xFC, 0x00, 0x3F, 0x00, 0x00,
  0x01, 0xFF, 0xFF, 0xFF, 0xFF, 0xFF, 0xFF, 0xFF, 0xC0, 0x00, 0x7F, 0x00,
  0x07, 0xE0, 0x00, 0x00, 0x1F, 0xFF, 0xFF, 0xFF, 0xFF, 0xDF, 0xFF, 0xFC,
  0x00, 0x3F, 0xC0, 0x00, 0xFE, 0x00, 0x00, 0x01, 0xFF, 0xFF, 0xFF, 0xFF,
  0xE1, 0xFF, 0xFF, 0xE0, 0x1F, 0xF8, 0x00, 0x0F, 0xC0, 0x00, 0x00, 0x1F,
  0xFF, 0xFF, 0xFF, 0xF8, 0x1F, 0xFF, 0xFF, 0xFF, 0xFC, 0x00, 0x01, 0xFC,
  0x00, 0x00, 0x00, 0xFF, 0xFF, 0xFF, 0xFC, 0x01, 0xFF, 0xFF, 0xFF, 0xFF,
  0x00, 0x00, 0x1F, 0x80, 0x00, 0x00, 0x0F, 0xFF, 0xFF, 0xFF, 0x00, 0x0F,
  0xFF, 0xFF, 0xFF, 0x80, 0x00, 0x03, 0xF0, 0x00, 0x00, 0x00, 0x7F, 0xFF,
  0xFF, 0x80, 0x00, 0x7F, 0xFF, 0xFF, 0xE0, 0x00, 0x00, 0x3F, 0x00, 0x00,
  0x00, 0x03, 0xFF, 0xFF, 0x80, 0x00, 0x01, 0xFF, 0xFF, 0xE0, 0x00, 0x00,
  0x07, 0xF0, 0x00, 0x00, 0x00, 0x07, 0xFF, 0x00, 0x00, 0x00, 0x03, 0xFF,
  0xC0, 0x00, 0x00, 0x00, 0x7E, 0x00, 0x00, 0x00, 0x00, 0x00, 0x00, 0x00,
  0x00, 0x00, 0x00, 0x00, 0x00, 0x00, 0x00, 0x0F, 0xE0, 0x00, 0x00, 0x00,
  0x00, 0x00, 0x00, 0x00, 0x00, 0x00, 0x00, 0x00, 0x00, 0x00, 0x00, 0xFC,
  0x00, 0x00, 0x00, 0x00, 0x00, 0x00, 0x00, 0x00, 0x00, 0x00, 0x00, 0x00,
  0x00, 0x00, 0x1F, 0xC0, 0x00, 0x00, 0x00, 0x00, 0x00, 0x00, 0x00, 0x00,
  0x00, 0x00, 0x00, 0x00, 0x00, 0x01, 0xFC, 0x00, 0x00, 0x00, 0x00, 0x00,
  0x00, 0x00, 0x00, 0x00, 0x00, 0x00, 0x00, 0x00, 0x00, 0x1F, 0xC0, 0x00,
  0x00, 0x00, 0x00, 0x00, 0x00, 0x00, 0x00, 0x00, 0x00, 0x00, 0x00, 0x00,
  0x03, 0xF8, 0x00, 0x00, 0x00, 0x00, 0x00, 0x00, 0x00, 0x00, 0x00, 0x00,
  0x00, 0x00, 0x00, 0x00, 0x3F, 0x80, 0x00, 0x00, 0x00, 0x00, 0x00, 0x00,
  0x00, 0x00, 0x00, 0x00, 0x00, 0x00, 0x00, 0x03, 0xF8, 0x00, 0x00, 0x00,
  0x00, 0x00, 0x00, 0x00, 0x00, 0x00, 0x00, 0x00, 0x00, 0x00, 0x00, 0x3F,
  0x80, 0x00, 0x00, 0x00, 0x00, 0x00, 0x00, 0x00, 0x00, 0x00, 0x00, 0x00,
  0x00, 0x00, 0x03, 0xF8, 0x00, 0x00, 0x00, 0x00, 0x00, 0x00, 0x00, 0x00,
  0x00, 0x00, 0x00, 0x00, 0x00, 0x00, 0x3F, 0x80, 0x00, 0x00, 0x00, 0x00,
  0x00, 0x00, 0x00, 0x00, 0x00, 0x00, 0x00, 0x00, 0x00, 0x07, 0xF8, 0x00,
  0x00, 0x00, 0x00, 0x00, 0x00, 0x00, 0x00, 0x00, 0x00, 0x00, 0x00, 0x00,
  0x00, 0x7F, 0x80, 0x00, 0x00, 0x00, 0x00, 0x00, 0x00, 0x00, 0x00, 0x00,
  0x00, 0x00, 0x00, 0x00, 0x07, 0xF8, 0x00, 0x00, 0x00, 0x00, 0x00, 0x00,
  0x00, 0x00, 0x00, 0x00, 0x00, 0x00, 0x00, 0x00, 0x7F, 0x80, 0x00, 0x00,
  0x00, 0x00, 0x00, 0x00, 0x00, 0x00, 0x00, 0x00, 0x00, 0x00, 0x00, 0x03,
  0xFC, 0x00, 0x00, 0x00, 0x00, 0x00, 0x00, 0x00, 0x00, 0x00, 0x00, 0x00,
  0x00, 0x00, 0x00, 0x3F, 0xC0, 0x00, 0x00, 0x00, 0x00, 0x00, 0x00, 0x00,
  0x00, 0x00, 0x00, 0x00, 0x00, 0x00, 0x03, 0xFE, 0x00, 0x00, 0x00, 0x00,
  0x00, 0x00, 0x00, 0x03, 0xC0, 0x00, 0x00, 0x00, 0x00, 0x00, 0x3F, 0xF0,
  0x00, 0x00, 0x00, 0x00, 0x00, 0x00, 0x00, 0xFC, 0x00, 0x00, 0x00, 0x00,
  0x00, 0x01, 0xFF, 0x00, 0x00, 0x00, 0x00, 0x00, 0x00, 0x00, 0x7F, 0x80,
  0x00, 0x00, 0x00, 0x00, 0x00, 0x1F, 0xF8, 0x00, 0x00, 0x00, 0x00, 0x00,
  0x00, 0x7F, 0xF0, 0x00, 0x00, 0x00, 0x00, 0x00, 0x00, 0xFF, 0xE0, 0x00,
  0x00, 0x00, 0x00, 0x00, 0x3F, 0xFC, 0x00, 0x00, 0x00, 0x00, 0x00, 0x00,
  0x0F, 0xFF, 0x00, 0x00, 0x00, 0x00, 0x00, 0x1F, 0xFE, 0x00, 0x00, 0x00,
  0x00, 0x00, 0x00, 0x00, 0x7F, 0xFC, 0x00, 0x00, 0x00, 0x00, 0x3F, 0xFF,
  0x00, 0x00, 0x00, 0x00, 0x00, 0x00, 0x00, 0x03, 0xFF, 0xF8, 0x00, 0x00,
  0x00, 0x3F, 0xFF, 0x80, 0x00, 0x00, 0x00, 0x00, 0x00, 0x00, 0x00, 0x1F,
  0xFF, 0xFC, 0x00, 0x01, 0xFF, 0xFF, 0xC0, 0x00, 0x00, 0x00, 0x00, 0x00,
  0x00, 0x00, 0x00, 0x7F, 0xFF, 0xFF, 0xFF, 0xFF, 0xFF, 0xC0, 0x00, 0x00,
  0x00, 0x00, 0x00, 0x00, 0x00, 0x00, 0x03, 0xFF, 0xFF, 0xFF, 0xFF, 0xFF,
  0xC0, 0x00, 0x00, 0x00, 0x00, 0x00, 0x00, 0x00, 0x00, 0x00, 0x0F, 0xFF,
  0xFF, 0xFF, 0xFF, 0xC0, 0x00, 0x00, 0x00, 0x00, 0x00, 0x00, 0x00, 0x00,
  0x00, 0x00, 0x1F, 0xFF, 0xFF, 0xFF, 0x00, 0x00, 0x00, 0x00, 0x00, 0x00,
  0x00, 0x00, 0x00, 0x00, 0x00, 0x00, 0x0F, 0xFF, 0xF8, 0x00, 0x00, 0x00,
  0x00, 0x00, 0x00, 0x00, 0x00, 0x00, 0x00, 0x00, 0x00, 0x00, 0xC0, 0x00,
  0x00, 0x00, 0x00, 0x00, 0x00, 0x00, 0x00, 0x00, 0x00, 0x07, 0xFF, 0x80,
  0x00, 0x00, 0x00, 0x00, 0x00, 0x00, 0x00, 0x00, 0x00, 0x07, 0xFF, 0xF8,
  0x00, 0x00, 0x00, 0x00, 0x00, 0x00, 0x00, 0x00, 0x00, 0x03, 0xFF, 0xFF,
  0x00, 0x00, 0x00, 0x00, 0x00, 0x00, 0x00, 0x00, 0x00, 0x01, 0xFF, 0xFF,
  0xE0, 0x00, 0x00, 0x00, 0x00, 0x00, 0x00, 0x00, 0x00, 0x00, 0xFF, 0xFF,
  0xFC, 0x00, 0x00, 0x00, 0x00, 0x00, 0x00, 0x00, 0x00, 0x00, 0x7F, 0xFF,
  0xFF, 0x80, 0x00, 0x00, 0x00, 0x00, 0x00, 0x00, 0x00, 0x00, 0x1F, 0xFF,
  0xFF, 0xF0, 0x00, 0x00, 0x00, 0x00, 0x00, 0x00, 0x00, 0x00, 0x0F, 0xFF,
  0xFF, 0xFC, 0x00, 0x00, 0x00, 0x00, 0x00, 0x00, 0x00, 0x00, 0x03, 0xFF,
  0xFF, 0xFF, 0x80, 0x00, 0x00, 0x00, 0x00, 0x00, 0x00, 0x00, 0x01, 0xFF,
  0xFF, 0xFF, 0xE0, 0x00, 0x00, 0x00, 0x00, 0x00, 0x00, 0x00, 0x00, 0x7F,
  0xFF, 0xFF, 0xF8, 0x00, 0x00, 0x00, 0x00, 0x00, 0x00, 0x00, 0x00, 0x3F,
  0xFF, 0xFF, 0xFF, 0x00, 0x00, 0x00, 0x00, 0x00, 0x00, 0x00, 0x00, 0x0F,
  0xFF, 0xFF, 0xFF, 0xC0, 0x00, 0x00, 0x00, 0x00, 0x00, 0x00, 0x00, 0x07,
  0xFF, 0xFF, 0xFF, 0xF8, 0x00, 0x00, 0x00, 0x00, 0x00, 0x00, 0x00, 0x01,
  0xFF, 0xFF, 0xFF, 0xFE, 0x00, 0x00, 0x00, 0x00, 0x00, 0x00, 0x00, 0x00,
  0x7F, 0xFF, 0xFF, 0xFF, 0xC0, 0x00, 0x00, 0x00, 0x00, 0x00, 0x00, 0x00,
  0x3F, 0xFF, 0xFF, 0xFF, 0xF0, 0x00, 0x00, 0x00, 0x00, 0x00, 0x00, 0x00,
  0x0F, 0xFF, 0xFF, 0xFF, 0xFE, 0x00, 0x00, 0x00, 0x00, 0x00, 0x00, 0x00,
  0x07, 0xFF, 0xFF, 0xFF, 0xFF, 0x80, 0x00, 0x00, 0x00, 0x00, 0x00, 0x00,
  0x01, 0xFF, 0xFF, 0xFF, 0xFF, 0xE0, 0x00, 0x00, 0x00, 0x00, 0x00, 0x00,
  0x00, 0xFF, 0xFF, 0xFF, 0xFF, 0xFC, 0x00, 0x00, 0x00, 0x00, 0x00, 0x00,
  0x00, 0x3F, 0xFF, 0xFF, 0xFF, 0xFF, 0x00, 0x00, 0x00, 0x00, 0x00, 0x00,
  0x00, 0x1F, 0xFF, 0xFF, 0xFF, 0xFF, 0xE0, 0x00, 0x00, 0x00, 0x00, 0x00,
  0x00, 0x07, 0xFF, 0xFF, 0xFF, 0xFF, 0xF8, 0x00, 0x00, 0x00, 0x00, 0x00,
  0x00, 0x01, 0xFF, 0xFF, 0xFF, 0xFF, 0xFF, 0x00, 0x00, 0x00, 0x00, 0x00,
  0x00, 0x00, 0xFF, 0xFF, 0xFF, 0xFF, 0xFF, 0xC0, 0x00, 0x00, 0x00, 0x00,
  0x00, 0x00, 0x3F, 0xFF, 0xFF, 0xFF, 0xFF, 0xF0, 0x00, 0x00, 0x00, 0x00,
  0x00, 0x00, 0x1F, 0xFF, 0xFF, 0x7F, 0xFF, 0xFE, 0x00, 0x00, 0x00, 0x00,
  0x00, 0x00, 0x07, 0xFF, 0xFF, 0xCF, 0xFF, 0xFF, 0x80, 0x00, 0x00, 0x00,
  0x00, 0x00, 0x03, 0xFF, 0xFF, 0xF3, 0xFF, 0xFF, 0xF0, 0x00, 0x00, 0x00,
  0x00, 0x00, 0x00, 0xFF, 0xFF, 0xF8, 0xFF, 0xFF, 0xFC, 0x00, 0x00, 0x00,
  0x00, 0x00, 0x00, 0x7F, 0xFF, 0xFE, 0x1F, 0xFF, 0xFF, 0x80, 0x00, 0x00,
  0x00, 0x00, 0x00, 0x1F, 0xFF, 0xFF, 0x07, 0xFF, 0xFF, 0xE0, 0x00, 0x00,
  0x00, 0x00, 0x00, 0x07, 0xFF, 0xFF, 0xC0, 0xFF, 0xFF, 0xFC, 0x00, 0x00,
  0x00, 0x00, 0x00, 0x03, 0xFF, 0xFF, 0xF0, 0x3F, 0xFF, 0xFF, 0x00, 0x00,
  0x00, 0x00, 0x00, 0x00, 0xFF, 0xFF, 0xF8, 0x0F, 0xFF, 0xFF, 0xC0, 0x00,
  0x00, 0x00, 0x00, 0x00, 0x7F, 0xFF, 0xFE, 0x01, 0xFF, 0xFF, 0xF8, 0x00,
  0x00, 0x00, 0x00, 0x00, 0x1F, 0xFF, 0xFF, 0x00, 0x7F, 0xFF, 0xFE, 0x00,
  0x00, 0x00, 0x00, 0x00, 0x0F, 0xFF, 0xFF, 0xC0, 0x0F, 0xFF, 0xFF, 0xC0,
  0x00, 0x00, 0x00, 0x00, 0x03, 0xFF, 0xFF, 0xE0, 0x03, 0xFF, 0xFF, 0xF0,
  0x00, 0x00, 0x00, 0x00, 0x01, 0xFF, 0xFF, 0xF8, 0x00, 0xFF, 0xFF, 0xFE,
  0x00, 0x00, 0x00, 0x00, 0x00, 0x7F, 0xFF, 0xFE, 0x00, 0x1F, 0xFF, 0xFF,
  0x80, 0x00, 0x00, 0x00, 0x00, 0x1F, 0xFF, 0xFF, 0x00, 0x07, 0xFF, 0xFF,
  0xF0, 0x00, 0x00, 0x00, 0x00, 0x0F, 0xFF, 0xFF, 0xC0, 0x00, 0xFF, 0xFF,
  0xFC, 0x00, 0x00, 0x00, 0x00, 0x03, 0xFF, 0xFF, 0xE0, 0x00, 0x3F, 0xFF,
  0xFF, 0x00, 0x00, 0x00, 0x00, 0x01, 0xFF, 0xFF, 0xF8, 0x00, 0x07, 0xFF,
  0xFF, 0xE0, 0x00, 0x00, 0x00, 0x00, 0x7F, 0xFF, 0xFE, 0x00, 0x01, 0xFF,
  0xFF, 0xF8, 0x00, 0x00, 0x00, 0x00, 0x3F, 0xFF, 0xFF, 0x00, 0x00, 0x7F,
  0xFF, 0xFF, 0x00, 0x00, 0x00, 0x00, 0x0F, 0xFF, 0xFF, 0xC0, 0x00, 0x0F,
  0xFF, 0xFF, 0xC0, 0x00, 0x00, 0x00, 0x07, 0xFF, 0xFF, 0xE0, 0x00, 0x03,
  0xFF, 0xFF, 0xF8, 0x00, 0x00, 0x00, 0x01, 0xFF, 0xFF, 0xF8, 0x00, 0x00,
  0x7F, 0xFF, 0xFE, 0x00, 0x00, 0x00, 0x00, 0x7F, 0xFF, 0xFE, 0x00, 0x00,
  0x1F, 0xFF, 0xFF, 0xC0, 0x00, 0x00, 0x00, 0x3F, 0xFF, 0xFF, 0x00, 0x00,
  0x07, 0xFF, 0xFF, 0xF0, 0x00, 0x00, 0x00, 0x0F, 0xFF, 0xFF, 0xC0, 0x00,
  0x00, 0xFF, 0xFF, 0xFC, 0x00, 0x00, 0x00, 0x07, 0xFF, 0xFF, 0xE0, 0x00,
  0x00, 0x3F, 0xFF, 0xFF, 0x80, 0x00, 0x00, 0x01, 0xFF, 0xFF, 0xF8, 0x00,
  0x00, 0x07, 0xFF, 0xFF, 0xE0, 0x00, 0x00, 0x00, 0xFF, 0xFF, 0xFE, 0x00,
  0x00, 0x01, 0xFF, 0xFF, 0xFC, 0x00, 0x00, 0x00, 0x3F, 0xFF, 0xFF, 0x00,
  0x00, 0x00, 0x7F, 0xFF, 0xFF, 0x00, 0x00, 0x00, 0x1F, 0xFF, 0xFF, 0xC0,
  0x00, 0x00, 0x0F, 0xFF, 0xFF, 0xE0, 0x00, 0x00, 0x07, 0xFF, 0xFF, 0xE0,
  0x00, 0x00, 0x03, 0xFF, 0xFF, 0xF8, 0x00, 0x00, 0x01, 0xFF, 0xFF, 0xFF,
  0xFF, 0xFF, 0xFF, 0xFF, 0xFF, 0xFF, 0x00, 0x00, 0x00, 0xFF, 0xFF, 0xFF,
  0xFF, 0xFF, 0xFF, 0xFF, 0xFF, 0xFF, 0xC0, 0x00, 0x00, 0x3F, 0xFF, 0xFF,
  0xFF, 0xFF, 0xFF, 0xFF, 0xFF, 0xFF, 0xF0, 0x00, 0x00, 0x1F, 0xFF, 0xFF,
  0xFF, 0xFF, 0xFF, 0xFF, 0xFF, 0xFF, 0xFE, 0x00, 0x00, 0x07, 0xFF, 0xFF,
  0xFF, 0xFF, 0xFF, 0xFF, 0xFF, 0xFF, 0xFF, 0x80, 0x00, 0x03, 0xFF, 0xFF,
  0xFF, 0xFF, 0xFF, 0xFF, 0xFF, 0xFF, 0xFF, 0xF0, 0x00, 0x00, 0xFF, 0xFF,
  0xFF, 0xFF, 0xFF, 0xFF, 0xFF, 0xFF, 0xFF, 0xFC, 0x00, 0x00, 0x7F, 0xFF,
  0xFF, 0xFF, 0xFF, 0xFF, 0xFF, 0xFF, 0xFF, 0xFF, 0x80, 0x00, 0x1F, 0xFF,
  0xFF, 0xFF, 0xFF, 0xFF, 0xFF, 0xFF, 0xFF, 0xFF, 0xE0, 0x00, 0x07, 0xFF,
  0xFF, 0xFF, 0xFF, 0xFF, 0xFF, 0xFF, 0xFF, 0xFF, 0xFC, 0x00, 0x03, 0xFF,
  0xFF, 0xFF, 0xFF, 0xFF, 0xFF, 0xFF, 0xFF, 0xFF, 0xFF, 0x00, 0x00, 0xFF,
  0xFF, 0xFF, 0xFF, 0xFF, 0xFF, 0xFF, 0xFF, 0xFF, 0xFF, 0xC0, 0x00, 0x7F,
  0xFF, 0xFF, 0xFF, 0xFF, 0xFF, 0xFF, 0xFF, 0xFF, 0xFF, 0xF8, 0x00, 0x1F,
  0xFF, 0xFF, 0xFF, 0xFF, 0xFF, 0xFF, 0xFF, 0xFF, 0xFF, 0xFE, 0x00, 0x0F,
  0xFF, 0xFF, 0xFF, 0xFF, 0xFF, 0xFF, 0xFF, 0xFF, 0xFF, 0xFF, 0xC0, 0x03,
  0xFF, 0xFF, 0xFF, 0xFF, 0xFF, 0xFF, 0xFF, 0xFF, 0xFF, 0xFF, 0xF0, 0x01,
  0xFF, 0xFF, 0xFF, 0xFF, 0xFF, 0xFF, 0xFF, 0xFF, 0xFF, 0xFF, 0xFE, 0x00,
  0x7F, 0xFF, 0xFF, 0xFF, 0xFF, 0xFF, 0xFF, 0xFF, 0xFF, 0xFF, 0xFF, 0x80,
  0x1F, 0xFF, 0xFF, 0x80, 0x00, 0x00, 0x00, 0x00, 0x07, 0xFF, 0xFF, 0xF0,
  0x0F, 0xFF, 0xFF, 0xC0, 0x00, 0x00, 0x00, 0x00, 0x01, 0xFF, 0xFF, 0xFC,
  0x03, 0xFF, 0xFF, 0xF0, 0x00, 0x00, 0x00, 0x00, 0x00, 0x3F, 0xFF, 0xFF,
  0x01, 0xFF, 0xFF, 0xFC, 0x00, 0x00, 0x00, 0x00, 0x00, 0x0F, 0xFF, 0xFF,
  0xE0, 0x7F, 0xFF, 0xFE, 0x00, 0x00, 0x00, 0x00, 0x00, 0x03, 0xFF, 0xFF,
  0xF8, 0x3F, 0xFF, 0xFF, 0x80, 0x00, 0x00, 0x00, 0x00, 0x00, 0x7F, 0xFF,
  0xFF, 0x0F, 0xFF, 0xFF, 0xC0, 0x00, 0x00, 0x00, 0x00, 0x00, 0x1F, 0xFF,
  0xFF, 0xC3, 0xFF, 0xFF, 0xF0, 0x00, 0x00, 0x00, 0x00, 0x00, 0x03, 0xFF,
  0xFF, 0xF9, 0xFF, 0xFF, 0xF8, 0x00, 0x00, 0x00, 0x00, 0x00, 0x00, 0xFF,
  0xFF, 0xFE, 0x7F, 0xFF, 0xFE, 0x00, 0x00, 0x00, 0x00, 0x00, 0x00, 0x1F,
  0xFF, 0xFF, 0xBF, 0xFF, 0xFF, 0x80, 0x00, 0x00, 0x00, 0x00, 0x00, 0x07,
  0xFF, 0xFF, 0xFF, 0xFF, 0xFF, 0xC0, 0x00, 0x00, 0x00, 0x00, 0x00, 0x01,
  0xFF, 0xFF, 0xFF, 0xFF, 0xFF, 0xF0, 0x00, 0x00, 0x00, 0x00, 0x00, 0x00,
  0x3F, 0xFF, 0xFF, 0xFF, 0xFF, 0xF8, 0x00, 0x00, 0x00, 0x00, 0x00, 0x00,
  0x0F, 0xFF, 0xFF, 0xFF, 0xFF, 0xFE, 0x00, 0x00, 0x00, 0x00, 0x00, 0x00,
  0x01, 0xFF, 0xFF, 0xFF, 0xFF, 0xFF, 0x00, 0x00, 0x00, 0x00, 0x00, 0x00,
  0x00, 0x7F, 0xFF, 0xFD, 0xFF, 0xFF, 0xC0, 0x00, 0x00, 0x00, 0x00, 0x00,
  0x00, 0x0F, 0xFF, 0xFE, 0x7F, 0xFF, 0xE0, 0x00, 0x00, 0x00, 0x00, 0x00,
  0x00, 0x03, 0xFF, 0xFF, 0x8F, 0xFF, 0xF8, 0x00, 0x00, 0x00, 0x00, 0x00,
  0x00, 0x00, 0x7F, 0xFF, 0xC3, 0xFF, 0xFC, 0x00, 0x00, 0x00, 0x00, 0x00,
  0x00, 0x00, 0x0F, 0xFF, 0xE0, 0x7F, 0xFE, 0x00, 0x00, 0x00, 0x00, 0x00,
  0x00, 0x00, 0x01, 0xFF, 0xF0, 0x07, 0xFF, 0x00, 0x00, 0x00, 0x00, 0x00,
  0x00, 0x00, 0x00, 0x3F, 0xF8, 0x00, 0x7F, 0x00, 0x00, 0x00, 0x00, 0x00,
  0x00, 0x00, 0x00, 0x03, 0xF8, 0x00, 0x01, 0xFF, 0xFF, 0xFF, 0xFF, 0xFF,
  0xF8, 0x00, 0x00, 0x00, 0x00, 0x7F, 0xFF, 0xFF, 0xFF, 0xFF, 0xFF, 0xFC,
  0x00, 0x00, 0x00, 0x0F, 0xFF, 0xFF, 0xFF, 0xFF, 0xFF, 0xFF, 0xF8, 0x00,
  0x00, 0x01, 0xFF, 0xFF, 0xFF, 0xFF, 0xFF, 0xFF, 0xFF, 0xF0, 0x00, 0x00,
  0x3F, 0xFF, 0xFF, 0xFF, 0xFF, 0xFF, 0xFF, 0xFF, 0xC0, 0x00, 0x07, 0xFF,
  0xFF, 0xFF, 0xFF, 0xFF, 0xFF, 0xFF, 0xFE, 0x00, 0x00, 0x7F, 0xFF, 0xFF,
  0xFF, 0xFF, 0xFF, 0xFF, 0xFF, 0xF8, 0x00, 0x0F, 0xFF, 0xFF, 0xFF, 0xFF,
  0xFF, 0xFF, 0xFF, 0xFF, 0xC0, 0x00, 0xFF, 0xFF, 0xFF, 0xFF, 0xFF, 0xFF,
  0xFF, 0xFF, 0xFE, 0x00, 0x0F, 0xFF, 0xFF, 0xFF, 0xFF, 0xFF, 0xFF, 0xFF,
  0xFF, 0xF0, 0x00, 0xFF, 0xFF, 0xFF, 0xFF, 0xFF, 0xFF, 0xFF, 0xFF, 0xFF,
  0x80, 0x0F, 0xFF, 0xFF, 0xFF, 0xFF, 0xFF, 0xFF, 0xFF, 0xFF, 0xFC, 0x00,
  0xFF, 0xFF, 0xFF, 0xFF, 0xFF, 0xFF, 0xFF, 0xFF, 0xFF, 0xC0, 0x0F, 0xFF,
  0xFF, 0xFF, 0xFF, 0xFF, 0xFF, 0xFF, 0xFF, 0xFE, 0x00, 0xFF, 0xFF, 0xFF,
  0xFF, 0xFF, 0xFF, 0xFF, 0xFF, 0xFF, 0xE0, 0x0F, 0xFF, 0xFF, 0xFF, 0xFF,
  0xFF, 0xFF, 0xFF, 0xFF, 0xFF, 0x00, 0xFF, 0xFF, 0xFF, 0xFF, 0xFF, 0xFF,
  0xFF, 0xFF, 0xFF, 0xF0, 0x0F, 0xFF, 0xFF, 0xFF, 0xFF, 0xFF, 0xFF, 0xFF,
  0xFF, 0xFF, 0x80, 0xFF, 0xFF, 0xF8, 0x00, 0x00, 0x00, 0xFF, 0xFF, 0xFF,
  0xF8, 0x0F, 0xFF, 0xFF, 0x80, 0x00, 0x00, 0x01, 0xFF, 0xFF, 0xFF, 0x80,
  0xFF, 0xFF, 0xF8, 0x00, 0x00, 0x00, 0x07, 0xFF, 0xFF, 0xFC, 0x0F, 0xFF,
  0xFF, 0x80, 0x00, 0x00, 0x00, 0x3F, 0xFF, 0xFF, 0xC0, 0xFF, 0xFF, 0xF8,
  0x00, 0x00, 0x00, 0x01, 0xFF, 0xFF, 0xFC, 0x0F, 0xFF, 0xFF, 0x80, 0x00,
  0x00, 0x00, 0x0F, 0xFF, 0xFF, 0xC0, 0xFF, 0xFF, 0xF8, 0x00, 0x00, 0x00,
  0x00, 0xFF, 0xFF, 0xFC, 0x0F, 0xFF, 0xFF, 0x80, 0x00, 0x00, 0x00, 0x07,
  0xFF, 0xFF, 0xC0, 0xFF, 0xFF, 0xF8, 0x00, 0x00, 0x00, 0x00, 0x7F, 0xFF,
  0xFC, 0x0F, 0xFF, 0xFF, 0x80, 0x00, 0x00, 0x00, 0x07, 0xFF, 0xFF, 0xC0,
  0xFF, 0xFF, 0xF8, 0x00, 0x00, 0x00, 0x00, 0x7F, 0xFF, 0xFC, 0x0F, 0xFF,
  0xFF, 0x80, 0x00, 0x00, 0x00, 0x07, 0xFF, 0xFF, 0xC0, 0xFF, 0xFF, 0xF8,
  0x00, 0x00, 0x00, 0x00, 0x7F, 0xFF, 0xFC, 0x0F, 0xFF, 0xFF, 0x80, 0x00,
  0x00, 0x00, 0x07, 0xFF, 0xFF, 0x80, 0xFF, 0xFF, 0xF8, 0x00, 0x00, 0x00,
  0x00, 0xFF, 0xFF, 0xF8, 0x0F, 0xFF, 0xFF, 0x80, 0x00, 0x00, 0x00, 0x0F,
  0xFF, 0xFF, 0x80, 0xFF, 0xFF, 0xF8, 0x00, 0x00, 0x00, 0x00, 0xFF, 0xFF,
  0xF8, 0x0F, 0xFF, 0xFF, 0x80, 0x00, 0x00, 0x00, 0x1F, 0xFF, 0xFF, 0x00,
  0xFF, 0xFF, 0xF8, 0x00, 0x00, 0x00, 0x03, 0xFF, 0xFF, 0xF0, 0x0F, 0xFF,
  0xFF, 0x80, 0x00, 0x00, 0x00, 0x7F, 0xFF, 0xFE, 0x00, 0xFF, 0xFF, 0xF8,
  0x00, 0x00, 0x00, 0x1F, 0xFF, 0xFF, 0xE0, 0x0F, 0xFF, 0xFF, 0x80, 0x00,
  0x00, 0x1F, 0xFF, 0xFF, 0xFC, 0x00, 0xFF, 0xFF, 0xFF, 0xFF, 0xFF, 0xFF,
  0xFF, 0xFF, 0xFF, 0xC0, 0x0F, 0xFF, 0xFF, 0xFF, 0xFF, 0xFF, 0xFF, 0xFF,
  0xFF, 0xF8, 0x00, 0xFF, 0xFF, 0xFF, 0xFF, 0xFF, 0xFF, 0xFF, 0xFF, 0xFF,
  0x00, 0x0F, 0xFF, 0xFF, 0xFF, 0xFF, 0xFF, 0xFF, 0xFF, 0xFF, 0xE0, 0x00,
  0xFF, 0xFF, 0xFF, 0xFF, 0xFF, 0xFF, 0xFF, 0xFF, 0xFC, 0x00, 0x0F, 0xFF,
  0xFF, 0xFF, 0xFF, 0xFF, 0xFF, 0xFF, 0xFF, 0x00, 0x00, 0xFF, 0xFF, 0xFF,
  0xFF, 0xFF, 0xFF, 0xFF, 0xFF, 0xE0, 0x00, 0x0F, 0xFF, 0xFF, 0xFF, 0xFF,
  0xFF, 0xFF, 0xFF, 0xFE, 0x00, 0x00, 0xFF, 0xFF, 0xFF, 0xFF, 0xFF, 0xFF,
  0xFF, 0xFF, 0xF8, 0x00, 0x0F, 0xFF, 0xFF, 0xFF, 0xFF, 0xFF, 0xFF, 0xFF,
  0xFF, 0xE0, 0x00, 0xFF, 0xFF, 0xFF, 0xFF, 0xFF, 0xFF, 0xFF, 0xFF, 0xFF,
  0x80, 0x0F, 0xFF, 0xFF, 0xFF, 0xFF, 0xFF, 0xFF, 0xFF, 0xFF, 0xFC, 0x00,
  0xFF, 0xFF, 0xFF, 0xFF, 0xFF, 0xFF, 0xFF, 0xFF, 0xFF, 0xE0, 0x0F, 0xFF,
  0xFF, 0xFF, 0xFF, 0xFF, 0xFF, 0xFF, 0xFF, 0xFF, 0x80, 0xFF, 0xFF, 0xFF,
  0xFF, 0xFF, 0xFF, 0xFF, 0xFF, 0xFF, 0xFC, 0x0F, 0xFF, 0xFF, 0xFF, 0xFF,
  0xFF, 0xFF, 0xFF, 0xFF, 0xFF, 0xE0, 0xFF, 0xFF, 0xFF, 0xFF, 0xFF, 0xFF,
  0xFF, 0xFF, 0xFF, 0xFE, 0x0F, 0xFF, 0xFF, 0xFF, 0xFF, 0xFF, 0xFF, 0xFF,
  0xFF, 0xFF, 0xF0, 0xFF, 0xFF, 0xF8, 0x00, 0x00, 0x00, 0x07, 0xFF, 0xFF,
  0xFF, 0x8F, 0xFF, 0xFF, 0x80, 0x00, 0x00, 0x00, 0x0F, 0xFF, 0xFF, 0xF8,
  0xFF, 0xFF, 0xF8, 0x00, 0x00, 0x00, 0x00, 0x3F, 0xFF, 0xFF, 0xCF, 0xFF,
  0xFF, 0x80, 0x00, 0x00, 0x00, 0x00, 0xFF, 0xFF, 0xFC, 0xFF, 0xFF, 0xF8,
  0x00, 0x00, 0x00, 0x00, 0x07, 0xFF, 0xFF, 0xEF, 0xFF, 0xFF, 0x80, 0x00,
  0x00, 0x00, 0x00, 0x7F, 0xFF, 0xFE, 0xFF, 0xFF, 0xF8, 0x00, 0x00, 0x00,
  0x00, 0x03, 0xFF, 0xFF, 0xEF, 0xFF, 0xFF, 0x80, 0x00, 0x00, 0x00, 0x00,
  0x3F, 0xFF, 0xFE, 0xFF, 0xFF, 0xF8, 0x00, 0x00, 0x00, 0x00, 0x01, 0xFF,
  0xFF, 0xFF, 0xFF, 0xFF, 0x80, 0x00, 0x00, 0x00, 0x00, 0x1F, 0xFF, 0xFF,
  0xFF, 0xFF, 0xF8, 0x00, 0x00, 0x00, 0x00, 0x01, 0xFF, 0xFF, 0xFF, 0xFF,
  0xFF, 0x80, 0x00, 0x00, 0x00, 0x00, 0x1F, 0xFF, 0xFF, 0xFF, 0xFF, 0xF8,
  0x00, 0x00, 0x00, 0x00, 0x01, 0xFF, 0xFF, 0xFF, 0xFF, 0xFF, 0x80, 0x00,
  0x00, 0x00, 0x00, 0x1F, 0xFF, 0xFF, 0xFF, 0xFF, 0xF8, 0x00, 0x00, 0x00,
  0x00, 0x01, 0xFF, 0xFF, 0xFF, 0xFF, 0xFF, 0x80, 0x00, 0x00, 0x00, 0x00,
  0x3F, 0xFF, 0xFF, 0xFF, 0xFF, 0xF8, 0x00, 0x00, 0x00, 0x00, 0x03, 0xFF,
  0xFF, 0xFF, 0xFF, 0xFF, 0x80, 0x00, 0x00, 0x00, 0x00, 0x7F, 0xFF, 0xFF,
  0xFF, 0xFF, 0xF8, 0x00, 0x00, 0x00, 0x00, 0x07, 0xFF, 0xFF, 0xFF, 0xFF,
  0xFF, 0x80, 0x00, 0x00, 0x00, 0x00, 0xFF, 0xFF, 0xFE, 0xFF, 0xFF, 0xF8,
  0x00, 0x00, 0x00, 0x00, 0x3F, 0xFF, 0xFF, 0xEF, 0xFF, 0xFF, 0x80, 0x00,
  0x00, 0x00, 0x0F, 0xFF, 0xFF, 0xFE, 0xFF, 0xFF, 0xF8, 0x00, 0x00, 0x00,
  0x07, 0xFF, 0xFF, 0xFF, 0xEF, 0xFF, 0xFF, 0xFF, 0xFF, 0xFF, 0xFF, 0xFF,
  0xFF, 0xFF, 0xFC, 0xFF, 0xFF, 0xFF, 0xFF, 0xFF, 0xFF, 0xFF, 0xFF, 0xFF,
  0xFF, 0xCF, 0xFF, 0xFF, 0xFF, 0xFF, 0xFF, 0xFF, 0xFF, 0xFF, 0xFF, 0xFC,
  0xFF, 0xFF, 0xFF, 0xFF, 0xFF, 0xFF, 0xFF, 0xFF, 0xFF, 0xFF, 0x8F, 0xFF,
  0xFF, 0xFF, 0xFF, 0xFF, 0xFF, 0xFF, 0xFF, 0xFF, 0xF0, 0xFF, 0xFF, 0xFF,
  0xFF, 0xFF, 0xFF, 0xFF, 0xFF, 0xFF, 0xFF, 0x0F, 0xFF, 0xFF, 0xFF, 0xFF,
  0xFF, 0xFF, 0xFF, 0xFF, 0xFF, 0xE0, 0xFF, 0xFF, 0xFF, 0xFF, 0xFF, 0xFF,
  0xFF, 0xFF, 0xFF, 0xFC, 0x0F, 0xFF, 0xFF, 0xFF, 0xFF, 0xFF, 0xFF, 0xFF,
  0xFF, 0xFF, 0x80, 0xFF, 0xFF, 0xFF, 0xFF, 0xFF, 0xFF, 0xFF, 0xFF, 0xFF,
  0xF0, 0x0F, 0xFF, 0xFF, 0xFF, 0xFF, 0xFF, 0xFF, 0xFF, 0xFF, 0xFE, 0x00,
  0x7F, 0xFF, 0xFF, 0xFF, 0xFF, 0xFF, 0xFF, 0xFF, 0xFF, 0x80, 0x07, 0xFF,
  0xFF, 0xFF, 0xFF, 0xFF, 0xFF, 0xFF, 0xFF, 0xF0, 0x00, 0x3F, 0xFF, 0xFF,
  0xFF, 0xFF, 0xFF, 0xFF, 0xFF, 0xFC, 0x00, 0x01, 0xFF, 0xFF, 0xFF, 0xFF,
  0xFF, 0xFF, 0xFF, 0xFF, 0x00, 0x00, 0x0F, 0xFF, 0xFF, 0xFF, 0xFF, 0xFF,
  0xFF, 0xFF, 0x80, 0x00, 0x00, 0x7F, 0xFF, 0xFF, 0xFF, 0xFF, 0xFF, 0xFF,
  0xC0, 0x00, 0x00, 0x01, 0xFF, 0xFF, 0xFF, 0xFF, 0xFF, 0xFF, 0x00, 0x00,
  0x00, 0x00, 0x00, 0x00, 0x00, 0x00, 0x00, 0x0F, 0xFF, 0xF0, 0x00, 0x00,
  0x00, 0x00, 0x00, 0x00, 0x00, 0x00, 0xFF, 0xFF, 0xFF, 0xE0, 0x00, 0x00,
  0x00, 0x00, 0x00, 0x00, 0x01, 0xFF, 0xFF, 0xFF, 0xFF, 0x80, 0x00, 0x00,
  0x00, 0x00, 0x00, 0x03, 0xFF, 0xFF, 0xFF, 0xFF, 0xFC, 0x00, 0x00, 0x00,
  0x00, 0x00, 0x07, 0xFF, 0xFF, 0xFF, 0xFF, 0xFF, 0xE0, 0x00, 0x00, 0x00,
  0x00, 0x07, 0xFF, 0xFF, 0xFF, 0xFF, 0xFF, 0xFE, 0x00, 0x00, 0x00, 0x00,
  0x07, 0xFF, 0xFF, 0xFF, 0xFF, 0xFF, 0xFF, 0xE0, 0x00, 0x00, 0x00, 0x03,
  0xFF, 0xFF, 0xFF, 0xFF, 0xFF, 0xFF, 0xFE, 0x00, 0x00, 0x00, 0x03, 0xFF,
  0xFF, 0xFF, 0xFF, 0xFF, 0xFF, 0xFF, 0xC0, 0x00, 0x00, 0x01, 0xFF, 0xFF,
  0xFF, 0xFF, 0xFF, 0xFF, 0xFF, 0xFC, 0x00, 0x00, 0x01, 0xFF, 0xFF, 0xFF,
  0xFF, 0xFF, 0xFF, 0xFF, 0xFF, 0x80, 0x00, 0x00, 0xFF, 0xFF, 0xFF, 0xFF,
  0xFF, 0xFF, 0xFF, 0xFF, 0xF0, 0x00, 0x00, 0x7F, 0xFF, 0xFF, 0xFF, 0xFF,
  0xFF, 0xFF, 0xFF, 0xFE, 0x00, 0x00, 0x3F, 0xFF, 0xFF, 0xFF, 0xFF, 0xFF,
  0xFF, 0xFF, 0xFF, 0x80, 0x00, 0x1F, 0xFF, 0xFF, 0xFF, 0xFF, 0xFF, 0xFF,
  0xFF, 0xFF, 0xF0, 0x00, 0x0F, 0xFF, 0xFF, 0xFF, 0xFF, 0xFF, 0xFF, 0xFF,
  0xFF, 0xFC, 0x00, 0x07, 0xFF, 0xFF, 0xFF, 0xFF, 0xFF, 0xFF, 0xFF, 0xFF,
  0xFF, 0x00, 0x03, 0xFF, 0xFF, 0xFF, 0xFF, 0xFF, 0xFF, 0xFF, 0xFF, 0xFF,
  0xC0, 0x01, 0xFF, 0xFF, 0xFF, 0xFF, 0xFF, 0xFF, 0xFF, 0xFF, 0xFF, 0xF8,
  0x00, 0xFF, 0xFF, 0xFF, 0xFF, 0xFF, 0xFF, 0xFF, 0xFF, 0xFF, 0xFC, 0x00,
  0x3F, 0xFF, 0xFF, 0xFF, 0xFC, 0x00, 0x7F, 0xFF, 0xFF, 0xFF, 0x00, 0x1F,
  0xFF, 0xFF, 0xFF, 0xF0, 0x00, 0x01, 0xFF, 0xFF, 0xFF, 0xC0, 0x0F, 0xFF,
  0xFF, 0xFF, 0xF0, 0x00, 0x00, 0x0F, 0xFF, 0xFF, 0xF0, 0x03, 0xFF, 0xFF,
  0xFF, 0xF0, 0x00, 0x00, 0x00, 0xFF, 0xFF, 0xF8, 0x01, 0xFF, 0xFF, 0xFF,
  0xF0, 0x00, 0x00, 0x00, 0x0F, 0xFF, 0xFE, 0x00, 0xFF, 0xFF, 0xFF, 0xF8,
  0x00, 0x00, 0x00, 0x01, 0xFF, 0xFF, 0x00, 0x3F, 0xFF, 0xFF, 0xFC, 0x00,
  0x00, 0x00, 0x00, 0x1F, 0xFF, 0x80, 0x1F, 0xFF, 0xFF, 0xFE, 0x00, 0x00,
  0x00, 0x00, 0x03, 0xFF, 0xC0, 0x07, 0xFF, 0xFF, 0xFE, 0x00, 0x00, 0x00,
  0x00, 0x00, 0x3F, 0xC0, 0x03, 0xFF, 0xFF, 0xFF, 0x80, 0x00, 0x00, 0x00,
  0x00, 0x00, 0x00, 0x00, 0xFF, 0xFF, 0xFF, 0xC0, 0x00, 0x00, 0x00, 0x00,
  0x00, 0x00, 0x00, 0x3F, 0xFF, 0xFF, 0xE0, 0x00, 0x00, 0x00, 0x00, 0x00,
  0x00, 0x00, 0x1F, 0xFF, 0xFF, 0xF0, 0x00, 0x00, 0x00, 0x00, 0x00, 0x00,
  0x00, 0x07, 0xFF, 0xFF, 0xFC, 0x00, 0x00, 0x00, 0x00, 0x00, 0x00, 0x00,
  0x03, 0xFF, 0xFF, 0xFE, 0x00, 0x00, 0x00, 0x00, 0x00, 0x00, 0x00, 0x00,
  0xFF, 0xFF, 0xFF, 0x00, 0x00, 0x00, 0x00, 0x00, 0x00, 0x00, 0x00, 0x3F,
  0xFF, 0xFF, 0xC0, 0x00, 0x00, 0x00, 0x00, 0x00, 0x00, 0x00, 0x0F, 0xFF,
  0xFF, 0xF0, 0x00, 0x00, 0x00, 0x00, 0x00, 0x00, 0x00, 0x07, 0xFF, 0xFF,
  0xF8, 0x00, 0x00, 0x00, 0x00, 0x00, 0x00, 0x00, 0x01, 0xFF, 0xFF, 0xFE,
  0x00, 0x00, 0x00, 0x00, 0x00, 0x00, 0x00, 0x00, 0x7F, 0xFF, 0xFF, 0x00,
  0x00, 0x00, 0x00, 0x00, 0x00, 0x00, 0x00, 0x1F, 0xFF, 0xFF, 0xC0, 0x00,
  0x00, 0x00, 0x00, 0x00, 0x00, 0x00, 0x07, 0xFF, 0xFF, 0xF0, 0x00, 0x00,
  0x00, 0x00, 0x00, 0x00, 0x00, 0x03, 0xFF, 0xFF, 0xFC, 0x00, 0x00, 0x00,
  0x00, 0x00, 0x00, 0x00, 0x00, 0xFF, 0xFF, 0xFF, 0x00, 0x00, 0x00, 0x00,
  0x00, 0x00, 0x00, 0x00, 0x3F, 0xFF, 0xFF, 0x80, 0x00, 0x00, 0x00, 0x00,
  0x00, 0x00, 0x00, 0x0F, 0xFF, 0xFF, 0xE0, 0x00, 0x00, 0x00, 0x00, 0x00,
  0x00, 0x00, 0x03, 0xFF, 0xFF, 0xF8, 0x00, 0x00, 0x00, 0x00, 0x00, 0x00,
  0x00, 0x00, 0xFF, 0xFF, 0xFE, 0x00, 0x00, 0x00, 0x00, 0x00, 0x00, 0x00,
  0x00, 0x3F, 0xFF, 0xFF, 0x80, 0x00, 0x00, 0x00, 0x00, 0x00, 0x00, 0x00,
  0x0F, 0xFF, 0xFF, 0xE0, 0x00, 0x00, 0x00, 0x00, 0x00, 0x00, 0x00, 0x03,
  0xFF, 0xFF, 0xF8, 0x00, 0x00, 0x00, 0x00, 0x00, 0x00, 0x00, 0x00, 0xFF,
  0xFF, 0xFE, 0x00, 0x00, 0x00, 0x00, 0x00, 0x00, 0x00, 0x00, 0x3F, 0xFF,
  0xFF, 0x80, 0x00, 0x00, 0x00, 0x00, 0x00, 0x00, 0x00, 0x0F, 0xFF, 0xFF,
  0xE0, 0x00, 0x00, 0x00, 0x00, 0x00, 0x00, 0x00, 0x03, 0xFF, 0xFF, 0xF8,
  0x00, 0x00, 0x00, 0x00, 0x00, 0x00, 0x00, 0x00, 0xFF, 0xFF, 0xFE, 0x00,
  0x00, 0x00, 0x00, 0x00, 0x00, 0x00, 0x00, 0x3F, 0xFF, 0xFF, 0xC0, 0x00,
  0x00, 0x00, 0x00, 0x00, 0x00, 0x00, 0x0F, 0xFF, 0xFF, 0xF0, 0x00, 0x00,
  0x00, 0x00, 0x00, 0x00, 0x00, 0x01, 0xFF, 0xFF, 0xFC, 0x00, 0x00, 0x00,
  0x00, 0x00, 0x00, 0x00, 0x00, 0x7F, 0xFF, 0xFF, 0x00, 0x00, 0x00, 0x00,
  0x00, 0x00, 0x00, 0x00, 0x1F, 0xFF, 0xFF, 0xE0, 0x00, 0x00, 0x00, 0x00,
  0x00, 0x00, 0x00, 0x07, 0xFF, 0xFF, 0xF8, 0x00, 0x00, 0x00, 0x00, 0x00,
  0x00, 0x00, 0x01, 0xFF, 0xFF, 0xFE, 0x00, 0x00, 0x00, 0x00, 0x00, 0x00,
  0x00, 0x00, 0x3F, 0xFF, 0xFF, 0xC0, 0x00, 0x00, 0x00, 0x00, 0x00, 0x00,
  0x00, 0x0F, 0xFF, 0xFF, 0xF0, 0x00, 0x00, 0x00, 0x00, 0x00, 0x00, 0x00,
  0x03, 0xFF, 0xFF, 0xFE, 0x00, 0x00, 0x00, 0x00, 0x00, 0x00, 0x00, 0x00,
  0xFF, 0xFF, 0xFF, 0x80, 0x00, 0x00, 0x00, 0x00, 0x00, 0x00, 0x00, 0x1F,
  0xFF, 0xFF, 0xF0, 0x00, 0x00, 0x00, 0x00, 0x00, 0x00, 0x00, 0x07, 0xFF,
  0xFF, 0xFC, 0x00, 0x00, 0x00, 0x00, 0x00, 0x00, 0x00, 0x01, 0xFF, 0xFF,
  0xFF, 0x80, 0x00, 0x00, 0x00, 0x00, 0x00, 0x00, 0x00, 0x3F, 0xFF, 0xFF,
  0xF0, 0x00, 0x00, 0x00, 0x00, 0x00, 0x00, 0x00, 0x0F, 0xFF, 0xFF, 0xFE,
  0x00, 0x00, 0x00, 0x00, 0x00, 0x0F, 0xE0, 0x01, 0xFF, 0xFF, 0xFF, 0xC0,
  0x00, 0x00, 0x00, 0x00, 0x0F, 0xFE, 0x00, 0x7F, 0xFF, 0xFF, 0xF8, 0x00,
  0x00, 0x00, 0x00, 0x07, 0xFF, 0xC0, 0x0F, 0xFF, 0xFF, 0xFF, 0x00, 0x00,
  0x00, 0x00, 0x07, 0xFF, 0xF8, 0x03, 0xFF, 0xFF, 0xFF, 0xE0, 0x00, 0x00,
  0x00, 0x03, 0xFF, 0xFF, 0x00, 0x7F, 0xFF, 0xFF, 0xFC, 0x00, 0x00, 0x00,
  0x03, 0xFF, 0xFF, 0xE0, 0x1F, 0xFF, 0xFF, 0xFF, 0xC0, 0x00, 0x00, 0x03,
  0xFF, 0xFF, 0xF8, 0x03, 0xFF, 0xFF, 0xFF, 0xFC, 0x00, 0x00, 0x03, 0xFF,
  0xFF, 0xFE, 0x00, 0x7F, 0xFF, 0xFF, 0xFF, 0xC0, 0x00, 0x03, 0xFF, 0xFF,
  0xFF, 0x80, 0x1F, 0xFF, 0xFF, 0xFF, 0xFF, 0x00, 0x0F, 0xFF, 0xFF, 0xFF,
  0xE0, 0x03, 0xFF, 0xFF, 0xFF, 0xFF, 0xFF, 0xFF, 0xFF, 0xFF, 0xFF, 0xF8,
  0x00, 0x7F, 0xFF, 0xFF, 0xFF, 0xFF, 0xFF, 0xFF, 0xFF, 0xFF, 0xFE, 0x00,
  0x0F, 0xFF, 0xFF, 0xFF, 0xFF, 0xFF, 0xFF, 0xFF, 0xFF, 0xFF, 0x80, 0x01,
  0xFF, 0xFF, 0xFF, 0xFF, 0xFF, 0xFF, 0xFF, 0xFF, 0xFF, 0xE0, 0x00, 0x3F,
  0xFF, 0xFF, 0xFF, 0xFF, 0xFF, 0xFF, 0xFF, 0xFF, 0xF0, 0x00, 0x07, 0xFF,
  0xFF, 0xFF, 0xFF, 0xFF, 0xFF, 0xFF, 0xFF, 0xFC, 0x00, 0x00, 0xFF, 0xFF,
  0xFF, 0xFF, 0xFF, 0xFF, 0xFF, 0xFF, 0xFE, 0x00, 0x00, 0x1F, 0xFF, 0xFF,
  0xFF, 0xFF, 0xFF, 0xFF, 0xFF, 0xFF, 0x00, 0x00, 0x03, 0xFF, 0xFF, 0xFF,
  0xFF, 0xFF, 0xFF, 0xFF, 0xFF, 0x80, 0x00, 0x00, 0x7F, 0xFF, 0xFF, 0xFF,
  0xFF, 0xFF, 0xFF, 0xFF, 0x80, 0x00, 0x00, 0x0F, 0xFF, 0xFF, 0xFF, 0xFF,
  0xFF, 0xFF, 0xFF, 0xC0, 0x00, 0x00, 0x00, 0xFF, 0xFF, 0xFF, 0xFF, 0xFF,
  0xFF, 0xFF, 0xE0, 0x00, 0x00, 0x00, 0x1F, 0xFF, 0xFF, 0xFF, 0xFF, 0xFF,
  0xFF, 0xE0, 0x00, 0x00, 0x00, 0x01, 0xFF, 0xFF, 0xFF, 0xFF, 0xFF, 0xFF,
  0xE0, 0x00, 0x00, 0x00, 0x00, 0x1F, 0xFF, 0xFF, 0xFF, 0xFF, 0xFF, 0xF0,
  0x00, 0x00, 0x00, 0x00, 0x01, 0xFF, 0xFF, 0xFF, 0xFF, 0xFF, 0xF0, 0x00,
  0x00, 0x00, 0x00, 0x00, 0x1F, 0xFF, 0xFF, 0xFF, 0xFF, 0xE0, 0x00, 0x00,
  0x00, 0x00, 0x00, 0x00, 0xFF, 0xFF, 0xFF, 0xFF, 0xE0, 0x00, 0x00, 0x00,
  0x00, 0x00, 0x00, 0x03, 0xFF, 0xFF, 0xFF, 0x80, 0x00, 0x00, 0x00, 0x00,
  0x00, 0x00, 0x00, 0x07, 0xFF, 0xFC, 0x00, 0x00, 0x00, 0x00, 0x01, 0xFF,
  0xFF, 0xFF, 0xFF, 0xFE, 0x00, 0x00, 0x00, 0x00, 0x00, 0x00, 0xFF, 0xFF,
  0xFF, 0xFF, 0xFF, 0xFE, 0x00, 0x00, 0x00, 0x00, 0x00, 0x3F, 0xFF, 0xFF,
  0xFF, 0xFF, 0xFF, 0xFC, 0x00, 0x00, 0x00, 0x00, 0x0F, 0xFF, 0xFF, 0xFF,
  0xFF, 0xFF, 0xFF, 0xF0, 0x00, 0x00, 0x00, 0x03, 0xFF, 0xFF, 0xFF, 0xFF,
  0xFF, 0xFF, 0xFF, 0xC0, 0x00, 0x00, 0x00, 0xFF, 0xFF, 0xFF, 0xFF, 0xFF,
  0xFF, 0xFF, 0xFE, 0x00, 0x00, 0x00, 0x1F, 0xFF, 0xFF, 0xFF, 0xFF, 0xFF,
  0xFF, 0xFF, 0xF0, 0x00, 0x00, 0x07, 0xFF, 0xFF, 0xFF, 0xFF, 0xFF, 0xFF,
  0xFF, 0xFF, 0x80, 0x00, 0x00, 0xFF, 0xFF, 0xFF, 0xFF, 0xFF, 0xFF, 0xFF,
  0xFF, 0xF8, 0x00, 0x00, 0x1F, 0xFF, 0xFF, 0xFF, 0xFF, 0xFF, 0xFF, 0xFF,
  0xFF, 0xC0, 0x00, 0x03, 0xFF, 0xFF, 0xFF, 0xFF, 0xFF, 0xFF, 0xFF, 0xFF,
  0xFC, 0x00, 0x00, 0x7F, 0xFF, 0xFF, 0xFF, 0xFF, 0xFF, 0xFF, 0xFF, 0xFF,
  0xC0, 0x00, 0x0F, 0xFF, 0xFF, 0xFF, 0xFF, 0xFF, 0xFF, 0xFF, 0xFF, 0xFE,
  0x00, 0x01, 0xFF, 0xFF, 0xFF, 0xFF, 0xFF, 0xFF, 0xFF, 0xFF, 0xFF, 0xE0,
  0x00, 0x3F, 0xFF, 0xFF, 0xFF, 0xFF, 0xFF, 0xFF, 0xFF, 0xFF, 0xFE, 0x00,
  0x07, 0xFF, 0xFF, 0xFF, 0xFF, 0xFF, 0xFF, 0xFF, 0xFF, 0xFF, 0xE0, 0x00,
  0xFF, 0xFF, 0xFF, 0xFF, 0xFF, 0xFF, 0xFF, 0xFF, 0xFF, 0xFE, 0x00, 0x1F,
  0xFF, 0xFF, 0xFF, 0xFF, 0xFF, 0xFF, 0xFF, 0xFF, 0xFF, 0xE0, 0x03, 0xFF,
  0xFF, 0xE0, 0x00, 0x00, 0x3F, 0xFF, 0xFF, 0xFF, 0xFC, 0x00, 0x7F, 0xFF,
  0xFC, 0x00, 0x00, 0x00, 0x7F, 0xFF, 0xFF, 0xFF, 0xC0, 0x0F, 0xFF, 0xFF,
  0x80, 0x00, 0x00, 0x01, 0xFF, 0xFF, 0xFF, 0xFC, 0x01, 0xFF, 0xFF, 0xF0,
  0x00, 0x00, 0x00, 0x0F, 0xFF, 0xFF, 0xFF, 0xC0, 0x3F, 0xFF, 0xFE, 0x00,
  0x00, 0x00, 0x00, 0xFF, 0xFF, 0xFF, 0xF8, 0x07, 0xFF, 0xFF, 0xC0, 0x00,
  0x00, 0x00, 0x07, 0xFF, 0xFF, 0xFF, 0x80, 0xFF, 0xFF, 0xF8, 0x00, 0x00,
  0x00, 0x00, 0x7F, 0xFF, 0xFF, 0xF8, 0x1F, 0xFF, 0xFF, 0x00, 0x00, 0x00,
  0x00, 0x07, 0xFF, 0xFF, 0xFF, 0x03, 0xFF, 0xFF, 0xE0, 0x00, 0x00, 0x00,
  0x00, 0x7F, 0xFF, 0xFF, 0xF0, 0x7F, 0xFF, 0xFC, 0x00, 0x00, 0x00, 0x00,
  0x07, 0xFF, 0xFF, 0xFE, 0x0F, 0xFF, 0xFF, 0x80, 0x00, 0x00, 0x00, 0x00,
  0x7F, 0xFF, 0xFF, 0xE1, 0xFF, 0xFF, 0xF0, 0x00, 0x00, 0x00, 0x00, 0x07,
  0xFF, 0xFF, 0xFC, 0x3F, 0xFF, 0xFE, 0x00, 0x00, 0x00, 0x00, 0x00, 0x7F,
  0xFF, 0xFF, 0x87, 0xFF, 0xFF, 0xC0, 0x00, 0x00, 0x00, 0x00, 0x0F, 0xFF,
  0xFF, 0xF8, 0xFF, 0xFF, 0xF8, 0x00, 0x00, 0x00, 0x00, 0x00, 0xFF, 0xFF,
  0xFF, 0x1F, 0xFF, 0xFF, 0x00, 0x00, 0x00, 0x00, 0x00, 0x1F, 0xFF, 0xFF,
  0xF3, 0xFF, 0xFF, 0xE0, 0x00, 0x00, 0x00, 0x00, 0x01, 0xFF, 0xFF, 0xFE,
  0x7F, 0xFF, 0xFC, 0x00, 0x00, 0x00, 0x00, 0x00, 0x3F, 0xFF, 0xFF, 0xCF,
  0xFF, 0xFF, 0x80, 0x00, 0x00, 0x00, 0x00, 0x03, 0xFF, 0xFF, 0xF9, 0xFF,
  0xFF, 0xF0, 0x00, 0x00, 0x00, 0x00, 0x00, 0x7F, 0xFF, 0xFF, 0xBF, 0xFF,
  0xFE, 0x00, 0x00, 0x00, 0x00, 0x00, 0x0F, 0xFF, 0xFF, 0xF7, 0xFF, 0xFF,
  0xC0, 0x00, 0x00, 0x00, 0x00, 0x00, 0xFF, 0xFF, 0xFE, 0xFF, 0xFF, 0xF8,
  0x00, 0x00, 0x00, 0x00, 0x00, 0x1F, 0xFF, 0xFF, 0xDF, 0xFF, 0xFF, 0x00,
  0x00, 0x00, 0x00, 0x00, 0x03, 0xFF, 0xFF, 0xFB, 0xFF, 0xFF, 0xE0, 0x00,
  0x00, 0x00, 0x00, 0x00, 0x7F, 0xFF, 0xFF, 0xFF, 0xFF, 0xFC, 0x00, 0x00,
  0x00, 0x00, 0x00, 0x07, 0xFF, 0xFF, 0xFF, 0xFF, 0xFF, 0x80, 0x00, 0x00,
  0x00, 0x00, 0x00, 0xFF, 0xFF, 0xFF, 0xFF, 0xFF, 0xF0, 0x00, 0x00, 0x00,
  0x00, 0x00, 0x1F, 0xFF, 0xFF, 0xFF, 0xFF, 0xFE, 0x00, 0x00, 0x00, 0x00,
  0x00, 0x03, 0xFF, 0xFF, 0xFF, 0xFF, 0xFF, 0xC0, 0x00, 0x00, 0x00, 0x00,
  0x00, 0x7F, 0xFF, 0xFF, 0xFF, 0xFF, 0xF8, 0x00, 0x00, 0x00, 0x00, 0x00,
  0x0F, 0xFF, 0xFF, 0xFF, 0xFF, 0xFF, 0x00, 0x00, 0x00, 0x00, 0x00, 0x01,
  0xFF, 0xFF, 0xFF, 0xFF, 0xFF, 0xE0, 0x00, 0x00, 0x00, 0x00, 0x00, 0x3F,
  0xFF, 0xFF, 0xFF, 0xFF, 0xFC, 0x00, 0x00, 0x00, 0x00, 0x00, 0x07, 0xFF,
  0xFF, 0xFF, 0xFF, 0xFF, 0x80, 0x00, 0x00, 0x00, 0x00, 0x00, 0xFF, 0xFF,
  0xFF, 0xFF, 0xFF, 0xF0, 0x00, 0x00, 0x00, 0x00, 0x00, 0x1F, 0xFF, 0xFF,
  0xFF, 0xFF, 0xFE, 0x00, 0x00, 0x00, 0x00, 0x00, 0x03, 0xFF, 0xFF, 0xFF,
  0xFF, 0xFF, 0xC0, 0x00, 0x00, 0x00, 0x00, 0x00, 0x7F, 0xFF, 0xFF, 0xFF,
  0xFF, 0xF8, 0x00, 0x00, 0x00, 0x00, 0x00, 0x1F, 0xFF, 0xFF, 0xFF, 0xFF,
  0xFF, 0x00, 0x00, 0x00, 0x00, 0x00, 0x03, 0xFF, 0xFF, 0xFB, 0xFF, 0xFF,
  0xE0, 0x00, 0x00, 0x00, 0x00, 0x00, 0x7F, 0xFF, 0xFF, 0x7F, 0xFF, 0xFC,
  0x00, 0x00, 0x00, 0x00, 0x00, 0x0F, 0xFF, 0xFF, 0xEF, 0xFF, 0xFF, 0x80,
  0x00, 0x00, 0x00, 0x00, 0x01, 0xFF, 0xFF, 0xFD, 0xFF, 0xFF, 0xF0, 0x00,
  0x00, 0x00, 0x00, 0x00, 0x7F, 0xFF, 0xFF, 0xBF, 0xFF, 0xFE, 0x00, 0x00,
  0x00, 0x00, 0x00, 0x0F, 0xFF, 0xFF, 0xE7, 0xFF, 0xFF, 0xC0, 0x00, 0x00,
  0x00, 0x00, 0x03, 0xFF, 0xFF, 0xFC, 0xFF, 0xFF, 0xF8, 0x00, 0x00, 0x00,
  0x00, 0x00, 0x7F, 0xFF, 0xFF, 0x9F, 0xFF, 0xFF, 0x00, 0x00, 0x00, 0x00,
  0x00, 0x0F, 0xFF, 0xFF, 0xE3, 0xFF, 0xFF, 0xE0, 0x00, 0x00, 0x00, 0x00,
  0x03, 0xFF, 0xFF, 0xFC, 0x7F, 0xFF, 0xFC, 0x00, 0x00, 0x00, 0x00, 0x00,
  0xFF, 0xFF, 0xFF, 0x8F, 0xFF, 0xFF, 0x80, 0x00, 0x00, 0x00, 0x00, 0x1F,
  0xFF, 0xFF, 0xE1, 0xFF, 0xFF, 0xF0, 0x00, 0x00, 0x00, 0x00, 0x07, 0xFF,
  0xFF, 0xFC, 0x3F, 0xFF, 0xFE, 0x00, 0x00, 0x00, 0x00, 0x01, 0xFF, 0xFF,
  0xFF, 0x07, 0xFF, 0xFF, 0xC0, 0x00, 0x00, 0x00, 0x00, 0x7F, 0xFF, 0xFF,
  0xE0, 0xFF, 0xFF, 0xF8, 0x00, 0x00, 0x00, 0x00, 0x1F, 0xFF, 0xFF, 0xF8,
  0x1F, 0xFF, 0xFF, 0x00, 0x00, 0x00, 0x00, 0x07, 0xFF, 0xFF, 0xFF, 0x03,
  0xFF, 0xFF, 0xE0, 0x00, 0x00, 0x00, 0x01, 0xFF, 0xFF, 0xFF, 0xC0, 0x7F,
  0xFF, 0xFC, 0x00, 0x00, 0x00, 0x00, 0x7F, 0xFF, 0xFF, 0xF8, 0x0F, 0xFF,
  0xFF, 0x80, 0x00, 0x00, 0x00, 0x1F, 0xFF, 0xFF, 0xFE, 0x01, 0xFF, 0xFF,
  0xF0, 0x00, 0x00, 0x00, 0x0F, 0xFF, 0xFF, 0xFF, 0x80, 0x3F, 0xFF, 0xFE,
  0x00, 0x00, 0x00, 0x07, 0xFF, 0xFF, 0xFF, 0xF0, 0x07, 0xFF, 0xFF, 0xC0,
  0x00, 0x00, 0x07, 0xFF, 0xFF, 0xFF, 0xFC, 0x00, 0xFF, 0xFF, 0xF8, 0x00,
  0x00, 0x0F, 0xFF, 0xFF, 0xFF, 0xFF, 0x00, 0x1F, 0xFF, 0xFF, 0xFF, 0xFF,
  0xFF, 0xFF, 0xFF, 0xFF, 0xFF, 0xC0, 0x03, 0xFF, 0xFF, 0xFF, 0xFF, 0xFF,
  0xFF, 0xFF, 0xFF, 0xFF, 0xF8, 0x00, 0x7F, 0xFF, 0xFF, 0xFF, 0xFF, 0xFF,
  0xFF, 0xFF, 0xFF, 0xFE, 0x00, 0x0F, 0xFF, 0xFF, 0xFF, 0xFF, 0xFF, 0xFF,
  0xFF, 0xFF, 0xFF, 0x80, 0x01, 0xFF, 0xFF, 0xFF, 0xFF, 0xFF, 0xFF, 0xFF,
  0xFF, 0xFF, 0xE0, 0x00, 0x3F, 0xFF, 0xFF, 0xFF, 0xFF, 0xFF, 0xFF, 0xFF,
  0xFF, 0xF0, 0x00, 0x07, 0xFF, 0xFF, 0xFF, 0xFF, 0xFF, 0xFF, 0xFF, 0xFF,
  0xFC, 0x00, 0x00, 0xFF, 0xFF, 0xFF, 0xFF, 0xFF, 0xFF, 0xFF, 0xFF, 0xFF,
  0x00, 0x00, 0x1F, 0xFF, 0xFF, 0xFF, 0xFF, 0xFF, 0xFF, 0xFF, 0xFF, 0xC0,
  0x00, 0x03, 0xFF, 0xFF, 0xFF, 0xFF, 0xFF, 0xFF, 0xFF, 0xFF, 0xE0, 0x00,
  0x00, 0x7F, 0xFF, 0xFF, 0xFF, 0xFF, 0xFF, 0xFF, 0xFF, 0xF0, 0x00, 0x00,
  0x07, 0xFF, 0xFF, 0xFF, 0xFF, 0xFF, 0xFF, 0xFF, 0xFC, 0x00, 0x00, 0x00,
  0xFF, 0xFF, 0xFF, 0xFF, 0xFF, 0xFF, 0xFF, 0xFE, 0x00, 0x00, 0x00, 0x0F,
  0xFF, 0xFF, 0xFF, 0xFF, 0xFF, 0xFF, 0xFF, 0x00, 0x00, 0x00, 0x00, 0xFF,
  0xFF, 0xFF, 0xFF, 0xFF, 0xFF, 0xFF, 0x00, 0x00, 0x00, 0x00, 0x0F, 0xFF,
  0xFF, 0xFF, 0xFF, 0xFF, 0xFF, 0x00, 0x00, 0x00, 0x00, 0x00, 0xFF, 0xFF,
  0xFF, 0xFF, 0xFF, 0xFE, 0x00, 0x00, 0x00, 0x00, 0x00, 0x07, 0xFF, 0xFF,
  0xFF, 0xFF, 0xF0, 0x00, 0x00, 0x00, 0x00, 0x00, 0x00, 0x01, 0xFF, 0xFF,
  0xFF, 0xFF, 0xFF, 0xFF, 0xFF, 0xF8, 0x00, 0x7F, 0xFF, 0xFF, 0xFF, 0xFF,
  0xFF, 0xFF, 0xFF, 0xE0, 0x0F, 0xFF, 0xFF, 0xFF, 0xFF, 0xFF, 0xFF, 0xFF,
  0xFF, 0x81, 0xFF, 0xFF, 0xFF, 0xFF, 0xFF, 0xFF, 0xFF, 0xFF, 0xFC, 0x3F,
  0xFF, 0xFF, 0xFF, 0xFF, 0xFF, 0xFF, 0xFF, 0xFF, 0xC7, 0xFF, 0xFF, 0xFF,
  0xFF, 0xFF, 0xFF, 0xFF, 0xFF, 0xFE, 0x7F, 0xFF, 0xFF, 0xFF, 0xFF, 0xFF,
  0xFF, 0xFF, 0xFF, 0xEF, 0xFF, 0xFF, 0xFF, 0xFF, 0xFF, 0xFF, 0xFF, 0xFF,
  0xFE, 0xFF, 0xFF, 0xFF, 0xFF, 0xFF, 0xFF, 0xFF, 0xFF, 0xFF, 0xEF, 0xFF,
  0xFF, 0xFF, 0xFF, 0xFF, 0xFF, 0xFF, 0xFF, 0xFE, 0xFF, 0xFF, 0xFF, 0xFF,
  0xFF, 0xFF, 0xFF, 0xFF, 0xFF, 0xEF, 0xFF, 0xFF, 0xFF, 0xFF, 0xFF, 0xFF,
  0xFF, 0xFF, 0xFE, 0xFF, 0xFF, 0xFF, 0xFF, 0xFF, 0xFF, 0xFF, 0xFF, 0xFF,
  0xEF, 0xFF, 0xFF, 0xFF, 0xFF, 0xFF, 0xFF, 0xFF, 0xFF, 0xFC, 0xFF, 0xFF,
  0xFF, 0xFF, 0xFF, 0xFF, 0xFF, 0xFF, 0xFF, 0xCF, 0xFF, 0xFF, 0xFF, 0xFF,
  0xFF, 0xFF, 0xFF, 0xFF, 0xF8, 0xFF, 0xFF, 0xFF, 0xFF, 0xFF, 0xFF, 0xFF,
  0xFF, 0xFE, 0x0F, 0xFF, 0xFF, 0xFF, 0xFF, 0xFF, 0xFF, 0xFF, 0xFF, 0x80,
  0xFF, 0xFF, 0xF8, 0x00, 0x00, 0x00, 0x00, 0x00, 0x00, 0x0F, 0xFF, 0xFF,
  0x80, 0x00, 0x00, 0x00, 0x00, 0x00, 0x00, 0xFF, 0xFF, 0xF8, 0x00, 0x00,
  0x00, 0x00, 0x00, 0x00, 0x0F, 0xFF, 0xFF, 0x80, 0x00, 0x00, 0x00, 0x00,
  0x00, 0x00, 0xFF, 0xFF, 0xF8, 0x00, 0x00, 0x00, 0x00, 0x00, 0x00, 0x0F,
  0xFF, 0xFF, 0x80, 0x00, 0x00, 0x00, 0x00, 0x00, 0x00, 0xFF, 0xFF, 0xF8,
  0x00, 0x00, 0x00, 0x00, 0x00, 0x00, 0x0F, 0xFF, 0xFF, 0x80, 0x00, 0x00,
  0x00, 0x00, 0x00, 0x00, 0xFF, 0xFF, 0xF8, 0x00, 0x00, 0x00, 0x00, 0x00,
  0x00, 0x0F, 0xFF, 0xFF, 0x80, 0x00, 0x00, 0x00, 0x00, 0x00, 0x00, 0xFF,
  0xFF, 0xF8, 0x00, 0x00, 0x00, 0x00, 0x00, 0x00, 0x0F, 0xFF, 0xFF, 0x80,
  0x00, 0x00, 0x00, 0x00, 0x00, 0x00, 0xFF, 0xFF, 0xF8, 0x00, 0x00, 0x00,
  0x00, 0x00, 0x00, 0x0F, 0xFF, 0xFF, 0x80, 0x00, 0x00, 0x00, 0x00, 0x00,
  0x00, 0xFF, 0xFF, 0xF8, 0x00, 0x00, 0x00, 0x00, 0x00, 0x00, 0x0F, 0xFF,
  0xFF, 0x80, 0x00, 0x00, 0x00, 0x00, 0x00, 0x00, 0xFF, 0xFF, 0xF8, 0x00,
  0x00, 0x00, 0x00, 0x00, 0x00, 0x0F, 0xFF, 0xFF, 0x80, 0x00, 0x00, 0x00,
  0x00, 0x00, 0x00, 0xFF, 0xFF, 0xF8, 0x00, 0x00, 0x00, 0x00, 0x00, 0x00,
  0x0F, 0xFF, 0xFF, 0x80, 0x00, 0x00, 0x00, 0x00, 0x00, 0x00, 0xFF, 0xFF,
  0xF8, 0x00, 0x00, 0x00, 0x00, 0x00, 0x00, 0x0F, 0xFF, 0xFF, 0x80, 0x00,
  0x00, 0x00, 0x00, 0x00, 0x00, 0xFF, 0xFF, 0xFF, 0xFF, 0xFF, 0xFF, 0xFF,
  0xFE, 0x00, 0x0F, 0xFF, 0xFF, 0xFF, 0xFF, 0xFF, 0xFF, 0xFF, 0xF8, 0x00,
  0xFF, 0xFF, 0xFF, 0xFF, 0xFF, 0xFF, 0xFF, 0xFF, 0xC0, 0x0F, 0xFF, 0xFF,
  0xFF, 0xFF, 0xFF, 0xFF, 0xFF, 0xFE, 0x00, 0xFF, 0xFF, 0xFF, 0xFF, 0xFF,
  0xFF, 0xFF, 0xFF, 0xF0, 0x0F, 0xFF, 0xFF, 0xFF, 0xFF, 0xFF, 0xFF, 0xFF,
  0xFF, 0x00, 0xFF, 0xFF, 0xFF, 0xFF, 0xFF, 0xFF, 0xFF, 0xFF, 0xF8, 0x0F,
  0xFF, 0xFF, 0xFF, 0xFF, 0xFF, 0xFF, 0xFF, 0xFF, 0x80, 0xFF, 0xFF, 0xFF,
  0xFF, 0xFF, 0xFF, 0xFF, 0xFF, 0xF8, 0x0F, 0xFF, 0xFF, 0xFF, 0xFF, 0xFF,
  0xFF, 0xFF, 0xFF, 0x80, 0xFF, 0xFF, 0xFF, 0xFF, 0xFF, 0xFF, 0xFF, 0xFF,
  0xF8, 0x0F, 0xFF, 0xFF, 0xFF, 0xFF, 0xFF, 0xFF, 0xFF, 0xFF, 0x80, 0xFF,
  0xFF, 0xFF, 0xFF, 0xFF, 0xFF, 0xFF, 0xFF, 0xF0, 0x0F, 0xFF, 0xFF, 0xFF,
  0xFF, 0xFF, 0xFF, 0xFF, 0xFF, 0x00, 0xFF, 0xFF, 0xFF, 0xFF, 0xFF, 0xFF,
  0xFF, 0xFF, 0xE0, 0x0F, 0xFF, 0xFF, 0xFF, 0xFF, 0xFF, 0xFF, 0xFF, 0xFC,
  0x00, 0xFF, 0xFF, 0xFF, 0xFF, 0xFF, 0xFF, 0xFF, 0xFF, 0x80, 0x0F, 0xFF,
  0xFF, 0xFF, 0xFF, 0xFF, 0xFF, 0xFF, 0xE0, 0x00, 0xFF, 0xFF, 0xF8, 0x00,
  0x00, 0x00, 0x00, 0x00, 0x00, 0x0F, 0xFF, 0xFF, 0x80, 0x00, 0x00, 0x00,
  0x00, 0x00, 0x00, 0xFF, 0xFF, 0xF8, 0x00, 0x00, 0x00, 0x00, 0x00, 0x00,
  0x0F, 0xFF, 0xFF, 0x80, 0x00, 0x00, 0x00, 0x00, 0x00, 0x00, 0xFF, 0xFF,
  0xF8, 0x00, 0x00, 0x00, 0x00, 0x00, 0x00, 0x0F, 0xFF, 0xFF, 0x80, 0x00,
  0x00, 0x00, 0x00, 0x00, 0x00, 0xFF, 0xFF, 0xF8, 0x00, 0x00, 0x00, 0x00,
  0x00, 0x00, 0x0F, 0xFF, 0xFF, 0x80, 0x00, 0x00, 0x00, 0x00, 0x00, 0x00,
  0xFF, 0xFF, 0xF8, 0x00, 0x00, 0x00, 0x00, 0x00, 0x00, 0x0F, 0xFF, 0xFF,
  0x80, 0x00, 0x00, 0x00, 0x00, 0x00, 0x00, 0xFF, 0xFF, 0xF8, 0x00, 0x00,
  0x00, 0x00, 0x00, 0x00, 0x0F, 0xFF, 0xFF, 0x80, 0x00, 0x00, 0x00, 0x00,
  0x00, 0x00, 0xFF, 0xFF, 0xF8, 0x00, 0x00, 0x00, 0x00, 0x00, 0x00, 0x0F,
  0xFF, 0xFF, 0x80, 0x00, 0x00, 0x00, 0x00, 0x00, 0x00, 0xFF, 0xFF, 0xF8,
  0x00, 0x00, 0x00, 0x00, 0x00, 0x00, 0x0F, 0xFF, 0xFF, 0x80, 0x00, 0x00,
  0x00, 0x00, 0x00, 0x00, 0xFF, 0xFF, 0xF8, 0x00, 0x00, 0x00, 0x00, 0x00,
  0x00, 0x0F, 0xFF, 0xFF, 0x80, 0x00, 0x00, 0x00, 0x00, 0x00, 0x00, 0xFF,
  0xFF, 0xF8, 0x00, 0x00, 0x00, 0x00, 0x00, 0x00, 0x0F, 0xFF, 0xFF, 0x80,
  0x00, 0x00, 0x00, 0x00, 0x00, 0x00, 0xFF, 0xFF, 0xF8, 0x00, 0x00, 0x00,
  0x00, 0x00, 0x00, 0x0F, 0xFF, 0xFF, 0x80, 0x00, 0x00, 0x00, 0x00, 0x00,
  0x00, 0xFF, 0xFF, 0xFF, 0xFF, 0xFF, 0xFF, 0xFF, 0xFF, 0xFC, 0x0F, 0xFF,
  0xFF, 0xFF, 0xFF, 0xFF, 0xFF, 0xFF, 0xFF, 0xF0, 0xFF, 0xFF, 0xFF, 0xFF,
  0xFF, 0xFF, 0xFF, 0xFF, 0xFF, 0x8F, 0xFF, 0xFF, 0xFF, 0xFF, 0xFF, 0xFF,
  0xFF, 0xFF, 0xFC, 0xFF, 0xFF, 0xFF, 0xFF, 0xFF, 0xFF, 0xFF, 0xFF, 0xFF,
  0xEF, 0xFF, 0xFF, 0xFF, 0xFF, 0xFF, 0xFF, 0xFF, 0xFF, 0xFE, 0xFF, 0xFF,
  0xFF, 0xFF, 0xFF, 0xFF, 0xFF, 0xFF, 0xFF, 0xFF, 0xFF, 0xFF, 0xFF, 0xFF,
  0xFF, 0xFF, 0xFF, 0xFF, 0xFF, 0xFF, 0xFF, 0xFF, 0xFF, 0xFF, 0xFF, 0xFF,
  0xFF, 0xFF, 0xFF, 0xFF, 0xFF, 0xFF, 0xFF, 0xFF, 0xFF, 0xFF, 0xFF, 0xFF,
  0xFF, 0xFF, 0xFF, 0xFF, 0xFF, 0xFF, 0xFF, 0xFF, 0xFF, 0xF7, 0xFF, 0xFF,
  0xFF, 0xFF, 0xFF, 0xFF, 0xFF, 0xFF, 0xFF, 0x7F, 0xFF, 0xFF, 0xFF, 0xFF,
  0xFF, 0xFF, 0xFF, 0xFF, 0xE3, 0xFF, 0xFF, 0xFF, 0xFF, 0xFF, 0xFF, 0xFF,
  0xFF, 0xFE, 0x1F, 0xFF, 0xFF, 0xFF, 0xFF, 0xFF, 0xFF, 0xFF, 0xFF, 0xC0,
  0xFF, 0xFF, 0xFF, 0xFF, 0xFF, 0xFF, 0xFF, 0xFF, 0xF8, 0x07, 0xFF, 0xFF,
  0xFF, 0xFF, 0xFF, 0xFF, 0xFF, 0xFF, 0x00, 0x1F, 0xFF, 0xFF, 0xFF, 0xFF,
  0xFF, 0xFF, 0xFF, 0xC0, 0x01, 0xFF, 0xFF, 0xFF, 0xFF, 0xFF, 0xFF, 0xFF,
  0xF8, 0x00, 0x7F, 0xFF, 0xFF, 0xFF, 0xFF, 0xFF, 0xFF, 0xFF, 0xE0, 0x0F,
  0xFF, 0xFF, 0xFF, 0xFF, 0xFF, 0xFF, 0xFF, 0xFF, 0x81, 0xFF, 0xFF, 0xFF,
  0xFF, 0xFF, 0xFF, 0xFF, 0xFF, 0xFC, 0x3F, 0xFF, 0xFF, 0xFF, 0xFF, 0xFF,
  0xFF, 0xFF, 0xFF, 0xC7, 0xFF, 0xFF, 0xFF, 0xFF, 0xFF, 0xFF, 0xFF, 0xFF,
  0xFE, 0x7F, 0xFF, 0xFF, 0xFF, 0xFF, 0xFF, 0xFF, 0xFF, 0xFF, 0xE7, 0xFF,
  0xFF, 0xFF, 0xFF, 0xFF, 0xFF, 0xFF, 0xFF, 0xFF, 0xFF, 0xFF, 0xFF, 0xFF,
  0xFF, 0xFF, 0xFF, 0xFF, 0xFF, 0xFF, 0xFF, 0xFF, 0xFF, 0xFF, 0xFF, 0xFF,
  0xFF, 0xFF, 0xFF, 0xFF, 0xFF, 0xFF, 0xFF, 0xFF, 0xFF, 0xFF, 0xFF, 0xFF,
  0xFF, 0xFF, 0xFF, 0xFF, 0xFF, 0xFF, 0xFF, 0xFF, 0xFF, 0xFF, 0xFF, 0xFF,
  0xFF, 0xFF, 0xFF, 0xFF, 0xFF, 0xFF, 0xFF, 0xFF, 0xFF, 0xFF, 0xFF, 0xFF,
  0xFF, 0xFF, 0xFF, 0xFF, 0xFE, 0xFF, 0xFF, 0xFF, 0xFF, 0xFF, 0xFF, 0xFF,
  0xFF, 0xFF, 0xEF, 0xFF, 0xFF, 0xFF, 0xFF, 0xFF, 0xFF, 0xFF, 0xFF, 0xFC,
  0xFF, 0xFF, 0xFF, 0xFF, 0xFF, 0xFF, 0xFF, 0xFF, 0xFF, 0xCF, 0xFF, 0xFF,
  0xFF, 0xFF, 0xFF, 0xFF, 0xFF, 0xFF, 0xF8, 0xFF, 0xFF, 0xFF, 0xFF, 0xFF,
  0xFF, 0xFF, 0xFF, 0xFE, 0x0F, 0xFF, 0xFF, 0xFF, 0xFF, 0xFF, 0xFF, 0xFF,
  0xFF, 0x80, 0xFF, 0xFF, 0xF8, 0x00, 0x00, 0x00, 0x00, 0x00, 0x00, 0x0F,
  0xFF, 0xFF, 0x80, 0x00, 0x00, 0x00, 0x00, 0x00, 0x00, 0xFF, 0xFF, 0xF8,
  0x00, 0x00, 0x00, 0x00, 0x00, 0x00, 0x0F, 0xFF, 0xFF, 0x80, 0x00, 0x00,
  0x00, 0x00, 0x00, 0x00, 0xFF, 0xFF, 0xF8, 0x00, 0x00, 0x00, 0x00, 0x00,
  0x00, 0x0F, 0xFF, 0xFF, 0x80, 0x00, 0x00, 0x00, 0x00, 0x00, 0x00, 0xFF,
  0xFF, 0xF8, 0x00, 0x00, 0x00, 0x00, 0x00, 0x00, 0x0F, 0xFF, 0xFF, 0x80,
  0x00, 0x00, 0x00, 0x00, 0x00, 0x00, 0xFF, 0xFF, 0xF8, 0x00, 0x00, 0x00,
  0x00, 0x00, 0x00, 0x0F, 0xFF, 0xFF, 0x80, 0x00, 0x00, 0x00, 0x00, 0x00,
  0x00, 0xFF, 0xFF, 0xF8, 0x00, 0x00, 0x00, 0x00, 0x00, 0x00, 0x0F, 0xFF,
  0xFF, 0x80, 0x00, 0x00, 0x00, 0x00, 0x00, 0x00, 0xFF, 0xFF, 0xF8, 0x00,
  0x00, 0x00, 0x00, 0x00, 0x00, 0x0F, 0xFF, 0xFF, 0x80, 0x00, 0x00, 0x00,
  0x00, 0x00, 0x00, 0xFF, 0xFF, 0xF8, 0x00, 0x00, 0x00, 0x00, 0x00, 0x00,
  0x0F, 0xFF, 0xFF, 0x80, 0x00, 0x00, 0x00, 0x00, 0x00, 0x00, 0xFF, 0xFF,
  0xF8, 0x00, 0x00, 0x00, 0x00, 0x00, 0x00, 0x0F, 0xFF, 0xFF, 0x80, 0x00,
  0x00, 0x00, 0x00, 0x00, 0x00, 0xFF, 0xFF, 0xF8, 0x00, 0x00, 0x00, 0x00,
  0x00, 0x00, 0x0F, 0xFF, 0xFF, 0x80, 0x00, 0x00, 0x00, 0x00, 0x00, 0x00,
  0xFF, 0xFF, 0xF8, 0x00, 0x00, 0x00, 0x00, 0x00, 0x00, 0x0F, 0xFF, 0xFF,
  0xFF, 0xFF, 0xFF, 0xFF, 0xFF, 0xE0, 0x00, 0xFF, 0xFF, 0xFF, 0xFF, 0xFF,
  0xFF, 0xFF, 0xFF, 0x80, 0x0F, 0xFF, 0xFF, 0xFF, 0xFF, 0xFF, 0xFF, 0xFF,
  0xFC, 0x00, 0xFF, 0xFF, 0xFF, 0xFF, 0xFF, 0xFF, 0xFF, 0xFF, 0xE0, 0x0F,
  0xFF, 0xFF, 0xFF, 0xFF, 0xFF, 0xFF, 0xFF, 0xFF, 0x00, 0xFF, 0xFF, 0xFF,
  0xFF, 0xFF, 0xFF, 0xFF, 0xFF, 0xF0, 0x0F, 0xFF, 0xFF, 0xFF, 0xFF, 0xFF,
  0xFF, 0xFF, 0xFF, 0x80, 0xFF, 0xFF, 0xFF, 0xFF, 0xFF, 0xFF, 0xFF, 0xFF,
  0xF8, 0x0F, 0xFF, 0xFF, 0xFF, 0xFF, 0xFF, 0xFF, 0xFF, 0xFF, 0x80, 0xFF,
  0xFF, 0xFF, 0xFF, 0xFF, 0xFF, 0xFF, 0xFF, 0xF8, 0x0F, 0xFF, 0xFF, 0xFF,
  0xFF, 0xFF, 0xFF, 0xFF, 0xFF, 0x80, 0xFF, 0xFF, 0xFF, 0xFF, 0xFF, 0xFF,
  0xFF, 0xFF, 0xF8, 0x0F, 0xFF, 0xFF, 0xFF, 0xFF, 0xFF, 0xFF, 0xFF, 0xFF,
  0x80, 0xFF, 0xFF, 0xFF, 0xFF, 0xFF, 0xFF, 0xFF, 0xFF, 0xF8, 0x0F, 0xFF,
  0xFF, 0xFF, 0xFF, 0xFF, 0xFF, 0xFF, 0xFF, 0x00, 0xFF, 0xFF, 0xFF, 0xFF,
  0xFF, 0xFF, 0xFF, 0xFF, 0xF0, 0x0F, 0xFF, 0xFF, 0xFF, 0xFF, 0xFF, 0xFF,
  0xFF, 0xFE, 0x00, 0xFF, 0xFF, 0xFF, 0xFF, 0xFF, 0xFF, 0xFF, 0xFF, 0xC0,
  0x0F, 0xFF, 0xFF, 0xFF, 0xFF, 0xFF, 0xFF, 0xFF, 0xF8, 0x00, 0xFF, 0xFF,
  0xFF, 0xFF, 0xFF, 0xFF, 0xFF, 0xFE, 0x00, 0x0F, 0xFF, 0xFF, 0x80, 0x00,
  0x00, 0x00, 0x00, 0x00, 0x00, 0xFF, 0xFF, 0xF8, 0x00, 0x00, 0x00, 0x00,
  0x00, 0x00, 0x0F, 0xFF, 0xFF, 0x80, 0x00, 0x00, 0x00, 0x00, 0x00, 0x00,
  0xFF, 0xFF, 0xF8, 0x00, 0x00, 0x00, 0x00, 0x00, 0x00, 0x0F, 0xFF, 0xFF,
  0x80, 0x00, 0x00, 0x00, 0x00, 0x00, 0x00, 0xFF, 0xFF, 0xF8, 0x00, 0x00,
  0x00, 0x00, 0x00, 0x00, 0x0F, 0xFF, 0xFF, 0x80, 0x00, 0x00, 0x00, 0x00,
  0x00, 0x00, 0xFF, 0xFF, 0xF8, 0x00, 0x00, 0x00, 0x00, 0x00, 0x00, 0x0F,
  0xFF, 0xFF, 0x80, 0x00, 0x00, 0x00, 0x00, 0x00, 0x00, 0xFF, 0xFF, 0xF8,
  0x00, 0x00, 0x00, 0x00, 0x00, 0x00, 0x0F, 0xFF, 0xFF, 0x80, 0x00, 0x00,
  0x00, 0x00, 0x00, 0x00, 0xFF, 0xFF, 0xF8, 0x00, 0x00, 0x00, 0x00, 0x00,
  0x00, 0x0F, 0xFF, 0xFF, 0x80, 0x00, 0x00, 0x00, 0x00, 0x00, 0x00, 0xFF,
  0xFF, 0xF8, 0x00, 0x00, 0x00, 0x00, 0x00, 0x00, 0x0F, 0xFF, 0xFF, 0x80,
  0x00, 0x00, 0x00, 0x00, 0x00, 0x00, 0xFF, 0xFF, 0xF8, 0x00, 0x00, 0x00,
  0x00, 0x00, 0x00, 0x0F, 0xFF, 0xFF, 0x80, 0x00, 0x00, 0x00, 0x00, 0x00,
  0x00, 0xFF, 0xFF, 0xF8, 0x00, 0x00, 0x00, 0x00, 0x00, 0x00, 0x0F, 0xFF,
  0xFF, 0x80, 0x00, 0x00, 0x00, 0x00, 0x00, 0x00, 0xFF, 0xFF, 0xF8, 0x00,
  0x00, 0x00, 0x00, 0x00, 0x00, 0x0F, 0xFF, 0xFF, 0x80, 0x00, 0x00, 0x00,
  0x00, 0x00, 0x00, 0xFF, 0xFF, 0xF8, 0x00, 0x00, 0x00, 0x00, 0x00, 0x00,
  0x0F, 0xFF, 0xFF, 0x80, 0x00, 0x00, 0x00, 0x00, 0x00, 0x00, 0xFF, 0xFF,
  0xF8, 0x00, 0x00, 0x00, 0x00, 0x00, 0x00, 0x0F, 0xFF, 0xFF, 0x80, 0x00,
  0x00, 0x00, 0x00, 0x00, 0x00, 0xFF, 0xFF, 0xF8, 0x00, 0x00, 0x00, 0x00,
  0x00, 0x00, 0x0F, 0xFF, 0xFF, 0x80, 0x00, 0x00, 0x00, 0x00, 0x00, 0x00,
  0xFF, 0xFF, 0xF8, 0x00, 0x00, 0x00, 0x00, 0x00, 0x00, 0x0F, 0xFF, 0xFF,
  0x80, 0x00, 0x00, 0x00, 0x00, 0x00, 0x00, 0xFF, 0xFF, 0xF8, 0x00, 0x00,
  0x00, 0x00, 0x00, 0x00, 0x0F, 0xFF, 0xFF, 0x80, 0x00, 0x00, 0x00, 0x00,
  0x00, 0x00, 0xFF, 0xFF, 0xF8, 0x00, 0x00, 0x00, 0x00, 0x00, 0x00, 0x07,
  0xFF, 0xFF, 0x00, 0x00, 0x00, 0x00, 0x00, 0x00, 0x00, 0x7F, 0xFF, 0xF0,
  0x00, 0x00, 0x00, 0x00, 0x00, 0x00, 0x03, 0xFF, 0xFE, 0x00, 0x00, 0x00,
  0x00, 0x00, 0x00, 0x00, 0x1F, 0xFF, 0xC0, 0x00, 0x00, 0x00, 0x00, 0x00,
  0x00, 0x00, 0xFF, 0xF8, 0x00, 0x00, 0x00, 0x00, 0x00, 0x00, 0x00, 0x07,
  0xFF, 0x00, 0x00, 0x00, 0x00, 0x00, 0x00, 0x00, 0x00, 0x1F, 0xC0, 0x00,
  0x00, 0x00, 0x00, 0x00, 0x00, 0x00, 0x00, 0x00, 0x00, 0x00, 0x00, 0x0F,
  0xFF, 0xF8, 0x00, 0x00, 0x00, 0x00, 0x00, 0x00, 0x00, 0x00, 0x07, 0xFF,
  0xFF, 0xFF, 0x80, 0x00, 0x00, 0x00, 0x00, 0x00, 0x00, 0x01, 0xFF, 0xFF,
  0xFF, 0xFF, 0xE0, 0x00, 0x00, 0x00, 0x00, 0x00, 0x00, 0x3F, 0xFF, 0xFF,
  0xFF, 0xFF, 0xF0, 0x00, 0x00, 0x00, 0x00, 0x00, 0x03, 0xFF, 0xFF, 0xFF,
  0xFF, 0xFF, 0xF0, 0x00, 0x00, 0x00, 0x00, 0x00, 0x3F, 0xFF, 0xFF, 0xFF,
  0xFF, 0xFF, 0xF0, 0x00, 0x00, 0x00, 0x00, 0x03, 0xFF, 0xFF, 0xFF, 0xFF,
  0xFF, 0xFF, 0xF0, 0x00, 0x00, 0x00, 0x00, 0x3F, 0xFF, 0xFF, 0xFF, 0xFF,
  0xFF, 0xFF, 0xF0, 0x00, 0x00, 0x00, 0x01, 0xFF, 0xFF, 0xFF, 0xFF, 0xFF,
  0xFF, 0xFF, 0xF0, 0x00, 0x00, 0x00, 0x1F, 0xFF, 0xFF, 0xFF, 0xFF, 0xFF,
  0xFF, 0xFF, 0xE0, 0x00, 0x00, 0x00, 0xFF, 0xFF, 0xFF, 0xFF, 0xFF, 0xFF,
  0xFF, 0xFF, 0xC0, 0x00, 0x00, 0x0F, 0xFF, 0xFF, 0xFF, 0xFF, 0xFF, 0xFF,
  0xFF, 0xFF, 0x80, 0x00, 0x00, 0x7F, 0xFF, 0xFF, 0xFF, 0xFF, 0xFF, 0xFF,
  0xFF, 0xFF, 0x00, 0x00, 0x03, 0xFF, 0xFF, 0xFF, 0xFF, 0xFF, 0xFF, 0xFF,
  0xFF, 0xFE, 0x00, 0x00, 0x1F, 0xFF, 0xFF, 0xFF, 0xFF, 0xFF, 0xFF, 0xFF,
  0xFF, 0xF8, 0x00, 0x00, 0xFF, 0xFF, 0xFF, 0xFF, 0xFF, 0xFF, 0xFF, 0xFF,
  0xFF, 0xF0, 0x00, 0x07, 0xFF, 0xFF, 0xFF, 0xFF, 0xFF, 0xFF, 0xFF, 0xFF,
  0xFF, 0xC0, 0x00, 0x3F, 0xFF, 0xFF, 0xFF, 0xFF, 0xFF, 0xFF, 0xFF, 0xFF,
  0xFF, 0x00, 0x01, 0xFF, 0xFF, 0xFF, 0xFF, 0xFF, 0xFF, 0xFF, 0xFF, 0xFF,
  0xFC, 0x00, 0x07, 0xFF, 0xFF, 0xFF, 0xFF, 0xFF, 0xFF, 0xFF, 0xFF, 0xFF,
  0xF0, 0x00, 0x3F, 0xFF, 0xFF, 0xFF, 0xFC, 0x00, 0x3F, 0xFF, 0xFF, 0xFF,
  0xC0, 0x01, 0xFF, 0xFF, 0xFF, 0xFF, 0x00, 0x00, 0x0F, 0xFF, 0xFF, 0xFE,
  0x00, 0x07, 0xFF, 0xFF, 0xFF, 0xF0, 0x00, 0x00, 0x07, 0xFF, 0xFF, 0xF8,
  0x00, 0x3F, 0xFF, 0xFF, 0xFF, 0x00, 0x00, 0x00, 0x07, 0xFF, 0xFF, 0xE0,
  0x01, 0xFF, 0xFF, 0xFF, 0xF0, 0x00, 0x00, 0x00, 0x07, 0xFF, 0xFF, 0x00,
  0x07, 0xFF, 0xFF, 0xFF, 0x80, 0x00, 0x00, 0x00, 0x07, 0xFF, 0xF8, 0x00,
  0x3F, 0xFF, 0xFF, 0xFC, 0x00, 0x00, 0x00, 0x00, 0x0F, 0xFF, 0xC0, 0x00,
  0xFF, 0xFF, 0xFF, 0xE0, 0x00, 0x00, 0x00, 0x00, 0x0F, 0xFE, 0x00, 0x07,
  0xFF, 0xFF, 0xFF, 0x00, 0x00, 0x00, 0x00, 0x00, 0x0F, 0xE0, 0x00, 0x1F,
  0xFF, 0xFF, 0xF8, 0x00, 0x00, 0x00, 0x00, 0x00, 0x00, 0x00, 0x00, 0xFF,
  0xFF, 0xFF, 0xC0, 0x00, 0x00, 0x00, 0x00, 0x00, 0x00, 0x00, 0x03, 0xFF,
  0xFF, 0xFE, 0x00, 0x00, 0x00, 0x00, 0x00, 0x00, 0x00, 0x00, 0x1F, 0xFF,
  0xFF, 0xF0, 0x00, 0x00, 0x00, 0x00, 0x00, 0x00, 0x00, 0x00, 0x7F, 0xFF,
  0xFF, 0xC0, 0x00, 0x00, 0x00, 0x00, 0x00, 0x00, 0x00, 0x01, 0xFF, 0xFF,
  0xFE, 0x00, 0x00, 0x00, 0x00, 0x00, 0x00, 0x00, 0x00, 0x0F, 0xFF, 0xFF,
  0xF8, 0x00, 0x00, 0x00, 0x00, 0x00, 0x00, 0x00, 0x00, 0x3F, 0xFF, 0xFF,
  0xC0, 0x00, 0x00, 0x00, 0x00, 0x00, 0x00, 0x00, 0x00, 0xFF, 0xFF, 0xFF,
  0x00, 0x00, 0x00, 0x00, 0x00, 0x00, 0x00, 0x00, 0x07, 0xFF, 0xFF, 0xF8,
  0x00, 0x00, 0x00, 0x00, 0x00, 0x00, 0x00, 0x00, 0x1F, 0xFF, 0xFF, 0xE0,
  0x00, 0x00, 0x00, 0x00, 0x00, 0x00, 0x00, 0x00, 0x7F, 0xFF, 0xFF, 0x00,
  0x00, 0x00, 0x00, 0x00, 0x00, 0x00, 0x00, 0x01, 0xFF, 0xFF, 0xFC, 0x00,
  0x00, 0x00, 0x00, 0x00, 0x00, 0x00, 0x00, 0x07, 0xFF, 0xFF, 0xF0, 0x00,
  0x00, 0x00, 0x00, 0x00, 0x00, 0x00, 0x00, 0x1F, 0xFF, 0xFF, 0xC0, 0x00,
  0x00, 0x00, 0x00, 0x00, 0x00, 0x00, 0x00, 0xFF, 0xFF, 0xFF, 0x00, 0x00,
  0x00, 0x01, 0xFF, 0xFF, 0xFF, 0xFE, 0x03, 0xFF, 0xFF, 0xF8, 0x00, 0x00,
  0x00, 0x1F, 0xFF, 0xFF, 0xFF, 0xFE, 0x0F, 0xFF, 0xFF, 0xE0, 0x00, 0x00,
  0x00, 0xFF, 0xFF, 0xFF, 0xFF, 0xFC, 0x3F, 0xFF, 0xFF, 0x80, 0x00, 0x00,
  0x07, 0xFF, 0xFF, 0xFF, 0xFF, 0xF8, 0xFF, 0xFF, 0xFE, 0x00, 0x00, 0x00,
  0x3F, 0xFF, 0xFF, 0xFF, 0xFF, 0xF3, 0xFF, 0xFF, 0xF8, 0x00, 0x00, 0x00,
  0xFF, 0xFF, 0xFF, 0xFF, 0xFF, 0xEF, 0xFF, 0xFF, 0xE0, 0x00, 0x00, 0x07,
  0xFF, 0xFF, 0xFF, 0xFF, 0xFF, 0xBF, 0xFF, 0xFF, 0x80, 0x00, 0x00, 0x1F,
  0xFF, 0xFF, 0xFF, 0xFF, 0xFF, 0xFF, 0xFF, 0xFE, 0x00, 0x00, 0x00, 0x7F,
  0xFF, 0xFF, 0xFF, 0xFF, 0xFF, 0xFF, 0xFF, 0xF8, 0x00, 0x00, 0x01, 0xFF,
  0xFF, 0xFF, 0xFF, 0xFF, 0xFF, 0xFF, 0xFF, 0xE0, 0x00, 0x00, 0x07, 0xFF,
  0xFF, 0xFF, 0xFF, 0xFF, 0xFF, 0xFF, 0xFF, 0x80, 0x00, 0x00, 0x1F, 0xFF,
  0xFF, 0xFF, 0xFF, 0xFF, 0xFF, 0xFF, 0xFE, 0x00, 0x00, 0x00, 0x3F, 0xFF,
  0xFF, 0xFF, 0xFF, 0xFF, 0xFF, 0xFF, 0xFC, 0x00, 0x00, 0x00, 0xFF, 0xFF,
  0xFF, 0xFF, 0xFF, 0xFF, 0xFF, 0xFF, 0xF0, 0x00, 0x00, 0x01, 0xFF, 0xFF,
  0xFF, 0xFF, 0xFF, 0xDF, 0xFF, 0xFF, 0xC0, 0x00, 0x00, 0x03, 0xFF, 0xFF,
  0xFF, 0xFF, 0xFF, 0x7F, 0xFF, 0xFF, 0x00, 0x00, 0x00, 0x07, 0xFF, 0xFF,
  0xFF, 0xFF, 0xFD, 0xFF, 0xFF, 0xFE, 0x00, 0x00, 0x00, 0x07, 0xFF, 0xFF,
  0xFF, 0xFF, 0xF7, 0xFF, 0xFF, 0xF8, 0x00, 0x00, 0x00, 0x00, 0x00, 0x07,
  0xFF, 0xFF, 0xDF, 0xFF, 0xFF, 0xE0, 0x00, 0x00, 0x00, 0x00, 0x00, 0x1F,
  0xFF, 0xFF, 0x7F, 0xFF, 0xFF, 0xC0, 0x00, 0x00, 0x00, 0x00, 0x00, 0x7F,
  0xFF, 0xFC, 0xFF, 0xFF, 0xFF, 0x00, 0x00, 0x00, 0x00, 0x00, 0x01, 0xFF,
  0xFF, 0xF3, 0xFF, 0xFF, 0xFE, 0x00, 0x00, 0x00, 0x00, 0x00, 0x07, 0xFF,
  0xFF, 0xCF, 0xFF, 0xFF, 0xF8, 0x00, 0x00, 0x00, 0x00, 0x00, 0x1F, 0xFF,
  0xFF, 0x1F, 0xFF, 0xFF, 0xF0, 0x00, 0x00, 0x00, 0x00, 0x00, 0x7F, 0xFF,
  0xFC, 0x7F, 0xFF, 0xFF, 0xC0, 0x00, 0x00, 0x00, 0x00, 0x01, 0xFF, 0xFF,
  0xF1, 0xFF, 0xFF, 0xFF, 0x80, 0x00, 0x00, 0x00, 0x00, 0x07, 0xFF, 0xFF,
  0xC3, 0xFF, 0xFF, 0xFF, 0x00, 0x00, 0x00, 0x00, 0x00, 0x1F, 0xFF, 0xFF,
  0x0F, 0xFF, 0xFF, 0xFE, 0x00, 0x00, 0x00, 0x00, 0x00, 0x7F, 0xFF, 0xFC,
  0x1F, 0xFF, 0xFF, 0xFC, 0x00, 0x00, 0x00, 0x00, 0x01, 0xFF, 0xFF, 0xF0,
  0x7F, 0xFF, 0xFF, 0xF8, 0x00, 0x00, 0x00, 0x00, 0x07, 0xFF, 0xFF, 0xC0,
  0xFF, 0xFF, 0xFF, 0xF0, 0x00, 0x00, 0x00, 0x00, 0x1F, 0xFF, 0xFF, 0x03,
  0xFF, 0xFF, 0xFF, 0xE0, 0x00, 0x00, 0x00, 0x00, 0xFF, 0xFF, 0xFC, 0x07,
  0xFF, 0xFF, 0xFF, 0xE0, 0x00, 0x00, 0x00, 0x07, 0xFF, 0xFF, 0xF0, 0x1F,
  0xFF, 0xFF, 0xFF, 0xC0, 0x00, 0x00, 0x00, 0x7F, 0xFF, 0xFF, 0xC0, 0x3F,
  0xFF, 0xFF, 0xFF, 0xC0, 0x00, 0x00, 0x07, 0xFF, 0xFF, 0xFF, 0x00, 0xFF,
  0xFF, 0xFF, 0xFF, 0xE0, 0x00, 0x00, 0xFF, 0xFF, 0xFF, 0xFC, 0x01, 0xFF,
  0xFF, 0xFF, 0xFF, 0xF8, 0x00, 0x7F, 0xFF, 0xFF, 0xFF, 0xF0, 0x03, 0xFF,
  0xFF, 0xFF, 0xFF, 0xFF, 0xFF, 0xFF, 0xFF, 0xFF, 0xFF, 0xC0, 0x07, 0xFF,
  0xFF, 0xFF, 0xFF, 0xFF, 0xFF, 0xFF, 0xFF, 0xFF, 0xFE, 0x00, 0x1F, 0xFF,
  0xFF, 0xFF, 0xFF, 0xFF, 0xFF, 0xFF, 0xFF, 0xFF, 0xF8, 0x00, 0x3F, 0xFF,
  0xFF, 0xFF, 0xFF, 0xFF, 0xFF, 0xFF, 0xFF, 0xFF, 0xE0, 0x00, 0x7F, 0xFF,
  0xFF, 0xFF, 0xFF, 0xFF, 0xFF, 0xFF, 0xFF, 0xFF, 0x00, 0x00, 0xFF, 0xFF,
  0xFF, 0xFF, 0xFF, 0xFF, 0xFF, 0xFF, 0xFF, 0xF8, 0x00, 0x01, 0xFF, 0xFF,
  0xFF, 0xFF, 0xFF, 0xFF, 0xFF, 0xFF, 0xFF, 0xE0, 0x00, 0x03, 0xFF, 0xFF,
  0xFF, 0xFF, 0xFF, 0xFF, 0xFF, 0xFF, 0xFF, 0x00, 0x00, 0x07, 0xFF, 0xFF,
  0xFF, 0xFF, 0xFF, 0xFF, 0xFF, 0xFF, 0xF8, 0x00, 0x00, 0x07, 0xFF, 0xFF,
  0xFF, 0xFF, 0xFF, 0xFF, 0xFF, 0xFF, 0x80, 0x00, 0x00, 0x0F, 0xFF, 0xFF,
  0xFF, 0xFF, 0xFF, 0xFF, 0xFF, 0xFC, 0x00, 0x00, 0x00, 0x0F, 0xFF, 0xFF,
  0xFF, 0xFF, 0xFF, 0xFF, 0xFF, 0xC0, 0x00, 0x00, 0x00, 0x1F, 0xFF, 0xFF,
  0xFF, 0xFF, 0xFF, 0xFF, 0xFC, 0x00, 0x00, 0x00, 0x00, 0x1F, 0xFF, 0xFF,
  0xFF, 0xFF, 0xFF, 0xFF, 0xC0, 0x00, 0x00, 0x00, 0x00, 0x1F, 0xFF, 0xFF,
  0xFF, 0xFF, 0xFF, 0xFC, 0x00, 0x00, 0x00, 0x00, 0x00, 0x1F, 0xFF, 0xFF,
  0xFF, 0xFF, 0xFF, 0xC0, 0x00, 0x00, 0x00, 0x00, 0x00, 0x1F, 0xFF, 0xFF,
  0xFF, 0xFF, 0xF8, 0x00, 0x00, 0x00, 0x00, 0x00, 0x00, 0x0F, 0xFF, 0xFF,
  0xFF, 0xFF, 0x00, 0x00, 0x00, 0x00, 0x00, 0x00, 0x00, 0x03, 0xFF, 0xFF,
  0xFF, 0xC0, 0x00, 0x00, 0x00, 0x00, 0x00, 0x00, 0x00, 0x00, 0x3F, 0xFF,
  0xC0, 0x00, 0x00, 0x00, 0x00, 0x01, 0xFC, 0x00, 0x00, 0x00, 0x00, 0x00,
  0x00, 0x07, 0xF0, 0x00, 0xFF, 0xE0, 0x00, 0x00, 0x00, 0x00, 0x00, 0x03,
  0xFF, 0x80, 0x3F, 0xFE, 0x00, 0x00, 0x00, 0x00, 0x00, 0x00, 0xFF, 0xF8,
  0x0F, 0xFF, 0xE0, 0x00, 0x00, 0x00, 0x00, 0x00, 0x3F, 0xFF, 0x83, 0xFF,
  0xFE, 0x00, 0x00, 0x00, 0x00, 0x00, 0x0F, 0xFF, 0xF8, 0xFF, 0xFF, 0xE0,
  0x00, 0x00, 0x00, 0x00, 0x03, 0xFF, 0xFF, 0x9F, 0xFF, 0xFC, 0x00, 0x00,
  0x00, 0x00, 0x00, 0x7F, 0xFF, 0xF7, 0xFF, 0xFF, 0xC0, 0x00, 0x00, 0x00,
  0x00, 0x1F, 0xFF, 0xFF, 0xFF, 0xFF, 0xF8, 0x00, 0x00, 0x00, 0x00, 0x03,
  0xFF, 0xFF, 0xFF, 0xFF, 0xFF, 0x00, 0x00, 0x00, 0x00, 0x00, 0x7F, 0xFF,
  0xFF, 0xFF, 0xFF, 0xE0, 0x00, 0x00, 0x00, 0x00, 0x0F, 0xFF, 0xFF, 0xFF,
  0xFF, 0xFC, 0x00, 0x00, 0x00, 0x00, 0x01, 0xFF, 0xFF, 0xFF, 0xFF, 0xFF,
  0x80, 0x00, 0x00, 0x00, 0x00, 0x3F, 0xFF, 0xFF, 0xFF, 0xFF, 0xF0, 0x00,
  0x00, 0x00, 0x00, 0x07, 0xFF, 0xFF, 0xFF, 0xFF, 0xFE, 0x00, 0x00, 0x00,
  0x00, 0x00, 0xFF, 0xFF, 0xFF, 0xFF, 0xFF, 0xC0, 0x00, 0x00, 0x00, 0x00,
  0x1F, 0xFF, 0xFF, 0xFF, 0xFF, 0xF8, 0x00, 0x00, 0x00, 0x00, 0x03, 0xFF,
  0xFF, 0xFF, 0xFF, 0xFF, 0x00, 0x00, 0x00, 0x00, 0x00, 0x7F, 0xFF, 0xFF,
  0xFF, 0xFF, 0xE0, 0x00, 0x00, 0x00, 0x00, 0x0F, 0xFF, 0xFF, 0xFF, 0xFF,
  0xFC, 0x00, 0x00, 0x00, 0x00, 0x01, 0xFF, 0xFF, 0xFF, 0xFF, 0xFF, 0x80,
  0x00, 0x00, 0x00, 0x00, 0x3F, 0xFF, 0xFF, 0xFF, 0xFF, 0xF0, 0x00, 0x00,
  0x00, 0x00, 0x07, 0xFF, 0xFF, 0xFF, 0xFF, 0xFE, 0x00, 0x00, 0x00, 0x00,
  0x00, 0xFF, 0xFF, 0xFF, 0xFF, 0xFF, 0xC0, 0x00, 0x00, 0x00, 0x00, 0x1F,
  0xFF, 0xFF, 0xFF, 0xFF, 0xF8, 0x00, 0x00, 0x00, 0x00, 0x03, 0xFF, 0xFF,
  0xFF, 0xFF, 0xFF, 0x00, 0x00, 0x00, 0x00, 0x00, 0x7F, 0xFF, 0xFF, 0xFF,
  0xFF, 0xE0, 0x00, 0x00, 0x00, 0x00, 0x0F, 0xFF, 0xFF, 0xFF, 0xFF, 0xFC,
  0x00, 0x00, 0x00, 0x00, 0x01, 0xFF, 0xFF, 0xFF, 0xFF, 0xFF, 0x80, 0x00,
  0x00, 0x00, 0x00, 0x3F, 0xFF, 0xFF, 0xFF, 0xFF, 0xF0, 0x00, 0x00, 0x00,
  0x00, 0x07, 0xFF, 0xFF, 0xFF, 0xFF, 0xFE, 0x00, 0x00, 0x00, 0x00, 0x00,
  0xFF, 0xFF, 0xFF, 0xFF, 0xFF, 0xC0, 0x00, 0x00, 0x00, 0x00, 0x1F, 0xFF,
  0xFF, 0xFF, 0xFF, 0xF8, 0x00, 0x00, 0x00, 0x00, 0x03, 0xFF, 0xFF, 0xFF,
  0xFF, 0xFF, 0x00, 0x00, 0x00, 0x00, 0x00, 0x7F, 0xFF, 0xFF, 0xFF, 0xFF,
  0xE0, 0x00, 0x00, 0x00, 0x00, 0x0F, 0xFF, 0xFF, 0xFF, 0xFF, 0xFC, 0x00,
  0x00, 0x00, 0x00, 0x01, 0xFF, 0xFF, 0xFF, 0xFF, 0xFF, 0x80, 0x00, 0x00,
  0x00, 0x00, 0x3F, 0xFF, 0xFF, 0xFF, 0xFF, 0xF0, 0x00, 0x00, 0x00, 0x00,
  0x07, 0xFF, 0xFF, 0xFF, 0xFF, 0xFE, 0x00, 0x00, 0x00, 0x00, 0x00, 0xFF,
  0xFF, 0xFF, 0xFF, 0xFF, 0xC0, 0x00, 0x00, 0x00, 0x00, 0x1F, 0xFF, 0xFF,
  0xFF, 0xFF, 0xFF, 0xFF, 0xFF, 0xFF, 0xFF, 0xFF, 0xFF, 0xFF, 0xFF, 0xFF,
  0xFF, 0xFF, 0xFF, 0xFF, 0xFF, 0xFF, 0xFF, 0xFF, 0xFF, 0xFF, 0xFF, 0xFF,
  0xFF, 0xFF, 0xFF, 0xFF, 0xFF, 0xFF, 0xFF, 0xFF, 0xFF, 0xFF, 0xFF, 0xFF,
  0xFF, 0xFF, 0xFF, 0xFF, 0xFF, 0xFF, 0xFF, 0xFF, 0xFF, 0xFF, 0xFF, 0xFF,
  0xFF, 0xFF, 0xFF, 0xFF, 0xFF, 0xFF, 0xFF, 0xFF, 0xFF, 0xFF, 0xFF, 0xFF,
  0xFF, 0xFF, 0xFF, 0xFF, 0xFF, 0xFF, 0xFF, 0xFF, 0xFF, 0xFF, 0xFF, 0xFF,
  0xFF, 0xFF, 0xFF, 0xFF, 0xFF, 0xFF, 0xFF, 0xFF, 0xFF, 0xFF, 0xFF, 0xFF,
  0xFF, 0xFF, 0xFF, 0xFF, 0xFF, 0xFF, 0xFF, 0xFF, 0xFF, 0xFF, 0xFF, 0xFF,
  0xFF, 0xFF, 0xFF, 0xFF, 0xFF, 0xFF, 0xFF, 0xFF, 0xFF, 0xFF, 0xFF, 0xFF,
  0xFF, 0xFF, 0xFF, 0xFF, 0xFF, 0xFF, 0xFF, 0xFF, 0xFF, 0xFF, 0xFF, 0xFF,
  0xFF, 0xFF, 0xFF, 0xFF, 0xFF, 0xFF, 0xFF, 0xFF, 0xFF, 0xFF, 0xFF, 0xFF,
  0xFF, 0xFF, 0xFF, 0xFF, 0xFF, 0xFF, 0xFF, 0xFF, 0xFF, 0xFF, 0xFF, 0xFF,
  0xFF, 0xFF, 0xFF, 0xFF, 0xFF, 0xFF, 0xFF, 0xFF, 0xFF, 0xFF, 0xFF, 0xFF,
  0xFF, 0xFF, 0xFF, 0xFF, 0xFF, 0xFF, 0xFF, 0xFF, 0xFF, 0xFF, 0xFF, 0xFF,
  0xFF, 0xFF, 0xFF, 0xFF, 0xFF, 0xFF, 0xFF, 0xFF, 0xFF, 0xFF, 0xFF, 0xFF,
  0xFF, 0xFF, 0xFF, 0xFF, 0xFF, 0xFF, 0xFF, 0xFF, 0xFF, 0xFF, 0xFF, 0xFF,
  0xFF, 0xFF, 0xFF, 0xFF, 0xFF, 0xFF, 0xFF, 0xFF, 0xFF, 0xFF, 0xFF, 0xFF,
  0xFF, 0xFF, 0xFF, 0xFF, 0xFF, 0xFF, 0x80, 0x00, 0x00, 0x00, 0x00, 0x3F,
  0xFF, 0xFF, 0xFF, 0xFF, 0xF0, 0x00, 0x00, 0x00, 0x00, 0x07, 0xFF, 0xFF,
  0xFF, 0xFF, 0xFE, 0x00, 0x00, 0x00, 0x00, 0x00, 0xFF, 0xFF, 0xFF, 0xFF,
  0xFF, 0xC0, 0x00, 0x00, 0x00, 0x00, 0x1F, 0xFF, 0xFF, 0xFF, 0xFF, 0xF8,
  0x00, 0x00, 0x00, 0x00, 0x03, 0xFF, 0xFF, 0xFF, 0xFF, 0xFF, 0x00, 0x00,
  0x00, 0x00, 0x00, 0x7F, 0xFF, 0xFF, 0xFF, 0xFF, 0xE0, 0x00, 0x00, 0x00,
  0x00, 0x0F, 0xFF, 0xFF, 0xFF, 0xFF, 0xFC, 0x00, 0x00, 0x00, 0x00, 0x01,
  0xFF, 0xFF, 0xFF, 0xFF, 0xFF, 0x80, 0x00, 0x00, 0x00, 0x00, 0x3F, 0xFF,
  0xFF, 0xFF, 0xFF, 0xF0, 0x00, 0x00, 0x00, 0x00, 0x07, 0xFF, 0xFF, 0xFF,
  0xFF, 0xFE, 0x00, 0x00, 0x00, 0x00, 0x00, 0xFF, 0xFF, 0xFF, 0xFF, 0xFF,
  0xC0, 0x00, 0x00, 0x00, 0x00, 0x1F, 0xFF, 0xFF, 0xFF, 0xFF, 0xF8, 0x00,
  0x00, 0x00, 0x00, 0x03, 0xFF, 0xFF, 0xFF, 0xFF, 0xFF, 0x00, 0x00, 0x00,
  0x00, 0x00, 0x7F, 0xFF, 0xFF, 0xFF, 0xFF, 0xE0, 0x00, 0x00, 0x00, 0x00,
  0x0F, 0xFF, 0xFF, 0xFF, 0xFF, 0xFC, 0x00, 0x00, 0x00, 0x00, 0x01, 0xFF,
  0xFF, 0xFF, 0xFF, 0xFF, 0x80, 0x00, 0x00, 0x00, 0x00, 0x3F, 0xFF, 0xFF,
  0xFF, 0xFF, 0xF0, 0x00, 0x00, 0x00, 0x00, 0x07, 0xFF, 0xFF, 0xFF, 0xFF,
  0xFE, 0x00, 0x00, 0x00, 0x00, 0x00, 0xFF, 0xFF, 0xFF, 0xFF, 0xFF, 0xC0,
  0x00, 0x00, 0x00, 0x00, 0x1F, 0xFF, 0xFF, 0xFF, 0xFF, 0xF8, 0x00, 0x00,
  0x00, 0x00, 0x03, 0xFF, 0xFF, 0xFF, 0xFF, 0xFF, 0x00, 0x00, 0x00, 0x00,
  0x00, 0x7F, 0xFF, 0xFF, 0xFF, 0xFF, 0xE0, 0x00, 0x00, 0x00, 0x00, 0x0F,
  0xFF, 0xFF, 0xFF, 0xFF, 0xFC, 0x00, 0x00, 0x00, 0x00, 0x01, 0xFF, 0xFF,
  0xFF, 0xFF, 0xFF, 0x80, 0x00, 0x00, 0x00, 0x00, 0x3F, 0xFF, 0xFF, 0xFF,
  0xFF, 0xF0, 0x00, 0x00, 0x00, 0x00, 0x07, 0xFF, 0xFF, 0xFF, 0xFF, 0xFE,
  0x00, 0x00, 0x00, 0x00, 0x00, 0xFF, 0xFF, 0xFF, 0xFF, 0xFF, 0xC0, 0x00,
  0x00, 0x00, 0x00, 0x1F, 0xFF, 0xFF, 0xFF, 0xFF, 0xF8, 0x00, 0x00, 0x00,
  0x00, 0x03, 0xFF, 0xFF, 0xFF, 0xFF, 0xFF, 0x00, 0x00, 0x00, 0x00, 0x00,
  0x7F, 0xFF, 0xFF, 0xFF, 0xFF, 0xE0, 0x00, 0x00, 0x00, 0x00, 0x0F, 0xFF,
  0xFF, 0xFF, 0xFF, 0xFC, 0x00, 0x00, 0x00, 0x00, 0x01, 0xFF, 0xFF, 0xFF,
  0xFF, 0xFF, 0x80, 0x00, 0x00, 0x00, 0x00, 0x3F, 0xFF, 0xFF, 0xFF, 0xFF,
  0xE0, 0x00, 0x00, 0x00, 0x00, 0x07, 0xFF, 0xFF, 0xDF, 0xFF, 0xFC, 0x00,
  0x00, 0x00, 0x00, 0x00, 0x7F, 0xFF, 0xF3, 0xFF, 0xFF, 0x80, 0x00, 0x00,
  0x00, 0x00, 0x0F, 0xFF, 0xFE, 0x3F, 0xFF, 0xE0, 0x00, 0x00, 0x00, 0x00,
  0x00, 0xFF, 0xFF, 0x83, 0xFF, 0xF8, 0x00, 0x00, 0x00, 0x00, 0x00, 0x0F,
  0xFF, 0xE0, 0x3F, 0xFE, 0x00, 0x00, 0x00, 0x00, 0x00, 0x00, 0xFF, 0xF8,
  0x03, 0xFF, 0x80, 0x00, 0x00, 0x00, 0x00, 0x00, 0x0F, 0xFE, 0x00, 0x1F,
  0xC0, 0x00, 0x00, 0x00, 0x00, 0x00, 0x00, 0x7F, 0x00, 0x00, 0xFC, 0x00,
  0x1F, 0xFE, 0x00, 0xFF, 0xFC, 0x07, 0xFF, 0xF8, 0x3F, 0xFF, 0xF1, 0xFF,
  0xFF, 0xE7, 0xFF, 0xFF, 0x9F, 0xFF, 0xFE, 0xFF, 0xFF, 0xFF, 0xFF, 0xFF,
  0xFF, 0xFF, 0xFF, 0xFF, 0xFF, 0xFF, 0xFF, 0xFF, 0xFF, 0xFF, 0xFF, 0xFF,
  0xFF, 0xFF, 0xFF, 0xFF, 0xFF, 0xFF, 0xFF, 0xFF, 0xFF, 0xFF, 0xFF, 0xFF,
  0xFF, 0xFF, 0xFF, 0xFF, 0xFF, 0xFF, 0xFF, 0xFF, 0xFF, 0xFF, 0xFF, 0xFF,
  0xFF, 0xFF, 0xFF, 0xFF, 0xFF, 0xFF, 0xFF, 0xFF, 0xFF, 0xFF, 0xFF, 0xFF,
  0xFF, 0xFF, 0xFF, 0xFF, 0xFF, 0xFF, 0xFF, 0xFF, 0xFF, 0xFF, 0xFF, 0xFF,
  0xFF, 0xFF, 0xFF, 0xFF, 0xFF, 0xFF, 0xFF, 0xFF, 0xFF, 0xFF, 0xFF, 0xFF,
  0xFF, 0xFF, 0xFF, 0xFF, 0xFF, 0xFF, 0xFF, 0xFF, 0xFF, 0xFF, 0xFF, 0xFF,
  0xFF, 0xFF, 0xFF, 0xFF, 0xFF, 0xFF, 0xFF, 0xFF, 0xFF, 0xFF, 0xFF, 0xFF,
  0xFF, 0xFF, 0xFF, 0xFF, 0xFF, 0xFF, 0xFF, 0xFF, 0xFF, 0xFF, 0xFF, 0xFF,
  0xFF, 0xFF, 0xFF, 0xFF, 0xFF, 0xFF, 0xFF, 0xFF, 0xFF, 0xFF, 0xFF, 0xFF,
  0xFF, 0xFF, 0xFF, 0xFF, 0xFF, 0xFF, 0xFF, 0xFF, 0xFF, 0xFF, 0xFF, 0xFF,
  0xFF, 0xFF, 0xFF, 0xFF, 0xFF, 0xFF, 0xFF, 0xFF, 0xFF, 0xFF, 0xFF, 0xFF,
  0xFF, 0xFF, 0xFF, 0xFF, 0xFF, 0xFF, 0xFF, 0xFF, 0xFF, 0xFF, 0xFF, 0xFF,
  0xFF, 0xFF, 0xFF, 0xFF, 0xFF, 0xFF, 0xFF, 0xFF, 0xFF, 0xFF, 0xFF, 0xFF,
  0xFF, 0xFF, 0xFF, 0xFF, 0xFF, 0xFF, 0xFF, 0xFF, 0xFF, 0xFF, 0xFF, 0xFF,
  0xFF, 0xFF, 0xFF, 0xFF, 0xFF, 0xFF, 0xFF, 0xFF, 0xFF, 0xFF, 0xFF, 0xFF,
  0xFF, 0xFF, 0xFF, 0xFF, 0xFF, 0xFF, 0xFF, 0xFF, 0xFF, 0xFF, 0xFF, 0xFF,
  0xFF, 0xFF, 0xFF, 0xFF, 0xFF, 0xFF, 0xFF, 0xFF, 0xFF, 0xFF, 0xFF, 0xFF,
  0xFF, 0xFF, 0xFF, 0xFF, 0xFF, 0xFF, 0xFF, 0xFF, 0xFF, 0xFF, 0xFF, 0xFF,
  0xFF, 0xFF, 0xFF, 0xE7, 0xFF, 0xFF, 0x9F, 0xFF, 0xFE, 0x3F, 0xFF, 0xF0,
  0x7F, 0xFF, 0x80, 0xFF, 0xFC, 0x01, 0xFF, 0xE0, 0x00, 0xFE, 0x00, 0x00,
  0x00, 0x00, 0x00, 0x00, 0x00, 0x00, 0x00, 0x00, 0x00, 0x00, 0x00, 0x00,
  0x00, 0x0F, 0xFC, 0x00, 0x00, 0x00, 0x00, 0x00, 0x00, 0x07, 0xFF, 0x80,
  0x00, 0x00, 0x00, 0x00, 0x00, 0x07, 0xFF, 0xF8, 0x00, 0x00, 0x00, 0x00,
  0x00, 0x03, 0xFF, 0xFF, 0x00, 0x00, 0x00, 0x00, 0x00, 0x00, 0xFF, 0xFF,
  0xC0, 0x00, 0x00, 0x00, 0x00, 0x00, 0x7F, 0xFF, 0xF8, 0x00, 0x00, 0x00,
  0x00, 0x00, 0x1F, 0xFF, 0xFE, 0x00, 0x00, 0x00, 0x00, 0x00, 0x0F, 0xFF,
  0xFF, 0xC0, 0x00, 0x00, 0x00, 0x00, 0x03, 0xFF, 0xFF, 0xF0, 0x00, 0x00,
  0x00, 0x00, 0x00, 0xFF, 0xFF, 0xFC, 0x00, 0x00, 0x00, 0x00, 0x00, 0x3F,
  0xFF, 0xFF, 0x00, 0x00, 0x00, 0x00, 0x00, 0x0F, 0xFF, 0xFF, 0xC0, 0x00,
  0x00, 0x00, 0x00, 0x03, 0xFF, 0xFF, 0xF0, 0x00, 0x00, 0x00, 0x00, 0x00,
  0xFF, 0xFF, 0xFC, 0x00, 0x00, 0x00, 0x00, 0x00, 0x3F, 0xFF, 0xFF, 0x00,
  0x00, 0x00, 0x00, 0x00, 0x0F, 0xFF, 0xFF, 0xC0, 0x00, 0x00, 0x00, 0x00,
  0x03, 0xFF, 0xFF, 0xF0, 0x00, 0x00, 0x00, 0x00, 0x00, 0xFF, 0xFF, 0xFC,
  0x00, 0x00, 0x00, 0x00, 0x00, 0x3F, 0xFF, 0xFF, 0x00, 0x00, 0x00, 0x00,
  0x00, 0x0F, 0xFF, 0xFF, 0xC0, 0x00, 0x00, 0x00, 0x00, 0x03, 0xFF, 0xFF,
  0xF0, 0x00, 0x00, 0x00, 0x00, 0x00, 0xFF, 0xFF, 0xFC, 0x00, 0x00, 0x00,
  0x00, 0x00, 0x3F, 0xFF, 0xFF, 0x00, 0x00, 0x00, 0x00, 0x00, 0x0F, 0xFF,
  0xFF, 0xC0, 0x00, 0x00, 0x00, 0x00, 0x03, 0xFF, 0xFF, 0xF0, 0x00, 0x00,
  0x00, 0x00, 0x00, 0xFF, 0xFF, 0xFC, 0x00, 0x00, 0x00, 0x00, 0x00, 0x3F,
  0xFF, 0xFF, 0x00, 0x00, 0x00, 0x00, 0x00, 0x0F, 0xFF, 0xFF, 0xC0, 0x00,
  0x00, 0x00, 0x00, 0x03, 0xFF, 0xFF, 0xF0, 0x00, 0x00, 0x00, 0x00, 0x00,
  0xFF, 0xFF, 0xFC, 0x00, 0x00, 0x00, 0x00, 0x00, 0x3F, 0xFF, 0xFF, 0x00,
  0x00, 0x00, 0x00, 0x00, 0x0F, 0xFF, 0xFF, 0xC0, 0x00, 0x00, 0x00, 0x00,
  0x03, 0xFF, 0xFF, 0xF0, 0x00, 0x00, 0x00, 0x00, 0x00, 0xFF, 0xFF, 0xFC,
  0x00, 0x00, 0x00, 0x00, 0x00, 0x3F, 0xFF, 0xFF, 0x00, 0x00, 0x00, 0x00,
  0x00, 0x0F, 0xFF, 0xFF, 0xC0, 0x00, 0x00, 0x00, 0x00, 0x03, 0xFF, 0xFF,
  0xF0, 0x00, 0x00, 0x00, 0x00, 0x00, 0xFF, 0xFF, 0xFC, 0x00, 0x00, 0x00,
  0x00, 0x00, 0x3F, 0xFF, 0xFF, 0x00, 0x00, 0x00, 0x00, 0x00, 0x0F, 0xFF,
  0xFF, 0xC0, 0x00, 0x00, 0x00, 0x00, 0x03, 0xFF, 0xFF, 0xF0, 0x00, 0x00,
  0x00, 0x00, 0x00, 0xFF, 0xFF, 0xFC, 0x00, 0x00, 0x00, 0x00, 0x00, 0x3F,
  0xFF, 0xFF, 0x00, 0x00, 0x00, 0x00, 0x00, 0x0F, 0xFF, 0xFF, 0xC0, 0x00,
  0x00, 0x00, 0x00, 0x03, 0xFF, 0xFF, 0xF0, 0x00, 0x00, 0x00, 0x00, 0x00,
  0xFF, 0xFF, 0xFC, 0x00, 0x00, 0x00, 0x00, 0x00, 0x3F, 0xFF, 0xFF, 0x00,
  0x00, 0x00, 0x00, 0x00, 0x0F, 0xFF, 0xFF, 0xC0, 0x00, 0x00, 0x00, 0x00,
  0x03, 0xFF, 0xFF, 0xF0, 0x00, 0x00, 0x00, 0x00, 0x00, 0xFF, 0xFF, 0xFC,
  0x00, 0x00, 0x00, 0x00, 0x00, 0x3F, 0xFF, 0xFF, 0x00, 0x00, 0x00, 0x00,
  0x00, 0x0F, 0xFF, 0xFF, 0xC0, 0x00, 0x00, 0x00, 0x00, 0x03, 0xFF, 0xFF,
  0xF0, 0x00, 0x00, 0x00, 0x00, 0x00, 0xFF, 0xFF, 0xFC, 0x00, 0x00, 0x00,
  0x00, 0x00, 0x3F, 0xFF, 0xFF, 0x00, 0x00, 0x00, 0x00, 0x00, 0x0F, 0xFF,
  0xFF, 0xC0, 0x00, 0x00, 0x00, 0x00, 0x03, 0xFF, 0xFF, 0xF0, 0x00, 0x00,
  0x00, 0x00, 0x00, 0xFF, 0xFF, 0xFC, 0x00, 0x00, 0x00, 0x00, 0x00, 0x3F,
  0xFF, 0xFF, 0x00, 0x00, 0x00, 0x00, 0x00, 0x0F, 0xFF, 0xFF, 0xC0, 0x00,
  0x00, 0x00, 0x00, 0x03, 0xFF, 0xFF, 0xF0, 0x00, 0x00, 0x00, 0x00, 0x00,
  0xFF, 0xFF, 0xFC, 0x00, 0x00, 0x00, 0x00, 0x00, 0x3F, 0xFF, 0xFF, 0x00,
  0x00, 0x00, 0x00, 0x00, 0x0F, 0xFF, 0xFF, 0xC0, 0x00, 0x00, 0x00, 0x00,
  0x03, 0xFF, 0xFF, 0xF0, 0x00, 0x00, 0x00, 0x00, 0x00, 0xFF, 0xFF, 0xFC,
  0x00, 0x00, 0x00, 0x00, 0x00, 0x3F, 0xFF, 0xFF, 0x00, 0x00, 0x00, 0x00,
  0x00, 0x0F, 0xFF, 0xFF, 0xC0, 0x00, 0x00, 0x00, 0x00, 0x03, 0xFF, 0xFF,
  0xF0, 0x00, 0x00, 0x00, 0x00, 0x00, 0xFF, 0xFF, 0xFC, 0x00, 0x00, 0x00,
  0x00, 0x00, 0x7F, 0xFF, 0xFF, 0x00, 0x00, 0x00, 0x00, 0x00, 0x1F, 0xFF,
  0xFF, 0xC0, 0x00, 0x00, 0x00, 0x00, 0x07, 0xFF, 0xFF, 0xF0, 0x00, 0x00,
  0x00, 0x00, 0x01, 0xFF, 0xFF, 0xF8, 0x0F, 0xF8, 0x00, 0x00, 0x00, 0xFF,
  0xFF, 0xFE, 0x07, 0xFF, 0x80, 0x00, 0x00, 0x3F, 0xFF, 0xFF, 0x83, 0xFF,
  0xF0, 0x00, 0x00, 0x1F, 0xFF, 0xFF, 0xE1, 0xFF, 0xFF, 0x00, 0x00, 0x0F,
  0xFF, 0xFF, 0xF8, 0xFF, 0xFF, 0xE0, 0x00, 0x07, 0xFF, 0xFF, 0xFC, 0x7F,
  0xFF, 0xFF, 0x00, 0x07, 0xFF, 0xFF, 0xFF, 0x1F, 0xFF, 0xFF, 0xF0, 0x07,
  0xFF, 0xFF, 0xFF, 0xC7, 0xFF, 0xFF, 0xFF, 0xFF, 0xFF, 0xFF, 0xFF, 0xE1,
  0xFF, 0xFF, 0xFF, 0xFF, 0xFF, 0xFF, 0xFF, 0xF8, 0x7F, 0xFF, 0xFF, 0xFF,
  0xFF, 0xFF, 0xFF, 0xFC, 0x3F, 0xFF, 0xFF, 0xFF, 0xFF, 0xFF, 0xFF, 0xFF,
  0x07, 0xFF, 0xFF, 0xFF, 0xFF, 0xFF, 0xFF, 0xFF, 0x81, 0xFF, 0xFF, 0xFF,
  0xFF, 0xFF, 0xFF, 0xFF, 0xE0, 0x7F, 0xFF, 0xFF, 0xFF, 0xFF, 0xFF, 0xFF,
  0xF0, 0x0F, 0xFF, 0xFF, 0xFF, 0xFF, 0xFF, 0xFF, 0xF8, 0x03, 0xFF, 0xFF,
  0xFF, 0xFF, 0xFF, 0xFF, 0xFE, 0x00, 0x7F, 0xFF, 0xFF, 0xFF, 0xFF, 0xFF,
  0xFF, 0x00, 0x0F, 0xFF, 0xFF, 0xFF, 0xFF, 0xFF, 0xFF, 0x80, 0x01, 0xFF,
  0xFF, 0xFF, 0xFF, 0xFF, 0xFF, 0xC0, 0x00, 0x3F, 0xFF, 0xFF, 0xFF, 0xFF,
  0xFF, 0xE0, 0x00, 0x07, 0xFF, 0xFF, 0xFF, 0xFF, 0xFF, 0xE0, 0x00, 0x00,
  0x7F, 0xFF, 0xFF, 0xFF, 0xFF, 0xF0, 0x00, 0x00, 0x07, 0xFF, 0xFF, 0xFF,
  0xFF, 0xF0, 0x00, 0x00, 0x00, 0x7F, 0xFF, 0xFF, 0xFF, 0xF0, 0x00, 0x00,
  0x00, 0x07, 0xFF, 0xFF, 0xFF, 0xF0, 0x00, 0x00, 0x00, 0x00, 0x1F, 0xFF,
  0xFF, 0xE0, 0x00, 0x00, 0x00, 0x00, 0x00, 0x3F, 0xFF, 0x00, 0x00, 0x00,
  0x00, 0x01, 0xFC, 0x00, 0x00, 0x00, 0x00, 0x00, 0x00, 0x0F, 0xC0, 0x00,
  0xFF, 0xE0, 0x00, 0x00, 0x00, 0x00, 0x00, 0x0F, 0xFE, 0x00, 0x3F, 0xFE,
  0x00, 0x00, 0x00, 0x00, 0x00, 0x03, 0xFF, 0xF0, 0x0F, 0xFF, 0xE0, 0x00,
  0x00, 0x00, 0x00, 0x01, 0xFF, 0xFF, 0x03, 0xFF, 0xFE, 0x00, 0x00, 0x00,
  0x00, 0x00, 0x7F, 0xFF, 0xE0, 0xFF, 0xFF, 0xE0, 0x00, 0x00, 0x00, 0x00,
  0x1F, 0xFF, 0xFE, 0x1F, 0xFF, 0xFC, 0x00, 0x00, 0x00, 0x00, 0x07, 0xFF,
  0xFF, 0xC7, 0xFF, 0xFF, 0xC0, 0x00, 0x00, 0x00, 0x01, 0xFF, 0xFF, 0xFC,
  0xFF, 0xFF, 0xF8, 0x00, 0x00, 0x00, 0x00, 0x7F, 0xFF, 0xFF, 0x9F, 0xFF,
  0xFF, 0x00, 0x00, 0x00, 0x00, 0x1F, 0xFF, 0xFF, 0xF3, 0xFF, 0xFF, 0xE0,
  0x00, 0x00, 0x00, 0x07, 0xFF, 0xFF, 0xFE, 0x7F, 0xFF, 0xFC, 0x00, 0x00,
  0x00, 0x01, 0xFF, 0xFF, 0xFF, 0xCF, 0xFF, 0xFF, 0x80, 0x00, 0x00, 0x00,
  0x7F, 0xFF, 0xFF, 0xF9, 0xFF, 0xFF, 0xF0, 0x00, 0x00, 0x00, 0x1F, 0xFF,
  0xFF, 0xFE, 0x3F, 0xFF, 0xFE, 0x00, 0x00, 0x00, 0x07, 0xFF, 0xFF, 0xFF,
  0xC7, 0xFF, 0xFF, 0xC0, 0x00, 0x00, 0x01, 0xFF, 0xFF, 0xFF, 0xF0, 0xFF,
  0xFF, 0xF8, 0x00, 0x00, 0x00, 0x7F, 0xFF, 0xFF, 0xFE, 0x1F, 0xFF, 0xFF,
  0x00, 0x00, 0x00, 0x1F, 0xFF, 0xFF, 0xFF, 0x83, 0xFF, 0xFF, 0xE0, 0x00,
  0x00, 0x07, 0xFF, 0xFF, 0xFF, 0xE0, 0x7F, 0xFF, 0xFC, 0x00, 0x00, 0x01,
  0xFF, 0xFF, 0xFF, 0xF8, 0x0F, 0xFF, 0xFF, 0x80, 0x00, 0x00, 0x7F, 0xFF,
  0xFF, 0xFE, 0x01, 0xFF, 0xFF, 0xF0, 0x00, 0x00, 0x1F, 0xFF, 0xFF, 0xFF,
  0x80, 0x3F, 0xFF, 0xFE, 0x00, 0x00, 0x07, 0xFF, 0xFF, 0xFF, 0xC0, 0x07,
  0xFF, 0xFF, 0xC0, 0x00, 0x01, 0xFF, 0xFF, 0xFF, 0xF0, 0x00, 0xFF, 0xFF,
  0xF8, 0x00, 0x00, 0x7F, 0xFF, 0xFF, 0xFC, 0x00, 0x1F, 0xFF, 0xFF, 0x00,
  0x00, 0x1F, 0xFF, 0xFF, 0xFF, 0x00, 0x03, 0xFF, 0xFF, 0xE0, 0x00, 0x07,
  0xFF, 0xFF, 0xFF, 0xC0, 0x00, 0x7F, 0xFF, 0xFC, 0x00, 0x01, 0xFF, 0xFF,
  0xFF, 0xF0, 0x00, 0x0F, 0xFF, 0xFF, 0x80, 0x00, 0x7F, 0xFF, 0xFF, 0xFC,
  0x00, 0x01, 0xFF, 0xFF, 0xF0, 0x00, 0x1F, 0xFF, 0xFF, 0xFF, 0x00, 0x00,
  0x3F, 0xFF, 0xFE, 0x00, 0x07, 0xFF, 0xFF, 0xFF, 0xC0, 0x00, 0x07, 0xFF,
  0xFF, 0xC0, 0x01, 0xFF, 0xFF, 0xFF, 0xF0, 0x00, 0x00, 0xFF, 0xFF, 0xF8,
  0x00, 0x7F, 0xFF, 0xFF, 0xFC, 0x00, 0x00, 0x1F, 0xFF, 0xFF, 0x00, 0x1F,
  0xFF, 0xFF, 0xFF, 0x00, 0x00, 0x03, 0xFF, 0xFF, 0xE0, 0x07, 0xFF, 0xFF,
  0xFF, 0xC0, 0x00, 0x00, 0x7F, 0xFF, 0xFC, 0x01, 0xFF, 0xFF, 0xFF, 0xE0,
  0x00, 0x00, 0x0F, 0xFF, 0xFF, 0x80, 0x7F, 0xFF, 0xFF, 0xF8, 0x00, 0x00,
  0x01, 0xFF, 0xFF, 0xF0, 0x1F, 0xFF, 0xFF, 0xFE, 0x00, 0x00, 0x00, 0x3F,
  0xFF, 0xFE, 0x07, 0xFF, 0xFF, 0xFF, 0x80, 0x00, 0x00, 0x07, 0xFF, 0xFF,
  0xC1, 0xFF, 0xFF, 0xFF, 0xE0, 0x00, 0x00, 0x00, 0xFF, 0xFF, 0xF8, 0x7F,
  0xFF, 0xFF, 0xF8, 0x00, 0x00, 0x00, 0x1F, 0xFF, 0xFF, 0x1F, 0xFF, 0xFF,
  0xFE, 0x00, 0x00, 0x00, 0x03, 0xFF, 0xFF, 0xE7, 0xFF, 0xFF, 0xFF, 0x80,
  0x00, 0x00, 0x00, 0x7F, 0xFF, 0xFD, 0xFF, 0xFF, 0xFF, 0xE0, 0x00, 0x00,
  0x00, 0x0F, 0xFF, 0xFF, 0xFF, 0xFF, 0xFF, 0xF8, 0x00, 0x00, 0x00, 0x01,
  0xFF, 0xFF, 0xFF, 0xFF, 0xFF, 0xFF, 0x80, 0x00, 0x00, 0x00, 0x3F, 0xFF,
  0xFF, 0xFF, 0xFF, 0xFF, 0xF8, 0x00, 0x00, 0x00, 0x07, 0xFF, 0xFF, 0xFF,
  0xFF, 0xFF, 0xFF, 0x00, 0x00, 0x00, 0x00, 0xFF, 0xFF, 0xFF, 0xFF, 0xFF,
  0xFF, 0xF0, 0x00, 0x00, 0x00, 0x1F, 0xFF, 0xFF, 0xFF, 0xFF, 0xFF, 0xFF,
  0x00, 0x00, 0x00, 0x03, 0xFF, 0xFF, 0xFF, 0xFF, 0xFF, 0xFF, 0xF0, 0x00,
  0x00, 0x00, 0x7F, 0xFF, 0xFF, 0xFF, 0xFF, 0xFF, 0xFF, 0x00, 0x00, 0x00,
  0x0F, 0xFF, 0xFF, 0xFF, 0xFF, 0xFF, 0xFF, 0xE0, 0x00, 0x00, 0x01, 0xFF,
  0xFF, 0xFF, 0xFF, 0xFF, 0xFF, 0xFE, 0x00, 0x00, 0x00, 0x3F, 0xFF, 0xFF,
  0xFF, 0xFF, 0xFF, 0xFF, 0xE0, 0x00, 0x00, 0x07, 0xFF, 0xFF, 0xFF, 0xFF,
  0xFF, 0xFF, 0xFE, 0x00, 0x00, 0x00, 0xFF, 0xFF, 0xFF, 0xFF, 0xFF, 0xFF,
  0xFF, 0xE0, 0x00, 0x00, 0x1F, 0xFF, 0xFF, 0xFF, 0xFF, 0xFF, 0xFF, 0xFC,
  0x00, 0x00, 0x03, 0xFF, 0xFF, 0xFF, 0xFF, 0xFF, 0xFF, 0xFF, 0xC0, 0x00,
  0x00, 0x7F, 0xFF, 0xFF, 0xFF, 0xDF, 0xFF, 0xFF, 0xFC, 0x00, 0x00, 0x0F,
  0xFF, 0xFF, 0xFF, 0xF1, 0xFF, 0xFF, 0xFF, 0xC0, 0x00, 0x01, 0xFF, 0xFF,
  0xFF, 0xF8, 0x1F, 0xFF, 0xFF, 0xFC, 0x00, 0x00, 0x3F, 0xFF, 0xFF, 0xFE,
  0x01, 0xFF, 0xFF, 0xFF, 0x80, 0x00, 0x07, 0xFF, 0xFF, 0xFF, 0x80, 0x3F,
  0xFF, 0xFF, 0xF8, 0x00, 0x00, 0xFF, 0xFF, 0xFF, 0xE0, 0x03, 0xFF, 0xFF,
  0xFF, 0x80, 0x00, 0x1F, 0xFF, 0xFF, 0xF8, 0x00, 0x3F, 0xFF, 0xFF, 0xF8,
  0x00, 0x03, 0xFF, 0xFF, 0xFE, 0x00, 0x03, 0xFF, 0xFF, 0xFF, 0x80, 0x00,
  0x7F, 0xFF, 0xFF, 0x80, 0x00, 0x7F, 0xFF, 0xFF, 0xF0, 0x00, 0x0F, 0xFF,
  0xFF, 0xE0, 0x00, 0x07, 0xFF, 0xFF, 0xFF, 0x00, 0x01, 0xFF, 0xFF, 0xF8,
  0x00, 0x00, 0x7F, 0xFF, 0xFF, 0xF0, 0x00, 0x3F, 0xFF, 0xFE, 0x00, 0x00,
  0x07, 0xFF, 0xFF, 0xFF, 0x00, 0x07, 0xFF, 0xFF, 0xC0, 0x00, 0x00, 0xFF,
  0xFF, 0xFF, 0xF0, 0x00, 0xFF, 0xFF, 0xF8, 0x00, 0x00, 0x0F, 0xFF, 0xFF,
  0xFE, 0x00, 0x1F, 0xFF, 0xFF, 0x00, 0x00, 0x00, 0xFF, 0xFF, 0xFF, 0xE0,
  0x03, 0xFF, 0xFF, 0xE0, 0x00, 0x00, 0x0F, 0xFF, 0xFF, 0xFE, 0x00, 0x7F,
  0xFF, 0xFC, 0x00, 0x00, 0x00, 0xFF, 0xFF, 0xFF, 0xE0, 0x0F, 0xFF, 0xFF,
  0x80, 0x00, 0x00, 0x1F, 0xFF, 0xFF, 0xFE, 0x01, 0xFF, 0xFF, 0xF0, 0x00,
  0x00, 0x01, 0xFF, 0xFF, 0xFF, 0xC0, 0x3F, 0xFF, 0xFE, 0x00, 0x00, 0x00,
  0x1F, 0xFF, 0xFF, 0xFC, 0x07, 0xFF, 0xFF, 0xC0, 0x00, 0x00, 0x01, 0xFF,
  0xFF, 0xFF, 0xC0, 0xFF, 0xFF, 0xF8, 0x00, 0x00, 0x00, 0x3F, 0xFF, 0xFF,
  0xFC, 0x1F, 0xFF, 0xFF, 0x00, 0x00, 0x00, 0x03, 0xFF, 0xFF, 0xFF, 0xC3,
  0xFF, 0xFF, 0xE0, 0x00, 0x00, 0x00, 0x3F, 0xFF, 0xFF, 0xF8, 0x7F, 0xFF,
  0xFC, 0x00, 0x00, 0x00, 0x03, 0xFF, 0xFF, 0xFF, 0x8F, 0xFF, 0xFF, 0x80,
  0x00, 0x00, 0x00, 0x7F, 0xFF, 0xFF, 0xF9, 0xFF, 0xFF, 0xF0, 0x00, 0x00,
  0x00, 0x07, 0xFF, 0xFF, 0xFF, 0x3F, 0xFF, 0xFE, 0x00, 0x00, 0x00, 0x00,
  0x7F, 0xFF, 0xFF, 0xF7, 0xFF, 0xFF, 0xC0, 0x00, 0x00, 0x00, 0x07, 0xFF,
  0xFF, 0xFE, 0xFF, 0xFF, 0xF8, 0x00, 0x00, 0x00, 0x00, 0xFF, 0xFF, 0xFF,
  0xDF, 0xFF, 0xFF, 0x00, 0x00, 0x00, 0x00, 0x0F, 0xFF, 0xFF, 0xFB, 0xFF,
  0xFF, 0xE0, 0x00, 0x00, 0x00, 0x00, 0xFF, 0xFF, 0xFF, 0x7F, 0xFF, 0xFC,
  0x00, 0x00, 0x00, 0x00, 0x0F, 0xFF, 0xFF, 0xEF, 0xFF, 0xFF, 0x80, 0x00,
  0x00, 0x00, 0x00, 0xFF, 0xFF, 0xFD, 0xFF, 0xFF, 0xF0, 0x00, 0x00, 0x00,
  0x00, 0x1F, 0xFF, 0xFF, 0x9F, 0xFF, 0xFC, 0x00, 0x00, 0x00, 0x00, 0x01,
  0xFF, 0xFF, 0xF3, 0xFF, 0xFF, 0x80, 0x00, 0x00, 0x00, 0x00, 0x1F, 0xFF,
  0xFC, 0x3F, 0xFF, 0xE0, 0x00, 0x00, 0x00, 0x00, 0x01, 0xFF, 0xFF, 0x83,
  0xFF, 0xF8, 0x00, 0x00, 0x00, 0x00, 0x00, 0x3F, 0xFF, 0xE0, 0x3F, 0xFE,
  0x00, 0x00, 0x00, 0x00, 0x00, 0x03, 0xFF, 0xF8, 0x03, 0xFF, 0x80, 0x00,
  0x00, 0x00, 0x00, 0x00, 0x1F, 0xFC, 0x00, 0x1F, 0xC0, 0x00, 0x00, 0x00,
  0x00, 0x00, 0x00, 0xFE, 0x00, 0x01, 0xFC, 0x00, 0x00, 0x00, 0x00, 0x00,
  0x00, 0x00, 0x07, 0xFF, 0x00, 0x00, 0x00, 0x00, 0x00, 0x00, 0x00, 0x0F,
  0xFF, 0x80, 0x00, 0x00, 0x00, 0x00, 0x00, 0x00, 0x1F, 0xFF, 0xC0, 0x00,
  0x00, 0x00, 0x00, 0x00, 0x00, 0x3F, 0xFF, 0xE0, 0x00, 0x00, 0x00, 0x00,
  0x00, 0x00, 0x7F, 0xFF, 0xF0, 0x00, 0x00, 0x00, 0x00, 0x00, 0x00, 0x7F,
  0xFF, 0xF0, 0x00, 0x00, 0x00, 0x00, 0x00, 0x00, 0xFF, 0xFF, 0xF8, 0x00,
  0x00, 0x00, 0x00, 0x00, 0x00, 0xFF, 0xFF, 0xF8, 0x00, 0x00, 0x00, 0x00,
  0x00, 0x00, 0xFF, 0xFF, 0xF8, 0x00, 0x00, 0x00, 0x00, 0x00, 0x00, 0xFF,
  0xFF, 0xF8, 0x00, 0x00, 0x00, 0x00, 0x00, 0x00, 0xFF, 0xFF, 0xF8, 0x00,
  0x00, 0x00, 0x00, 0x00, 0x00, 0xFF, 0xFF, 0xF8, 0x00, 0x00, 0x00, 0x00,
  0x00, 0x00, 0xFF, 0xFF, 0xF8, 0x00, 0x00, 0x00, 0x00, 0x00, 0x00, 0xFF,
  0xFF, 0xF8, 0x00, 0x00, 0x00, 0x00, 0x00, 0x00, 0xFF, 0xFF, 0xF8, 0x00,
  0x00, 0x00, 0x00, 0x00, 0x00, 0xFF, 0xFF, 0xF8, 0x00, 0x00, 0x00, 0x00,
  0x00, 0x00, 0xFF, 0xFF, 0xF8, 0x00, 0x00, 0x00, 0x00, 0x00, 0x00, 0xFF,
  0xFF, 0xF8, 0x00, 0x00, 0x00, 0x00, 0x00, 0x00, 0xFF, 0xFF, 0xF8, 0x00,
  0x00, 0x00, 0x00, 0x00, 0x00, 0xFF, 0xFF, 0xF8, 0x00, 0x00, 0x00, 0x00,
  0x00, 0x00, 0xFF, 0xFF, 0xF8, 0x00, 0x00, 0x00, 0x00, 0x00, 0x00, 0xFF,
  0xFF, 0xF8, 0x00, 0x00, 0x00, 0x00, 0x00, 0x00, 0xFF, 0xFF, 0xF8, 0x00,
  0x00, 0x00, 0x00, 0x00, 0x00, 0xFF, 0xFF, 0xF8, 0x00, 0x00, 0x00, 0x00,
  0x00, 0x00, 0xFF, 0xFF, 0xF8, 0x00, 0x00, 0x00, 0x00, 0x00, 0x00, 0xFF,
  0xFF, 0xF8, 0x00, 0x00, 0x00, 0x00, 0x00, 0x00, 0xFF, 0xFF, 0xF8, 0x00,
  0x00, 0x00, 0x00, 0x00, 0x00, 0xFF, 0xFF, 0xF8, 0x00, 0x00, 0x00, 0x00,
  0x00, 0x00, 0xFF, 0xFF, 0xF8, 0x00, 0x00, 0x00, 0x00, 0x00, 0x00, 0xFF,
  0xFF, 0xF8, 0x00, 0x00, 0x00, 0x00, 0x00, 0x00, 0xFF, 0xFF, 0xF8, 0x00,
  0x00, 0x00, 0x00, 0x00, 0x00, 0xFF, 0xFF, 0xF8, 0x00, 0x00, 0x00, 0x00,
  0x00, 0x00, 0xFF, 0xFF, 0xF8, 0x00, 0x00, 0x00, 0x00, 0x00, 0x00, 0xFF,
  0xFF, 0xF8, 0x00, 0x00, 0x00, 0x00, 0x00, 0x00, 0xFF, 0xFF, 0xF8, 0x00,
  0x00, 0x00, 0x00, 0x00, 0x00, 0xFF, 0xFF, 0xF8, 0x00, 0x00, 0x00, 0x00,
  0x00, 0x00, 0xFF, 0xFF, 0xF8, 0x00, 0x00, 0x00, 0x00, 0x00, 0x00, 0xFF,
  0xFF, 0xF8, 0x00, 0x00, 0x00, 0x00, 0x00, 0x00, 0xFF, 0xFF, 0xF8, 0x00,
  0x00, 0x00, 0x00, 0x00, 0x00, 0xFF, 0xFF, 0xF8, 0x00, 0x00, 0x00, 0x00,
  0x00, 0x00, 0xFF, 0xFF, 0xF8, 0x00, 0x00, 0x00, 0x00, 0x00, 0x00, 0xFF,
  0xFF, 0xF8, 0x00, 0x00, 0x00, 0x00, 0x00, 0x00, 0xFF, 0xFF, 0xF8, 0x00,
  0x00, 0x00, 0x00, 0x00, 0x00, 0xFF, 0xFF, 0xF8, 0x00, 0x00, 0x00, 0x00,
  0x00, 0x00, 0xFF, 0xFF, 0xF8, 0x00, 0x00, 0x00, 0x00, 0x00, 0x00, 0xFF,
  0xFF, 0xF8, 0x00, 0x00, 0x00, 0x00, 0x00, 0x00, 0xFF, 0xFF, 0xF8, 0x00,
  0x00, 0x00, 0x00, 0x00, 0x00, 0xFF, 0xFF, 0xF8, 0x00, 0x00, 0x00, 0x00,
  0x00, 0x00, 0xFF, 0xFF, 0xF8, 0x00, 0x00, 0x00, 0x00, 0x00, 0x00, 0xFF,
  0xFF, 0xF8, 0x00, 0x00, 0x00, 0x00, 0x00, 0x00, 0xFF, 0xFF, 0xF8, 0x00,
  0x00, 0x00, 0x00, 0x00, 0x00, 0xFF, 0xFF, 0xF8, 0x00, 0x00, 0x00, 0x00,
  0x00, 0x00, 0xFF, 0xFF, 0xF8, 0x00, 0x00, 0x00, 0x00, 0x00, 0x00, 0xFF,
  0xFF, 0xF8, 0x00, 0x00, 0x00, 0x00, 0x00, 0x00, 0xFF, 0xFF, 0xF8, 0x00,
  0x00, 0x00, 0x00, 0x00, 0x00, 0xFF, 0xFF, 0xF8, 0x00, 0x00, 0x00, 0x00,
  0x00, 0x00, 0xFF, 0xFF, 0xF8, 0x00, 0x00, 0x00, 0x00, 0x00, 0x00, 0xFF,
  0xFF, 0xF8, 0x00, 0x00, 0x00, 0x00, 0x00, 0x00, 0xFF, 0xFF, 0xF8, 0x00,
  0x00, 0x00, 0x00, 0x00, 0x00, 0xFF, 0xFF, 0xF8, 0x00, 0x00, 0x00, 0x00,
  0x00, 0x00, 0xFF, 0xFF, 0xF8, 0x00, 0x00, 0x00, 0x00, 0x00, 0x00, 0xFF,
  0xFF, 0xF8, 0x00, 0x00, 0x00, 0x00, 0x00, 0x00, 0xFF, 0xFF, 0xF8, 0x00,
  0x00, 0x00, 0x00, 0x00, 0x00, 0xFF, 0xFF, 0xF8, 0x00, 0x00, 0x00, 0x00,
  0x00, 0x00, 0xFF, 0xFF, 0xF8, 0x00, 0x00, 0x00, 0x00, 0x00, 0x00, 0xFF,
  0xFF, 0xF8, 0x00, 0x00, 0x00, 0x00, 0x00, 0x00, 0xFF, 0xFF, 0xF8, 0x00,
  0x00, 0x00, 0x00, 0x00, 0x00, 0xFF, 0xFF, 0xF8, 0x00, 0x00, 0x00, 0x00,
  0x00, 0x00, 0xFF, 0xFF, 0xF8, 0x00, 0x00, 0x00, 0x00, 0x00, 0x00, 0xFF,
  0xFF, 0xF8, 0x00, 0x00, 0x00, 0x00, 0x00, 0x00, 0xFF, 0xFF, 0xF8, 0x00,
  0x00, 0x00, 0x00, 0x00, 0x00, 0xFF, 0xFF, 0xF8, 0x00, 0x00, 0x00, 0x00,
  0x00, 0x00, 0xFF, 0xFF, 0xF8, 0x00, 0x00, 0x00, 0x00, 0x00, 0x00, 0xFF,
  0xFF, 0xF8, 0x00, 0x00, 0x00, 0x00, 0x00, 0x00, 0xFF, 0xFF, 0xF8, 0x00,
  0x00, 0x00, 0x00, 0x00, 0x00, 0xFF, 0xFF, 0xF8, 0x00, 0x00, 0x00, 0x00,
  0x00, 0x00, 0xFF, 0xFF, 0xF8, 0x00, 0x00, 0x00, 0x00, 0x00, 0x00, 0xFF,
  0xFF, 0xF8, 0x00, 0x00, 0x00, 0x00, 0x00, 0x00, 0xFF, 0xFF, 0xF8, 0x00,
  0x00, 0x00, 0x00, 0x00, 0x00, 0xFF, 0xFF, 0xFF, 0xFF, 0xFF, 0xFF, 0xFF,
  0xFF, 0x80, 0xFF, 0xFF, 0xFF, 0xFF, 0xFF, 0xFF, 0xFF, 0xFF, 0xE0, 0xFF,
  0xFF, 0xFF, 0xFF, 0xFF, 0xFF, 0xFF, 0xFF, 0xF0, 0xFF, 0xFF, 0xFF, 0xFF,
  0xFF, 0xFF, 0xFF, 0xFF, 0xF8, 0xFF, 0xFF, 0xFF, 0xFF, 0xFF, 0xFF, 0xFF,
  0xFF, 0xFC, 0xFF, 0xFF, 0xFF, 0xFF, 0xFF, 0xFF, 0xFF, 0xFF, 0xFC, 0xFF,
  0xFF, 0xFF, 0xFF, 0xFF, 0xFF, 0xFF, 0xFF, 0xFE, 0xFF, 0xFF, 0xFF, 0xFF,
  0xFF, 0xFF, 0xFF, 0xFF, 0xFE, 0xFF, 0xFF, 0xFF, 0xFF, 0xFF, 0xFF, 0xFF,
  0xFF, 0xFE, 0xFF, 0xFF, 0xFF, 0xFF, 0xFF, 0xFF, 0xFF, 0xFF, 0xFE, 0xFF,
  0xFF, 0xFF, 0xFF, 0xFF, 0xFF, 0xFF, 0xFF, 0xFE, 0xFF, 0xFF, 0xFF, 0xFF,
  0xFF, 0xFF, 0xFF, 0xFF, 0xFE, 0xFF, 0xFF, 0xFF, 0xFF, 0xFF, 0xFF, 0xFF,
  0xFF, 0xFE, 0x7F, 0xFF, 0xFF, 0xFF, 0xFF, 0xFF, 0xFF, 0xFF, 0xFE, 0x7F,
  0xFF, 0xFF, 0xFF, 0xFF, 0xFF, 0xFF, 0xFF, 0xFC, 0x3F, 0xFF, 0xFF, 0xFF,
  0xFF, 0xFF, 0xFF, 0xFF, 0xFC, 0x1F, 0xFF, 0xFF, 0xFF, 0xFF, 0xFF, 0xFF,
  0xFF, 0xF8, 0x0F, 0xFF, 0xFF, 0xFF, 0xFF, 0xFF, 0xFF, 0xFF, 0xF0, 0x07,
  0xFF, 0xFF, 0xFF, 0xFF, 0xFF, 0xFF, 0xFF, 0xE0, 0x01, 0xFF, 0xFF, 0xFF,
  0xFF, 0xFF, 0xFF, 0xFF, 0x80, 0x01, 0xFF, 0x80, 0x00, 0x00, 0x00, 0x00,
  0x00, 0x00, 0x00, 0x7F, 0xE0, 0x01, 0xFF, 0xF8, 0x00, 0x00, 0x00, 0x00,
  0x00, 0x00, 0x00, 0x7F, 0xFE, 0x00, 0xFF, 0xFF, 0x00, 0x00, 0x00, 0x00,
  0x00, 0x00, 0x00, 0x3F, 0xFF, 0xC0, 0x7F, 0xFF, 0xE0, 0x00, 0x00, 0x00,
  0x00, 0x00, 0x00, 0x1F, 0xFF, 0xF8, 0x3F, 0xFF, 0xFC, 0x00, 0x00, 0x00,
  0x00, 0x00, 0x00, 0x0F, 0xFF, 0xFF, 0x1F, 0xFF, 0xFF, 0x80, 0x00, 0x00,
  0x00, 0x00, 0x00, 0x07, 0xFF, 0xFF, 0xE7, 0xFF, 0xFF, 0xF0, 0x00, 0x00,
  0x00, 0x00, 0x00, 0x01, 0xFF, 0xFF, 0xFB, 0xFF, 0xFF, 0xFC, 0x00, 0x00,
  0x00, 0x00, 0x00, 0x00, 0xFF, 0xFF, 0xFF, 0xFF, 0xFF, 0xFF, 0x80, 0x00,
  0x00, 0x00, 0x00, 0x00, 0x7F, 0xFF, 0xFF, 0xFF, 0xFF, 0xFF, 0xE0, 0x00,
  0x00, 0x00, 0x00, 0x00, 0x1F, 0xFF, 0xFF, 0xFF, 0xFF, 0xFF, 0xFC, 0x00,
  0x00, 0x00, 0x00, 0x00, 0x0F, 0xFF, 0xFF, 0xFF, 0xFF, 0xFF, 0xFF, 0x80,
  0x00, 0x00, 0x00, 0x00, 0x03, 0xFF, 0xFF, 0xFF, 0xFF, 0xFF, 0xFF, 0xE0,
  0x00, 0x00, 0x00, 0x00, 0x01, 0xFF, 0xFF, 0xFF, 0xFF, 0xFF, 0xFF, 0xFC,
  0x00, 0x00, 0x00, 0x00, 0x00, 0xFF, 0xFF, 0xFF, 0xFF, 0xFF, 0xFF, 0xFF,
  0x00, 0x00, 0x00, 0x00, 0x00, 0x3F, 0xFF, 0xFF, 0xFF, 0xFF, 0xFF, 0xFF,
  0xE0, 0x00, 0x00, 0x00, 0x00, 0x1F, 0xFF, 0xFF, 0xFF, 0xFF, 0xFF, 0xFF,
  0xFC, 0x00, 0x00, 0x00, 0x00, 0x07, 0xFF, 0xFF, 0xFF, 0xFF, 0xFF, 0xFF,
  0xFF, 0x00, 0x00, 0x00, 0x00, 0x03, 0xFF, 0xFF, 0xFF, 0xFF, 0xFF, 0xFF,
  0xFF, 0xE0, 0x00, 0x00, 0x00, 0x01, 0xFF, 0xFF, 0xFF, 0xFF, 0xFF, 0xFF,
  0xFF, 0xFC, 0x00, 0x00, 0x00, 0x00, 0x7F, 0xFF, 0xFF, 0xFF, 0xFF, 0xFF,
  0xFF, 0xFF, 0x00, 0x00, 0x00, 0x00, 0x3F, 0xFF, 0xFF, 0xFF, 0xFF, 0xFF,
  0xFF, 0xFF, 0xE0, 0x00, 0x00, 0x00, 0x1F, 0xFF, 0xFF, 0xFF, 0xFF, 0xFF,
  0xFF, 0xFF, 0xF8, 0x00, 0x00, 0x00, 0x07, 0xFF, 0xFF, 0xFF, 0xFF, 0xFF,
  0xFF, 0xFF, 0xFF, 0x00, 0x00, 0x00, 0x03, 0xFF, 0xFF, 0xFF, 0xFF, 0xFF,
  0xFF, 0xFF, 0xFF, 0xE0, 0x00, 0x00, 0x00, 0xFF, 0xFF, 0xFF, 0xFF, 0xFF,
  0xFF, 0xFF, 0xFF, 0xF8, 0x00, 0x00, 0x00, 0x7F, 0xFF, 0xFF, 0xFF, 0xFF,
  0xFF, 0xFF, 0xFF, 0xFF, 0x00, 0x00, 0x00, 0x3F, 0xFF, 0xFF, 0xFF, 0xFF,
  0xFF, 0xFF, 0xFF, 0xFF, 0xC0, 0x00, 0x00, 0x0F, 0xFF, 0xFF, 0xFF, 0xFF,
  0xFF, 0xFF, 0xFF, 0xFF, 0xF8, 0x00, 0x00, 0x07, 0xFF, 0xFF, 0xFF, 0xFF,
  0xFF, 0xFF, 0xFF, 0xFF, 0xFF, 0x00, 0x00, 0x01, 0xFF, 0xFF, 0xFF, 0xFF,
  0xFF, 0xFF, 0xFF, 0xFF, 0xFF, 0xC0, 0x00, 0x00, 0xFF, 0xFF, 0xFF, 0xFF,
  0xFF, 0xFF, 0xFF, 0xFF, 0xFF, 0xF8, 0x00, 0x00, 0x7F, 0xFF, 0xFF, 0xFF,
  0xFF, 0xFF, 0xFF, 0xFF, 0xFF, 0xFE, 0x00, 0x00, 0x1F, 0xFF, 0xFF, 0xFF,
  0xFF, 0xFF, 0xFF, 0xFF, 0xFF, 0xFF, 0xC0, 0x00, 0x0F, 0xFF, 0xFF, 0xFF,
  0xFF, 0xFF, 0xFF, 0xFF, 0xFF, 0xFF, 0xF8, 0x00, 0x03, 0xFF, 0xFF, 0xFF,
  0xFF, 0xFF, 0xFF, 0xFF, 0xFF, 0xFF, 0xFE, 0x00, 0x01, 0xFF, 0xFF, 0xFF,
  0xFF, 0xFF, 0xFF, 0xFF, 0xFF, 0xFF, 0xFF, 0xC0, 0x00, 0xFF, 0xFF, 0xFF,
  0xFF, 0xFF, 0xFF, 0xFF, 0xFF, 0xFF, 0xFF, 0xF8, 0x00, 0x3F, 0xFF, 0xFF,
  0xFF, 0xFF, 0xFF, 0xFF, 0xFF, 0xFF, 0xFF, 0xFE, 0x00, 0x1F, 0xFF, 0xFF,
  0xFF, 0xFF, 0xFF, 0xFF, 0xFF, 0xFF, 0xFF, 0xFF, 0xC0, 0x07, 0xFF, 0xFF,
  0xFF, 0xFF, 0xFF, 0xFF, 0xFF, 0xFF, 0xFF, 0xFF, 0xF0, 0x03, 0xFF, 0xFF,
  0xFF, 0xFF, 0xFF, 0xFF, 0xFF, 0xFE, 0xFF, 0xFF, 0xFE, 0x01, 0xFF, 0xFF,
  0xFD, 0xFF, 0xFF, 0xFF, 0xFF, 0xFF, 0xBF, 0xFF, 0xFF, 0xC0, 0x7F, 0xFF,
  0xFE, 0x7F, 0xFF, 0xFF, 0xFF, 0xFF, 0xE7, 0xFF, 0xFF, 0xF0, 0x3F, 0xFF,
  0xFF, 0x9F, 0xFF, 0xFF, 0xFF, 0xFF, 0xF8, 0xFF, 0xFF, 0xFE, 0x1F, 0xFF,
  0xFF, 0xC7, 0xFF, 0xFF, 0xFF, 0xFF, 0xFE, 0x3F, 0xFF, 0xFF, 0x87, 0xFF,
  0xFF, 0xE1, 0xFF, 0xFF, 0xFF, 0xFF, 0xFF, 0x87, 0xFF, 0xFF, 0xF3, 0xFF,
  0xFF, 0xF8, 0x7F, 0xFF, 0xFF, 0xFF, 0xFF, 0xE0, 0xFF, 0xFF, 0xFE, 0xFF,
  0xFF, 0xFC, 0x1F, 0xFF, 0xFF, 0xFF, 0xFF, 0xF8, 0x3F, 0xFF, 0xFF, 0xFF,
  0xFF, 0xFF, 0x07, 0xFF, 0xFF, 0xFF, 0xFF, 0xFE, 0x07, 0xFF, 0xFF, 0xFF,
  0xFF, 0xFF, 0x81, 0xFF, 0xFF, 0xFF, 0xFF, 0xFF, 0x80, 0xFF, 0xFF, 0xFF,
  0xFF, 0xFF, 0xC0, 0x7F, 0xFF, 0xFF, 0xFF, 0xFF, 0xE0, 0x3F, 0xFF, 0xFF,
  0xFF, 0xFF, 0xF0, 0x1F, 0xFF, 0xFF, 0xFF, 0xFF, 0xF8, 0x07, 0xFF, 0xFF,
  0xFF, 0xFF, 0xF8, 0x07, 0xFF, 0xFF, 0xFF, 0xFF, 0xFE, 0x00, 0xFF, 0xFF,
  0xFF, 0xFF, 0xFC, 0x01, 0xFF, 0xFF, 0xFF, 0xFF, 0xFF, 0x80, 0x3F, 0xFF,
  0xFF, 0xFF, 0xFF, 0x00, 0x7F, 0xFF, 0xFF, 0xFF, 0xFF, 0xE0, 0x07, 0xFF,
  0xFF, 0xFF, 0xFF, 0x80, 0x1F, 0xFF, 0xFF, 0xFF, 0xFF, 0xF8, 0x01, 0xFF,
  0xFF, 0xFF, 0xFF, 0xC0, 0x07, 0xFF, 0xFF, 0xFF, 0xFF, 0xFE, 0x00, 0x3F,
  0xFF, 0xFF, 0xFF, 0xF0, 0x01, 0xFF, 0xFF, 0xFF, 0xFF, 0xFF, 0x80, 0x07,
  0xFF, 0xFF, 0xFF, 0xF8, 0x00, 0x7F, 0xFF, 0xFF, 0xFF, 0xFF, 0xE0, 0x01,
  0xFF, 0xFF, 0xFF, 0xFC, 0x00, 0x1F, 0xFF, 0xFF, 0xFF, 0xFF, 0xF8, 0x00,
  0x3F, 0xFF, 0xFF, 0xFF, 0x00, 0x07, 0xFF, 0xFF, 0xFF, 0xFF, 0xFE, 0x00,
  0x07, 0xFF, 0xFF, 0xFF, 0x80, 0x01, 0xFF, 0xFF, 0xFF, 0xFF, 0xFF, 0x80,
  0x01, 0xFF, 0xFF, 0xFF, 0xC0, 0x00, 0x7F, 0xFF, 0xFF, 0xFF, 0xFF, 0xE0,
  0x00, 0x3F, 0xFF, 0xFF, 0xF0, 0x00, 0x1F, 0xFF, 0xFF, 0xFF, 0xFF, 0xF8,
  0x00, 0x07, 0xFF, 0xFF, 0xF8, 0x00, 0x07, 0xFF, 0xFF, 0xFF, 0xFF, 0xFE,
  0x00, 0x01, 0xFF, 0xFF, 0xFC, 0x00, 0x01, 0xFF, 0xFF, 0xFF, 0xFF, 0xFF,
  0x80, 0x00, 0x3F, 0xFF, 0xFF, 0x00, 0x00, 0x7F, 0xFF, 0xFF, 0xFF, 0xFF,
  0xE0, 0x00, 0x07, 0xFF, 0xFF, 0x80, 0x00, 0x1F, 0xFF, 0xFF, 0xFF, 0xFF,
  0xF8, 0x00, 0x01, 0xFF, 0xFF, 0xE0, 0x00, 0x07, 0xFF, 0xFF, 0xFF, 0xFF,
  0xFE, 0x00, 0x00, 0x3F, 0xFF, 0xF0, 0x00, 0x01, 0xFF, 0xFF, 0xFF, 0xFF,
  0xFF, 0x80, 0x00, 0x07, 0xFF, 0xF8, 0x00, 0x00, 0x7F, 0xFF, 0xFF, 0xFF,
  0xFF, 0xE0, 0x00, 0x00, 0xFF, 0xFC, 0x00, 0x00, 0x1F, 0xFF, 0xFF, 0xFF,
  0xFF, 0xF8, 0x00, 0x00, 0x1F, 0xFE, 0x00, 0x00, 0x07, 0xFF, 0xFF, 0xFF,
  0xFF, 0xFE, 0x00, 0x00, 0x03, 0xFF, 0x00, 0x00, 0x01, 0xFF, 0xFF, 0xFF,
  0xFF, 0xFF, 0x80, 0x00, 0x00, 0x3E, 0x00, 0x00, 0x00, 0x7F, 0xFF, 0xFF,
  0xFF, 0xFF, 0xE0, 0x00, 0x00, 0x00, 0x00, 0x00, 0x00, 0x1F, 0xFF, 0xFF,
  0xFF, 0xFF, 0xF8, 0x00, 0x00, 0x00, 0x00, 0x00, 0x00, 0x07, 0xFF, 0xFF,
  0xFF, 0xFF, 0xFE, 0x00, 0x00, 0x00, 0x00, 0x00, 0x00, 0x01, 0xFF, 0xFF,
  0xFF, 0xFF, 0xFF, 0x80, 0x00, 0x00, 0x00, 0x00, 0x00, 0x00, 0x7F, 0xFF,
  0xFF, 0xFF, 0xFF, 0xE0, 0x00, 0x00, 0x00, 0x00, 0x00, 0x00, 0x1F, 0xFF,
  0xFF, 0xFF, 0xFF, 0xF8, 0x00, 0x00, 0x00, 0x00, 0x00, 0x00, 0x07, 0xFF,
  0xFF, 0xFF, 0xFF, 0xFE, 0x00, 0x00, 0x00, 0x00, 0x00, 0x00, 0x01, 0xFF,
  0xFF, 0xFF, 0xFF, 0xFF, 0x80, 0x00, 0x00, 0x00, 0x00, 0x00, 0x00, 0x7F,
  0xFF, 0xFF, 0xFF, 0xFF, 0xE0, 0x00, 0x00, 0x00, 0x00, 0x00, 0x00, 0x1F,
  0xFF, 0xFF, 0xFF, 0xFF, 0xF8, 0x00, 0x00, 0x00, 0x00, 0x00, 0x00, 0x07,
  0xFF, 0xFF, 0xFF, 0xFF, 0xFE, 0x00, 0x00, 0x00, 0x00, 0x00, 0x00, 0x01,
  0xFF, 0xFF, 0xFF, 0xFF, 0xFF, 0x80, 0x00, 0x00, 0x00, 0x00, 0x00, 0x00,
  0x7F, 0xFF, 0xFF, 0xFF, 0xFF, 0xE0, 0x00, 0x00, 0x00, 0x00, 0x00, 0x00,
  0x1F, 0xFF, 0xFF, 0xFF, 0xFF, 0xF8, 0x00, 0x00, 0x00, 0x00, 0x00, 0x00,
  0x07, 0xFF, 0xFF, 0xFF, 0xFF, 0xFE, 0x00, 0x00, 0x00, 0x00, 0x00, 0x00,
  0x01, 0xFF, 0xFF, 0xFF, 0xFF, 0xFF, 0x80, 0x00, 0x00, 0x00, 0x00, 0x00,
  0x00, 0x7F, 0xFF, 0xFF, 0xFF, 0xFF, 0xE0, 0x00, 0x00, 0x00, 0x00, 0x00,
  0x00, 0x1F, 0xFF, 0xFF, 0xFF, 0xFF, 0xF8, 0x00, 0x00, 0x00, 0x00, 0x00,
  0x00, 0x07, 0xFF, 0xFF, 0xDF, 0xFF, 0xFC, 0x00, 0x00, 0x00, 0x00, 0x00,
  0x00, 0x00, 0xFF, 0xFF, 0xE7, 0xFF, 0xFF, 0x00, 0x00, 0x00, 0x00, 0x00,
  0x00, 0x00, 0x3F, 0xFF, 0xF8, 0xFF, 0xFF, 0x80, 0x00, 0x00, 0x00, 0x00,
  0x00, 0x00, 0x07, 0xFF, 0xFC, 0x3F, 0xFF, 0xC0, 0x00, 0x00, 0x00, 0x00,
  0x00, 0x00, 0x00, 0xFF, 0xFE, 0x07, 0xFF, 0xE0, 0x00, 0x00, 0x00, 0x00,
  0x00, 0x00, 0x00, 0x1F, 0xFF, 0x00, 0x7F, 0xF0, 0x00, 0x00, 0x00, 0x00,
  0x00, 0x00, 0x00, 0x03, 0xFF, 0x80, 0x07, 0xF0, 0x00, 0x00, 0x00, 0x00,
  0x00, 0x00, 0x00, 0x00, 0x3F, 0x80, 0x00, 0x00, 0x00, 0x00, 0x00, 0x00,
  0x00, 0x00, 0x00, 0x3F, 0x80, 0x00, 0xFF, 0x80, 0x00, 0x00, 0x00, 0x00,
  0x00, 0x00, 0xFF, 0xE0, 0x07, 0xFF, 0xE0, 0x00, 0x00, 0x00, 0x00, 0x00,
  0x01, 0xFF, 0xF0, 0x0F, 0xFF, 0xF8, 0x00, 0x00, 0x00, 0x00, 0x00, 0x03,
  0xFF, 0xF8, 0x1F, 0xFF, 0xFC, 0x00, 0x00, 0x00, 0x00, 0x00, 0x07, 0xFF,
  0xFC, 0x3F, 0xFF, 0xFE, 0x00, 0x00, 0x00, 0x00, 0x00, 0x0F, 0xFF, 0xFE,
  0x7F, 0xFF, 0xFF, 0x00, 0x00, 0x00, 0x00, 0x00, 0x0F, 0xFF, 0xFE, 0x7F,
  0xFF, 0xFF, 0x80, 0x00, 0x00, 0x00, 0x00, 0x1F, 0xFF, 0xFF, 0xFF, 0xFF,
  0xFF, 0xC0, 0x00, 0x00, 0x00, 0x00, 0x1F, 0xFF, 0xFF, 0xFF, 0xFF, 0xFF,
  0xC0, 0x00, 0x00, 0x00, 0x00, 0x1F, 0xFF, 0xFF, 0xFF, 0xFF, 0xFF, 0xE0,
  0x00, 0x00, 0x00, 0x00, 0x1F, 0xFF, 0xFF, 0xFF, 0xFF, 0xFF, 0xF0, 0x00,
  0x00, 0x00, 0x00, 0x1F, 0xFF, 0xFF, 0xFF, 0xFF, 0xFF, 0xF8, 0x00, 0x00,
  0x00, 0x00, 0x1F, 0xFF, 0xFF, 0xFF, 0xFF, 0xFF, 0xF8, 0x00, 0x00, 0x00,
  0x00, 0x1F, 0xFF, 0xFF, 0xFF, 0xFF, 0xFF, 0xFC, 0x00, 0x00, 0x00, 0x00,
  0x1F, 0xFF, 0xFF, 0xFF, 0xFF, 0xFF, 0xFE, 0x00, 0x00, 0x00, 0x00, 0x1F,
  0xFF, 0xFF, 0xFF, 0xFF, 0xFF, 0xFF, 0x00, 0x00, 0x00, 0x00, 0x1F, 0xFF,
  0xFF, 0xFF, 0xFF, 0xFF, 0xFF, 0x80, 0x00, 0x00, 0x00, 0x1F, 0xFF, 0xFF,
  0xFF, 0xFF, 0xFF, 0xFF, 0x80, 0x00, 0x00, 0x00, 0x1F, 0xFF, 0xFF, 0xFF,
  0xFF, 0xFF, 0xFF, 0xC0, 0x00, 0x00, 0x00, 0x1F, 0xFF, 0xFF, 0xFF, 0xFF,
  0xFF, 0xFF, 0xE0, 0x00, 0x00, 0x00, 0x1F, 0xFF, 0xFF, 0xFF, 0xFF, 0xFF,
  0xFF, 0xF0, 0x00, 0x00, 0x00, 0x1F, 0xFF, 0xFF, 0xFF, 0xFF, 0xFF, 0xFF,
  0xF0, 0x00, 0x00, 0x00, 0x1F, 0xFF, 0xFF, 0xFF, 0xFF, 0xFF, 0xFF, 0xF8,
  0x00, 0x00, 0x00, 0x1F, 0xFF, 0xFF, 0xFF, 0xFF, 0xFF, 0xFF, 0xFC, 0x00,
  0x00, 0x00, 0x1F, 0xFF, 0xFF, 0xFF, 0xFF, 0xFF, 0xFF, 0xFE, 0x00, 0x00,
  0x00, 0x1F, 0xFF, 0xFF, 0xFF, 0xFF, 0xFF, 0xFF, 0xFF, 0x00, 0x00, 0x00,
  0x1F, 0xFF, 0xFF, 0xFF, 0xFF, 0xFF, 0xFF, 0xFF, 0x00, 0x00, 0x00, 0x1F,
  0xFF, 0xFF, 0xFF, 0xFF, 0xFF, 0xFF, 0xFF, 0x80, 0x00, 0x00, 0x1F, 0xFF,
  0xFF, 0xFF, 0xFF, 0xFF, 0xFF, 0xFF, 0xC0, 0x00, 0x00, 0x1F, 0xFF, 0xFF,
  0xFF, 0xFF, 0xFF, 0xFF, 0xFF, 0xE0, 0x00, 0x00, 0x1F, 0xFF, 0xFF, 0xFF,
  0xFF, 0xFF, 0xFF, 0xFF, 0xE0, 0x00, 0x00, 0x1F, 0xFF, 0xFF, 0xFF, 0xFF,
  0xFF, 0xFF, 0xFF, 0xF0, 0x00, 0x00, 0x1F, 0xFF, 0xFF, 0xFF, 0xFF, 0xFF,
  0xFF, 0xFF, 0xF8, 0x00, 0x00, 0x1F, 0xFF, 0xFF, 0xFF, 0xFF, 0xFF, 0xFF,
  0xFF, 0xFC, 0x00, 0x00, 0x1F, 0xFF, 0xFF, 0xFF, 0xFF, 0xFF, 0xFF, 0xFF,
  0xFE, 0x00, 0x00, 0x1F, 0xFF, 0xFF, 0xFF, 0xFF, 0xFF, 0xFF, 0xFF, 0xFE,
  0x00, 0x00, 0x1F, 0xFF, 0xFF, 0xFF, 0xFF, 0xFF, 0xFF, 0xFF, 0xFF, 0x00,
  0x00, 0x1F, 0xFF, 0xFF, 0xFF, 0xFF, 0xFB, 0xFF, 0xFF, 0xFF, 0x80, 0x00,
  0x1F, 0xFF, 0xFF, 0xFF, 0xFF, 0xF9, 0xFF, 0xFF, 0xFF, 0xC0, 0x00, 0x1F,
  0xFF, 0xFF, 0xFF, 0xFF, 0xF8, 0xFF, 0xFF, 0xFF, 0xC0, 0x00, 0x1F, 0xFF,
  0xFF, 0xFF, 0xFF, 0xF8, 0xFF, 0xFF, 0xFF, 0xE0, 0x00, 0x1F, 0xFF, 0xFF,
  0xFF, 0xFF, 0xF8, 0x7F, 0xFF, 0xFF, 0xF0, 0x00, 0x1F, 0xFF, 0xFF, 0xFF,
  0xFF, 0xF8, 0x3F, 0xFF, 0xFF, 0xF8, 0x00, 0x1F, 0xFF, 0xFF, 0xFF, 0xFF,
  0xF8, 0x1F, 0xFF, 0xFF, 0xFC, 0x00, 0x1F, 0xFF, 0xFF, 0xFF, 0xFF, 0xF8,
  0x1F, 0xFF, 0xFF, 0xFC, 0x00, 0x1F, 0xFF, 0xFF, 0xFF, 0xFF, 0xF8, 0x0F,
  0xFF, 0xFF, 0xFE, 0x00, 0x1F, 0xFF, 0xFF, 0xFF, 0xFF, 0xF8, 0x07, 0xFF,
  0xFF, 0xFF, 0x00, 0x1F, 0xFF, 0xFF, 0xFF, 0xFF, 0xF8, 0x03, 0xFF, 0xFF,
  0xFF, 0x80, 0x1F, 0xFF, 0xFF, 0xFF, 0xFF, 0xF8, 0x01, 0xFF, 0xFF, 0xFF,
  0x80, 0x1F, 0xFF, 0xFF, 0xFF, 0xFF, 0xF8, 0x01, 0xFF, 0xFF, 0xFF, 0xC0,
  0x1F, 0xFF, 0xFF, 0xFF, 0xFF, 0xF8, 0x00, 0xFF, 0xFF, 0xFF, 0xE0, 0x1F,
  0xFF, 0xFF, 0xFF, 0xFF, 0xF8, 0x00, 0x7F, 0xFF, 0xFF, 0xF0, 0x1F, 0xFF,
  0xFF, 0xFF, 0xFF, 0xF8, 0x00, 0x3F, 0xFF, 0xFF, 0xF8, 0x1F, 0xFF, 0xFF,
  0xFF, 0xFF, 0xF8, 0x00, 0x3F, 0xFF, 0xFF, 0xF8, 0x1F, 0xFF, 0xFF, 0xFF,
  0xFF, 0xF8, 0x00, 0x1F, 0xFF, 0xFF, 0xFC, 0x1F, 0xFF, 0xFF, 0xFF, 0xFF,
  0xF8, 0x00, 0x0F, 0xFF, 0xFF, 0xFE, 0x1F, 0xFF, 0xFF, 0xFF, 0xFF, 0xF8,
  0x00, 0x07, 0xFF, 0xFF, 0xFF, 0x1F, 0xFF, 0xFF, 0xFF, 0xFF, 0xF8, 0x00,
  0x03, 0xFF, 0xFF, 0xFF, 0x1F, 0xFF, 0xFF, 0xFF, 0xFF, 0xF8, 0x00, 0x03,
  0xFF, 0xFF, 0xFF, 0x9F, 0xFF, 0xFF, 0xFF, 0xFF, 0xF8, 0x00, 0x01, 0xFF,
  0xFF, 0xFF, 0xDF, 0xFF, 0xFF, 0xFF, 0xFF, 0xF8, 0x00, 0x00, 0xFF, 0xFF,
  0xFF, 0xFF, 0xFF, 0xFF, 0xFF, 0xFF, 0xF8, 0x00, 0x00, 0x7F, 0xFF, 0xFF,
  0xFF, 0xFF, 0xFF, 0xFF, 0xFF, 0xF8, 0x00, 0x00, 0x7F, 0xFF, 0xFF, 0xFF,
  0xFF, 0xFF, 0xFF, 0xFF, 0xF8, 0x00, 0x00, 0x3F, 0xFF, 0xFF, 0xFF, 0xFF,
  0xFF, 0xFF, 0xFF, 0xF8, 0x00, 0x00, 0x1F, 0xFF, 0xFF, 0xFF, 0xFF, 0xFF,
  0xFF, 0xFF, 0xF8, 0x00, 0x00, 0x0F, 0xFF, 0xFF, 0xFF, 0xFF, 0xFF, 0xFF,
  0xFF, 0xF8, 0x00, 0x00, 0x07, 0xFF, 0xFF, 0xFF, 0xFF, 0xFF, 0xFF, 0xFF,
  0xF8, 0x00, 0x00, 0x07, 0xFF, 0xFF, 0xFF, 0xFF, 0xFF, 0xFF, 0xFF, 0xF8,
  0x00, 0x00, 0x03, 0xFF, 0xFF, 0xFF, 0xFF, 0xFF, 0xFF, 0xFF, 0xF8, 0x00,
  0x00, 0x01, 0xFF, 0xFF, 0xFF, 0xFF, 0xFF, 0xFF, 0xFF, 0xF8, 0x00, 0x00,
  0x00, 0xFF, 0xFF, 0xFF, 0xFF, 0xFF, 0xFF, 0xFF, 0xF8, 0x00, 0x00, 0x00,
  0xFF, 0xFF, 0xFF, 0xFF, 0xFF, 0xFF, 0xFF, 0xF8, 0x00, 0x00, 0x00, 0x7F,
  0xFF, 0xFF, 0xFF, 0xFF, 0xFF, 0xFF, 0xF8, 0x00, 0x00, 0x00, 0x3F, 0xFF,
  0xFF, 0xFF, 0xFF, 0xFF, 0xFF, 0xF8, 0x00, 0x00, 0x00, 0x1F, 0xFF, 0xFF,
  0xFF, 0xFF, 0xFF, 0xFF, 0xF8, 0x00, 0x00, 0x00, 0x0F, 0xFF, 0xFF, 0xFF,
  0xFF, 0xFF, 0xFF, 0xF8, 0x00, 0x00, 0x00, 0x0F, 0xFF, 0xFF, 0xFF, 0xFF,
  0xFF, 0xFF, 0xF8, 0x00, 0x00, 0x00, 0x07, 0xFF, 0xFF, 0xFF, 0xFF, 0xFF,
  0xFF, 0xF8, 0x00, 0x00, 0x00, 0x03, 0xFF, 0xFF, 0xFF, 0xFF, 0xFF, 0xFF,
  0xF8, 0x00, 0x00, 0x00, 0x01, 0xFF, 0xFF, 0xFF, 0xFF, 0xFF, 0xFF, 0xF8,
  0x00, 0x00, 0x00, 0x01, 0xFF, 0xFF, 0xFF, 0xFF, 0xFF, 0xFF, 0xF8, 0x00,
  0x00, 0x00, 0x00, 0xFF, 0xFF, 0xFF, 0xFF, 0xFF, 0xFF, 0xF8, 0x00, 0x00,
  0x00, 0x00, 0x7F, 0xFF, 0xFF, 0xFF, 0xFF, 0xFF, 0xF8, 0x00, 0x00, 0x00,
  0x00, 0x3F, 0xFF, 0xFF, 0xFF, 0xFF, 0xFF, 0xF8, 0x00, 0x00, 0x00, 0x00,
  0x1F, 0xFF, 0xFF, 0xFF, 0xFF, 0xFF, 0xF8, 0x00, 0x00, 0x00, 0x00, 0x1F,
  0xFF, 0xFF, 0xFF, 0xFF, 0xFF, 0xF8, 0x00, 0x00, 0x00, 0x00, 0x0F, 0xFF,
  0xFF, 0xFF, 0xFF, 0xFF, 0xF8, 0x00, 0x00, 0x00, 0x00, 0x07, 0xFF, 0xFF,
  0xFF, 0xFF, 0xFF, 0xF8, 0x00, 0x00, 0x00, 0x00, 0x03, 0xFF, 0xFF, 0xFF,
  0xFF, 0xFF, 0xF8, 0x00, 0x00, 0x00, 0x00, 0x03, 0xFF, 0xFF, 0xFF, 0xFF,
  0xFF, 0xF8, 0x00, 0x00, 0x00, 0x00, 0x01, 0xFF, 0xFF, 0xFF, 0xFF, 0xFF,
  0xF8, 0x00, 0x00, 0x00, 0x00, 0x00, 0xFF, 0xFF, 0xFE, 0xFF, 0xFF, 0xF8,
  0x00, 0x00, 0x00, 0x00, 0x00, 0x7F, 0xFF, 0xFE, 0x7F, 0xFF, 0xF0, 0x00,
  0x00, 0x00, 0x00, 0x00, 0x3F, 0xFF, 0xFE, 0x7F, 0xFF, 0xF0, 0x00, 0x00,
  0x00, 0x00, 0x00, 0x3F, 0xFF, 0xFC, 0x3F, 0xFF, 0xE0, 0x00, 0x00, 0x00,
  0x00, 0x00, 0x1F, 0xFF, 0xF8, 0x1F, 0xFF, 0xC0, 0x00, 0x00, 0x00, 0x00,
  0x00, 0x07, 0xFF, 0xF0, 0x0F, 0xFF, 0x80, 0x00, 0x00, 0x00, 0x00, 0x00,
  0x03, 0xFF, 0xE0, 0x07, 0xFF, 0x00, 0x00, 0x00, 0x00, 0x00, 0x00, 0x00,
  0xFF, 0x80, 0x01, 0xFC, 0x00, 0x00, 0x00, 0x00, 0x00, 0x00, 0x00, 0x00,
  0x00, 0x00, 0x00, 0x00, 0x00, 0x00, 0x07, 0xFF, 0xF8, 0x00, 0x00, 0x00,
  0x00, 0x00, 0x00, 0x00, 0x00, 0x00, 0x00, 0x7F, 0xFF, 0xFF, 0xE0, 0x00,
  0x00, 0x00, 0x00, 0x00, 0x00, 0x00, 0x00, 0x03, 0xFF, 0xFF, 0xFF, 0xFF,
  0x00, 0x00, 0x00, 0x00, 0x00, 0x00, 0x00, 0x00, 0x0F, 0xFF, 0xFF, 0xFF,
  0xFF, 0xF0, 0x00, 0x00, 0x00, 0x00, 0x00, 0x00, 0x00, 0x3F, 0xFF, 0xFF,
  0xFF, 0xFF, 0xFE, 0x00, 0x00, 0x00, 0x00, 0x00, 0x00, 0x00, 0x7F, 0xFF,
  0xFF, 0xFF, 0xFF, 0xFF, 0xC0, 0x00, 0x00, 0x00, 0x00, 0x00, 0x00, 0xFF,
  0xFF, 0xFF, 0xFF, 0xFF, 0xFF, 0xF8, 0x00, 0x00, 0x00, 0x00, 0x00, 0x01,
  0xFF, 0xFF, 0xFF, 0xFF, 0xFF, 0xFF, 0xFF, 0x00, 0x00, 0x00, 0x00, 0x00,
  0x01, 0xFF, 0xFF, 0xFF, 0xFF, 0xFF, 0xFF, 0xFF, 0xC0, 0x00, 0x00, 0x00,
  0x00, 0x03, 0xFF, 0xFF, 0xFF, 0xFF, 0xFF, 0xFF, 0xFF, 0xF8, 0x00, 0x00,
  0x00, 0x00, 0x03, 0xFF, 0xFF, 0xFF, 0xFF, 0xFF, 0xFF, 0xFF, 0xFE, 0x00,
  0x00, 0x00, 0x00, 0x03, 0xFF, 0xFF, 0xFF, 0xFF, 0xFF, 0xFF, 0xFF, 0xFF,
  0xC0, 0x00, 0x00, 0x00, 0x07, 0xFF, 0xFF, 0xFF, 0xFF, 0xFF, 0xFF, 0xFF,
  0xFF, 0xF0, 0x00, 0x00, 0x00, 0x07, 0xFF, 0xFF, 0xFF, 0xFF, 0xFF, 0xFF,
  0xFF, 0xFF, 0xFC, 0x00, 0x00, 0x00, 0x07, 0xFF, 0xFF, 0xFF, 0xFF, 0xFF,
  0xFF, 0xFF, 0xFF, 0xFF, 0x00, 0x00, 0x00, 0x07, 0xFF, 0xFF, 0xFF, 0xFF,
  0xFF, 0xFF, 0xFF, 0xFF, 0xFF, 0xC0, 0x00, 0x00, 0x07, 0xFF, 0xFF, 0xFF,
  0xFF, 0xFF, 0xFF, 0xFF, 0xFF, 0xFF, 0xF0, 0x00, 0x00, 0x07, 0xFF, 0xFF,
  0xFF, 0xFF, 0xFF, 0xFF, 0xFF, 0xFF, 0xFF, 0xFC, 0x00, 0x00, 0x03, 0xFF,
  0xFF, 0xFF, 0xFF, 0xFF, 0xFF, 0xFF, 0xFF, 0xFF, 0xFF, 0x00, 0x00, 0x03,
  0xFF, 0xFF, 0xFF, 0xFF, 0xFF, 0xFF, 0xFF, 0xFF, 0xFF, 0xFF, 0x80, 0x00,
  0x03, 0xFF, 0xFF, 0xFF, 0xFF, 0xE0, 0x03, 0xFF, 0xFF, 0xFF, 0xFF, 0xE0,
  0x00, 0x03, 0xFF, 0xFF, 0xFF, 0xFF, 0x00, 0x00, 0x1F, 0xFF, 0xFF, 0xFF,
  0xF8, 0x00, 0x01, 0xFF, 0xFF, 0xFF, 0xFC, 0x00, 0x00, 0x01, 0xFF, 0xFF,
  0xFF, 0xFE, 0x00, 0x01, 0xFF, 0xFF, 0xFF, 0xF8, 0x00, 0x00, 0x00, 0x3F,
  0xFF, 0xFF, 0xFF, 0x00, 0x01, 0xFF, 0xFF, 0xFF, 0xF8, 0x00, 0x00, 0x00,
  0x0F, 0xFF, 0xFF, 0xFF, 0xC0, 0x00, 0xFF, 0xFF, 0xFF, 0xF0, 0x00, 0x00,
  0x00, 0x01, 0xFF, 0xFF, 0xFF, 0xE0, 0x00, 0xFF, 0xFF, 0xFF, 0xF0, 0x00,
  0x00, 0x00, 0x00, 0x7F, 0xFF, 0xFF, 0xF8, 0x00, 0x7F, 0xFF, 0xFF, 0xF0,
  0x00, 0x00, 0x00, 0x00, 0x1F, 0xFF, 0xFF, 0xFE, 0x00, 0x7F, 0xFF, 0xFF,
  0xF0, 0x00, 0x00, 0x00, 0x00, 0x07, 0xFF, 0xFF, 0xFF, 0x00, 0x3F, 0xFF,
  0xFF, 0xF0, 0x00, 0x00, 0x00, 0x00, 0x01, 0xFF, 0xFF, 0xFF, 0xC0, 0x3F,
  0xFF, 0xFF, 0xF0, 0x00, 0x00, 0x00, 0x00, 0x00, 0x7F, 0xFF, 0xFF, 0xE0,
  0x1F, 0xFF, 0xFF, 0xF0, 0x00, 0x00, 0x00, 0x00, 0x00, 0x1F, 0xFF, 0xFF,
  0xF0, 0x1F, 0xFF, 0xFF, 0xF0, 0x00, 0x00, 0x00, 0x00, 0x00, 0x0F, 0xFF,
  0xFF, 0xFC, 0x0F, 0xFF, 0xFF, 0xF8, 0x00, 0x00, 0x00, 0x00, 0x00, 0x03,
  0xFF, 0xFF, 0xFE, 0x07, 0xFF, 0xFF, 0xF8, 0x00, 0x00, 0x00, 0x00, 0x00,
  0x00, 0xFF, 0xFF, 0xFF, 0x07, 0xFF, 0xFF, 0xFC, 0x00, 0x00, 0x00, 0x00,
  0x00, 0x00, 0x7F, 0xFF, 0xFF, 0xC3, 0xFF, 0xFF, 0xFC, 0x00, 0x00, 0x00,
  0x00, 0x00, 0x00, 0x1F, 0xFF, 0xFF, 0xE1, 0xFF, 0xFF, 0xFE, 0x00, 0x00,
  0x00, 0x00, 0x00, 0x00, 0x0F, 0xFF, 0xFF, 0xF1, 0xFF, 0xFF, 0xFE, 0x00,
  0x00, 0x00, 0x00, 0x00, 0x00, 0x03, 0xFF, 0xFF, 0xFC, 0xFF, 0xFF, 0xFF,
  0x00, 0x00, 0x00, 0x00, 0x00, 0x00, 0x01, 0xFF, 0xFF, 0xFE, 0x7F, 0xFF,
  0xFF, 0x00, 0x00, 0x00, 0x00, 0x00, 0x00, 0x00, 0xFF, 0xFF, 0xFF, 0x3F,
  0xFF, 0xFF, 0x80, 0x00, 0x00, 0x00, 0x00, 0x00, 0x00, 0x3F, 0xFF, 0xFF,
  0x9F, 0xFF, 0xFF, 0xC0, 0x00, 0x00, 0x00, 0x00, 0x00, 0x00, 0x1F, 0xFF,
  0xFF, 0xCF, 0xFF, 0xFF, 0xE0, 0x00, 0x00, 0x00, 0x00, 0x00, 0x00, 0x0F,
  0xFF, 0xFF, 0xFF, 0xFF, 0xFF, 0xF0, 0x00, 0x00, 0x00, 0x00, 0x00, 0x00,
  0x07, 0xFF, 0xFF, 0xFF, 0xFF, 0xFF, 0xF0, 0x00, 0x00, 0x00, 0x00, 0x00,
  0x00, 0x01, 0xFF, 0xFF, 0xFF, 0xFF, 0xFF, 0xF8, 0x00, 0x00, 0x00, 0x00,
  0x00, 0x00, 0x00, 0xFF, 0xFF, 0xFF, 0xFF, 0xFF, 0xFC, 0x00, 0x00, 0x00,
  0x00, 0x00, 0x00, 0x00, 0x7F, 0xFF, 0xFF, 0xFF, 0xFF, 0xFE, 0x00, 0x00,
  0x00, 0x00, 0x00, 0x00, 0x00, 0x3F, 0xFF, 0xFF, 0xFF, 0xFF, 0xFF, 0x00,
  0x00, 0x00, 0x00, 0x00, 0x00, 0x00, 0x1F, 0xFF, 0xFF, 0xFF, 0xFF, 0xFF,
  0x80, 0x00, 0x00, 0x00, 0x00, 0x00, 0x00, 0x0F, 0xFF, 0xFF, 0xFF, 0xFF,
  0xFF, 0xC0, 0x00, 0x00, 0x00, 0x00, 0x00, 0x00, 0x07, 0xFF, 0xFF, 0xFF,
  0xFF, 0xFF, 0xE0, 0x00, 0x00, 0x00, 0x00, 0x00, 0x00, 0x03, 0xFF, 0xFF,
  0xFF, 0xFF, 0xFF, 0xF0, 0x00, 0x00, 0x00, 0x00, 0x00, 0x00, 0x01, 0xFF,
  0xFF, 0xFF, 0xFF, 0xFF, 0xF8, 0x00, 0x00, 0x00, 0x00, 0x00, 0x00, 0x00,
  0xFF, 0xFF, 0xFF, 0xFF, 0xFF, 0xFC, 0x00, 0x00, 0x00, 0x00, 0x00, 0x00,
  0x00, 0x7F, 0xFF, 0xFF, 0xFF, 0xFF, 0xFE, 0x00, 0x00, 0x00, 0x00, 0x00,
  0x00, 0x00, 0x3F, 0xFF, 0xFF, 0xFF, 0xFF, 0xFF, 0x80, 0x00, 0x00, 0x00,
  0x00, 0x00, 0x00, 0x3F, 0xFF, 0xFF, 0xFF, 0xFF, 0xFF, 0xC0, 0x00, 0x00,
  0x00, 0x00, 0x00, 0x00, 0x1F, 0xFF, 0xFF, 0xCF, 0xFF, 0xFF, 0xE0, 0x00,
  0x00, 0x00, 0x00, 0x00, 0x00, 0x0F, 0xFF, 0xFF, 0xE7, 0xFF, 0xFF, 0xF0,
  0x00, 0x00, 0x00, 0x00, 0x00, 0x00, 0x07, 0xFF, 0xFF, 0xF3, 0xFF, 0xFF,
  0xFC, 0x00, 0x00, 0x00, 0x00, 0x00, 0x00, 0x07, 0xFF, 0xFF, 0xF9, 0xFF,
  0xFF, 0xFE, 0x00, 0x00, 0x00, 0x00, 0x00, 0x00, 0x03, 0xFF, 0xFF, 0xFC,
  0xFF, 0xFF, 0xFF, 0x00, 0x00, 0x00, 0x00, 0x00, 0x00, 0x01, 0xFF, 0xFF,
  0xFC, 0x3F, 0xFF, 0xFF, 0xC0, 0x00, 0x00, 0x00, 0x00, 0x00, 0x01, 0xFF,
  0xFF, 0xFE, 0x1F, 0xFF, 0xFF, 0xE0, 0x00, 0x00, 0x00, 0x00, 0x00, 0x00,
  0xFF, 0xFF, 0xFF, 0x0F, 0xFF, 0xFF, 0xF8, 0x00, 0x00, 0x00, 0x00, 0x00,
  0x00, 0xFF, 0xFF, 0xFF, 0x83, 0xFF, 0xFF, 0xFC, 0x00, 0x00, 0x00, 0x00,
  0x00, 0x00, 0x7F, 0xFF, 0xFF, 0x81, 0xFF, 0xFF, 0xFF, 0x00, 0x00, 0x00,
  0x00, 0x00, 0x00, 0x7F, 0xFF, 0xFF, 0xC0, 0xFF, 0xFF, 0xFF, 0xC0, 0x00,
  0x00, 0x00, 0x00, 0x00, 0x3F, 0xFF, 0xFF, 0xE0, 0x3F, 0xFF, 0xFF, 0xE0,
  0x00, 0x00, 0x00, 0x00, 0x00, 0x3F, 0xFF, 0xFF, 0xE0, 0x1F, 0xFF, 0xFF,
  0xF8, 0x00, 0x00, 0x00, 0x00, 0x00, 0x3F, 0xFF, 0xFF, 0xF0, 0x07, 0xFF,
  0xFF, 0xFE, 0x00, 0x00, 0x00, 0x00, 0x00, 0x3F, 0xFF, 0xFF, 0xF0, 0x03,
  0xFF, 0xFF, 0xFF, 0x80, 0x00, 0x00, 0x00, 0x00, 0x3F, 0xFF, 0xFF, 0xF8,
  0x00, 0xFF, 0xFF, 0xFF, 0xE0, 0x00, 0x00, 0x00, 0x00, 0x3F, 0xFF, 0xFF,
  0xF8, 0x00, 0x7F, 0xFF, 0xFF, 0xF8, 0x00, 0x00, 0x00, 0x00, 0x3F, 0xFF,
  0xFF, 0xFC, 0x00, 0x1F, 0xFF, 0xFF, 0xFE, 0x00, 0x00, 0x00, 0x00, 0x3F,
  0xFF, 0xFF, 0xFC, 0x00, 0x0F, 0xFF, 0xFF, 0xFF, 0xC0, 0x00, 0x00, 0x00,
  0x7F, 0xFF, 0xFF, 0xFE, 0x00, 0x03, 0xFF, 0xFF, 0xFF, 0xF8, 0x00, 0x00,
  0x00, 0x7F, 0xFF, 0xFF, 0xFE, 0x00, 0x01, 0xFF, 0xFF, 0xFF, 0xFF, 0x00,
  0x00, 0x00, 0xFF, 0xFF, 0xFF, 0xFE, 0x00, 0x00, 0x7F, 0xFF, 0xFF, 0xFF,
  0xE0, 0x00, 0x03, 0xFF, 0xFF, 0xFF, 0xFF, 0x00, 0x00, 0x1F, 0xFF, 0xFF,
  0xFF, 0xFF, 0x00, 0x1F, 0xFF, 0xFF, 0xFF, 0xFF, 0x00, 0x00, 0x07, 0xFF,
  0xFF, 0xFF, 0xFF, 0xFF, 0xFF, 0xFF, 0xFF, 0xFF, 0xFF, 0x00, 0x00, 0x03,
  0xFF, 0xFF, 0xFF, 0xFF, 0xFF, 0xFF, 0xFF, 0xFF, 0xFF, 0xFF, 0x00, 0x00,
  0x00, 0xFF, 0xFF, 0xFF, 0xFF, 0xFF, 0xFF, 0xFF, 0xFF, 0xFF, 0xFF, 0x80,
  0x00, 0x00, 0x3F, 0xFF, 0xFF, 0xFF, 0xFF, 0xFF, 0xFF, 0xFF, 0xFF, 0xFF,
  0x80, 0x00, 0x00, 0x0F, 0xFF, 0xFF, 0xFF, 0xFF, 0xFF, 0xFF, 0xFF, 0xFF,
  0xFF, 0x80, 0x00, 0x00, 0x03, 0xFF, 0xFF, 0xFF, 0xFF, 0xFF, 0xFF, 0xFF,
  0xFF, 0xFF, 0x80, 0x00, 0x00, 0x00, 0xFF, 0xFF, 0xFF, 0xFF, 0xFF, 0xFF,
  0xFF, 0xFF, 0xFF, 0x80, 0x00, 0x00, 0x00, 0x3F, 0xFF, 0xFF, 0xFF, 0xFF,
  0xFF, 0xFF, 0xFF, 0xFF, 0x00, 0x00, 0x00, 0x00, 0x0F, 0xFF, 0xFF, 0xFF,
  0xFF, 0xFF, 0xFF, 0xFF, 0xFF, 0x00, 0x00, 0x00, 0x00, 0x01, 0xFF, 0xFF,
  0xFF, 0xFF, 0xFF, 0xFF, 0xFF, 0xFF, 0x00, 0x00, 0x00, 0x00, 0x00, 0x7F,
  0xFF, 0xFF, 0xFF, 0xFF, 0xFF, 0xFF, 0xFE, 0x00, 0x00, 0x00, 0x00, 0x00,
  0x0F, 0xFF, 0xFF, 0xFF, 0xFF, 0xFF, 0xFF, 0xFE, 0x00, 0x00, 0x00, 0x00,
  0x00, 0x03, 0xFF, 0xFF, 0xFF, 0xFF, 0xFF, 0xFF, 0xFC, 0x00, 0x00, 0x00,
  0x00, 0x00, 0x00, 0x7F, 0xFF, 0xFF, 0xFF, 0xFF, 0xFF, 0xFC, 0x00, 0x00,
  0x00, 0x00, 0x00, 0x00, 0x0F, 0xFF, 0xFF, 0xFF, 0xFF, 0xFF, 0xF8, 0x00,
  0x00, 0x00, 0x00, 0x00, 0x00, 0x01, 0xFF, 0xFF, 0xFF, 0xFF, 0xFF, 0xF0,
  0x00, 0x00, 0x00, 0x00, 0x00, 0x00, 0x00, 0x1F, 0xFF, 0xFF, 0xFF, 0xFF,
  0xC0, 0x00, 0x00, 0x00, 0x00, 0x00, 0x00, 0x00, 0x03, 0xFF, 0xFF, 0xFF,
  0xFF, 0x00, 0x00, 0x00, 0x00, 0x00, 0x00, 0x00, 0x00, 0x00, 0x1F, 0xFF,
  0xFF, 0xF8, 0x00, 0x00, 0x00, 0x00, 0x00, 0x00, 0x00, 0x00, 0x00, 0x00,
  0x7F, 0xFF, 0x80, 0x00, 0x00, 0x00, 0x00, 0x00, 0x01, 0xFF, 0xFF, 0xFF,
  0xFF, 0xFF, 0x00, 0x00, 0x00, 0x00, 0x1F, 0xFF, 0xFF, 0xFF, 0xFF, 0xFF,
  0xE0, 0x00, 0x00, 0x00, 0xFF, 0xFF, 0xFF, 0xFF, 0xFF, 0xFF, 0xF0, 0x00,
  0x00, 0x07, 0xFF, 0xFF, 0xFF, 0xFF, 0xFF, 0xFF, 0xF8, 0x00, 0x00, 0x3F,
  0xFF, 0xFF, 0xFF, 0xFF, 0xFF, 0xFF, 0xF8, 0x00, 0x01, 0xFF, 0xFF, 0xFF,
  0xFF, 0xFF, 0xFF, 0xFF, 0xF8, 0x00, 0x07, 0xFF, 0xFF, 0xFF, 0xFF, 0xFF,
  0xFF, 0xFF, 0xF0, 0x00, 0x3F, 0xFF, 0xFF, 0xFF, 0xFF, 0xFF, 0xFF, 0xFF,
  0xF0, 0x00, 0xFF, 0xFF, 0xFF, 0xFF, 0xFF, 0xFF, 0xFF, 0xFF, 0xE0, 0x03,
  0xFF, 0xFF, 0xFF, 0xFF, 0xFF, 0xFF, 0xFF, 0xFF, 0xC0, 0x0F, 0xFF, 0xFF,
  0xFF, 0xFF, 0xFF, 0xFF, 0xFF, 0xFF, 0x80, 0x3F, 0xFF, 0xFF, 0xFF, 0xFF,
  0xFF, 0xFF, 0xFF, 0xFF, 0x00, 0xFF, 0xFF, 0xFF, 0xFF, 0xFF, 0xFF, 0xFF,
  0xFF, 0xFE, 0x03, 0xFF, 0xFF, 0xFF, 0xFF, 0xFF, 0xFF, 0xFF, 0xFF, 0xFC,
  0x0F, 0xFF, 0xFF, 0xFF, 0xFF, 0xFF, 0xFF, 0xFF, 0xFF, 0xF0, 0x3F, 0xFF,
  0xFF, 0xFF, 0xFF, 0xFF, 0xFF, 0xFF, 0xFF, 0xE0, 0xFF, 0xFF, 0xFF, 0xFF,
  0xFF, 0xFF, 0xFF, 0xFF, 0xFF, 0xC3, 0xFF, 0xFF, 0xFF, 0xFF, 0xFF, 0xFF,
  0xFF, 0xFF, 0xFF, 0x0F, 0xFF, 0xFF, 0x80, 0x00, 0x01, 0xFF, 0xFF, 0xFF,
  0xFE, 0x3F, 0xFF, 0xFE, 0x00, 0x00, 0x00, 0x7F, 0xFF, 0xFF, 0xF8, 0xFF,
  0xFF, 0xF8, 0x00, 0x00, 0x00, 0x7F, 0xFF, 0xFF, 0xF3, 0xFF, 0xFF, 0xE0,
  0x00, 0x00, 0x00, 0xFF, 0xFF, 0xFF, 0xCF, 0xFF, 0xFF, 0x80, 0x00, 0x00,
  0x01, 0xFF, 0xFF, 0xFF, 0x3F, 0xFF, 0xFE, 0x00, 0x00, 0x00, 0x03, 0xFF,
  0xFF, 0xFE, 0xFF, 0xFF, 0xF8, 0x00, 0x00, 0x00, 0x07, 0xFF, 0xFF, 0xFB,
  0xFF, 0xFF, 0xE0, 0x00, 0x00, 0x00, 0x0F, 0xFF, 0xFF, 0xEF, 0xFF, 0xFF,
  0x80, 0x00, 0x00, 0x00, 0x3F, 0xFF, 0xFF, 0xBF, 0xFF, 0xFE, 0x00, 0x00,
  0x00, 0x00, 0x7F, 0xFF, 0xFE, 0xFF, 0xFF, 0xF8, 0x00, 0x00, 0x00, 0x01,
  0xFF, 0xFF, 0xFF, 0xFF, 0xFF, 0xE0, 0x00, 0x00, 0x00, 0x07, 0xFF, 0xFF,
  0xFF, 0xFF, 0xFF, 0x80, 0x00, 0x00, 0x00, 0x0F, 0xFF, 0xFF, 0xFF, 0xFF,
  0xFE, 0x00, 0x00, 0x00, 0x00, 0x3F, 0xFF, 0xFF, 0xFF, 0xFF, 0xF8, 0x00,
  0x00, 0x00, 0x00, 0xFF, 0xFF, 0xFF, 0xFF, 0xFF, 0xE0, 0x00, 0x00, 0x00,
  0x03, 0xFF, 0xFF, 0xFF, 0xFF, 0xFF, 0x80, 0x00, 0x00, 0x00, 0x0F, 0xFF,
  0xFF, 0xFF, 0xFF, 0xFE, 0x00, 0x00, 0x00, 0x00, 0x3F, 0xFF, 0xFF, 0xFF,
  0xFF, 0xF8, 0x00, 0x00, 0x00, 0x00, 0xFF, 0xFF, 0xFF, 0xFF, 0xFF, 0xE0,
  0x00, 0x00, 0x00, 0x03, 0xFF, 0xFF, 0xFF, 0xFF, 0xFF, 0x80, 0x00, 0x00,
  0x00, 0x0F, 0xFF, 0xFF, 0xFF, 0xFF, 0xFE, 0x00, 0x00, 0x00, 0x00, 0x7F,
  0xFF, 0xFF, 0xFF, 0xFF, 0xF8, 0x00, 0x00, 0x00, 0x01, 0xFF, 0xFF, 0xFF,
  0xFF, 0xFF, 0xE0, 0x00, 0x00, 0x00, 0x07, 0xFF, 0xFF, 0xEF, 0xFF, 0xFF,
  0x80, 0x00, 0x00, 0x00, 0x3F, 0xFF, 0xFF, 0xBF, 0xFF, 0xFE, 0x00, 0x00,
  0x00, 0x00, 0xFF, 0xFF, 0xFE, 0xFF, 0xFF, 0xF8, 0x00, 0x00, 0x00, 0x07,
  0xFF, 0xFF, 0xFB, 0xFF, 0xFF, 0xE0, 0x00, 0x00, 0x00, 0x3F, 0xFF, 0xFF,
  0xCF, 0xFF, 0xFF, 0x80, 0x00, 0x00, 0x01, 0xFF, 0xFF, 0xFF, 0x3F, 0xFF,
  0xFE, 0x00, 0x00, 0x00, 0x0F, 0xFF, 0xFF, 0xFC, 0xFF, 0xFF, 0xF8, 0x00,
  0x00, 0x00, 0x7F, 0xFF, 0xFF, 0xE3, 0xFF, 0xFF, 0xE0, 0x00, 0x00, 0x07,
  0xFF, 0xFF, 0xFF, 0x8F, 0xFF, 0xFF, 0x80, 0x00, 0x01, 0xFF, 0xFF, 0xFF,
  0xFC, 0x3F, 0xFF, 0xFF, 0xFF, 0xFF, 0xFF, 0xFF, 0xFF, 0xFF, 0xF0, 0xFF,
  0xFF, 0xFF, 0xFF, 0xFF, 0xFF, 0xFF, 0xFF, 0xFF, 0x83, 0xFF, 0xFF, 0xFF,
  0xFF, 0xFF, 0xFF, 0xFF, 0xFF, 0xFC, 0x0F, 0xFF, 0xFF, 0xFF, 0xFF, 0xFF,
  0xFF, 0xFF, 0xFF, 0xF0, 0x3F, 0xFF, 0xFF, 0xFF, 0xFF, 0xFF, 0xFF, 0xFF,
  0xFF, 0x80, 0xFF, 0xFF, 0xFF, 0xFF, 0xFF, 0xFF, 0xFF, 0xFF, 0xFC, 0x03,
  0xFF, 0xFF, 0xFF, 0xFF, 0xFF, 0xFF, 0xFF, 0xFF, 0xE0, 0x0F, 0xFF, 0xFF,
  0xFF, 0xFF, 0xFF, 0xFF, 0xFF, 0xFF, 0x00, 0x3F, 0xFF, 0xFF, 0xFF, 0xFF,
  0xFF, 0xFF, 0xFF, 0xF8, 0x00, 0xFF, 0xFF, 0xFF, 0xFF, 0xFF, 0xFF, 0xFF,
  0xFF, 0xC0, 0x03, 0xFF, 0xFF, 0xFF, 0xFF, 0xFF, 0xFF, 0xFF, 0xFE, 0x00,
  0x0F, 0xFF, 0xFF, 0xFF, 0xFF, 0xFF, 0xFF, 0xFF, 0xE0, 0x00, 0x3F, 0xFF,
  0xFF, 0xFF, 0xFF, 0xFF, 0xFF, 0xFF, 0x00, 0x00, 0xFF, 0xFF, 0xFF, 0xFF,
  0xFF, 0xFF, 0xFF, 0xF0, 0x00, 0x03, 0xFF, 0xFF, 0xFF, 0xFF, 0xFF, 0xFF,
  0xFE, 0x00, 0x00, 0x0F, 0xFF, 0xFF, 0xFF, 0xFF, 0xFF, 0xFF, 0xE0, 0x00,
  0x00, 0x3F, 0xFF, 0xFF, 0xFF, 0xFF, 0xFF, 0xF8, 0x00, 0x00, 0x00, 0xFF,
  0xFF, 0xFF, 0xFF, 0xFF, 0xF8, 0x00, 0x00, 0x00, 0x03, 0xFF, 0xFF, 0xE0,
  0x00, 0x00, 0x00, 0x00, 0x00, 0x00, 0x0F, 0xFF, 0xFF, 0x80, 0x00, 0x00,
  0x00, 0x00, 0x00, 0x00, 0x3F, 0xFF, 0xFE, 0x00, 0x00, 0x00, 0x00, 0x00,
  0x00, 0x00, 0xFF, 0xFF, 0xF8, 0x00, 0x00, 0x00, 0x00, 0x00, 0x00, 0x03,
  0xFF, 0xFF, 0xE0, 0x00, 0x00, 0x00, 0x00, 0x00, 0x00, 0x0F, 0xFF, 0xFF,
  0x80, 0x00, 0x00, 0x00, 0x00, 0x00, 0x00, 0x3F, 0xFF, 0xFE, 0x00, 0x00,
  0x00, 0x00, 0x00, 0x00, 0x00, 0xFF, 0xFF, 0xF8, 0x00, 0x00, 0x00, 0x00,
  0x00, 0x00, 0x03, 0xFF, 0xFF, 0xE0, 0x00, 0x00, 0x00, 0x00, 0x00, 0x00,
  0x0F, 0xFF, 0xFF, 0x80, 0x00, 0x00, 0x00, 0x00, 0x00, 0x00, 0x3F, 0xFF,
  0xFE, 0x00, 0x00, 0x00, 0x00, 0x00, 0x00, 0x00, 0xFF, 0xFF, 0xF8, 0x00,
  0x00, 0x00, 0x00, 0x00, 0x00, 0x03, 0xFF, 0xFF, 0xE0, 0x00, 0x00, 0x00,
  0x00, 0x00, 0x00, 0x0F, 0xFF, 0xFF, 0x80, 0x00, 0x00, 0x00, 0x00, 0x00,
  0x00, 0x3F, 0xFF, 0xFE, 0x00, 0x00, 0x00, 0x00, 0x00, 0x00, 0x00, 0xFF,
  0xFF, 0xF8, 0x00, 0x00, 0x00, 0x00, 0x00, 0x00, 0x03, 0xFF, 0xFF, 0xE0,
  0x00, 0x00, 0x00, 0x00, 0x00, 0x00, 0x0F, 0xFF, 0xFF, 0x80, 0x00, 0x00,
  0x00, 0x00, 0x00, 0x00, 0x3F, 0xFF, 0xFE, 0x00, 0x00, 0x00, 0x00, 0x00,
  0x00, 0x00, 0xFF, 0xFF, 0xF8, 0x00, 0x00, 0x00, 0x00, 0x00, 0x00, 0x03,
  0xFF, 0xFF, 0xE0, 0x00, 0x00, 0x00, 0x00, 0x00, 0x00, 0x0F, 0xFF, 0xFF,
  0x80, 0x00, 0x00, 0x00, 0x00, 0x00, 0x00, 0x3F, 0xFF, 0xFE, 0x00, 0x00,
  0x00, 0x00, 0x00, 0x00, 0x00, 0x7F, 0xFF, 0xF0, 0x00, 0x00, 0x00, 0x00,
  0x00, 0x00, 0x01, 0xFF, 0xFF, 0xC0, 0x00, 0x00, 0x00, 0x00, 0x00, 0x00,
  0x03, 0xFF, 0xFE, 0x00, 0x00, 0x00, 0x00, 0x00, 0x00, 0x00, 0x0F, 0xFF,
  0xF8, 0x00, 0x00, 0x00, 0x00, 0x00, 0x00, 0x00, 0x1F, 0xFF, 0xC0, 0x00,
  0x00, 0x00, 0x00, 0x00, 0x00, 0x00, 0x3F, 0xFE, 0x00, 0x00, 0x00, 0x00,
  0x00, 0x00, 0x00, 0x00, 0x3F, 0xE0, 0x00, 0x00, 0x00, 0x00, 0x00, 0x00,
  0x00, 0x00, 0x08, 0x00, 0x00, 0x00, 0x00, 0x00, 0x00, 0x00, 0x00, 0x00,
  0x00, 0x00, 0x00, 0x00, 0x07, 0xFF, 0xF8, 0x00, 0x00, 0x00, 0x00, 0x00,
  0x00, 0x00, 0x00, 0x00, 0x00, 0x7F, 0xFF, 0xFF, 0xE0, 0x00, 0x00, 0x00,
  0x00, 0x00, 0x00, 0x00, 0x00, 0x03, 0xFF, 0xFF, 0xFF, 0xFF, 0x00, 0x00,
  0x00, 0x00, 0x00, 0x00, 0x00, 0x00, 0x0F, 0xFF, 0xFF, 0xFF, 0xFF, 0xF0,
  0x00, 0x00, 0x00, 0x00, 0x00, 0x00, 0x00, 0x3F, 0xFF, 0xFF, 0xFF, 0xFF,
  0xFE, 0x00, 0x00, 0x00, 0x00, 0x00, 0x00, 0x00, 0x7F, 0xFF, 0xFF, 0xFF,
  0xFF, 0xFF, 0xC0, 0x00, 0x00, 0x00, 0x00, 0x00, 0x00, 0xFF, 0xFF, 0xFF,
  0xFF, 0xFF, 0xFF, 0xF8, 0x00, 0x00, 0x00, 0x00, 0x00, 0x01, 0xFF, 0xFF,
  0xFF, 0xFF, 0xFF, 0xFF, 0xFF, 0x00, 0x00, 0x00, 0x00, 0x00, 0x01, 0xFF,
  0xFF, 0xFF, 0xFF, 0xFF, 0xFF, 0xFF, 0xC0, 0x00, 0x00, 0x00, 0x00, 0x03,
  0xFF, 0xFF, 0xFF, 0xFF, 0xFF, 0xFF, 0xFF, 0xF8, 0x00, 0x00, 0x00, 0x00,
  0x03, 0xFF, 0xFF, 0xFF, 0xFF, 0xFF, 0xFF, 0xFF, 0xFE, 0x00, 0x00, 0x00,
  0x00, 0x03, 0xFF, 0xFF, 0xFF, 0xFF, 0xFF, 0xFF, 0xFF, 0xFF, 0xC0, 0x00,
  0x00, 0x00, 0x07, 0xFF, 0xFF, 0xFF, 0xFF, 0xFF, 0xFF, 0xFF, 0xFF, 0xF0,
  0x00, 0x00, 0x00, 0x07, 0xFF, 0xFF, 0xFF, 0xFF, 0xFF, 0xFF, 0xFF, 0xFF,
  0xFC, 0x00, 0x00, 0x00, 0x07, 0xFF, 0xFF, 0xFF, 0xFF, 0xFF, 0xFF, 0xFF,
  0xFF, 0xFF, 0x00, 0x00, 0x00, 0x07, 0xFF, 0xFF, 0xFF, 0xFF, 0xFF, 0xFF,
  0xFF, 0xFF, 0xFF, 0xC0, 0x00, 0x00, 0x07, 0xFF, 0xFF, 0xFF, 0xFF, 0xFF,
  0xFF, 0xFF, 0xFF, 0xFF, 0xF0, 0x00, 0x00, 0x07, 0xFF, 0xFF, 0xFF, 0xFF,
  0xFF, 0xFF, 0xFF, 0xFF, 0xFF, 0xFC, 0x00, 0x00, 0x03, 0xFF, 0xFF, 0xFF,
  0xFF, 0xFF, 0xFF, 0xFF, 0xFF, 0xFF, 0xFF, 0x00, 0x00, 0x03, 0xFF, 0xFF,
  0xFF, 0xFF, 0xFF, 0xFF, 0xFF, 0xFF, 0xFF, 0xFF, 0x80, 0x00, 0x03, 0xFF,
  0xFF, 0xFF, 0xFF, 0xE0, 0x03, 0xFF, 0xFF, 0xFF, 0xFF, 0xE0, 0x00, 0x03,
  0xFF, 0xFF, 0xFF, 0xFF, 0x00, 0x00, 0x1F, 0xFF, 0xFF, 0xFF, 0xF8, 0x00,
  0x01, 0xFF, 0xFF, 0xFF, 0xFC, 0x00, 0x00, 0x01, 0xFF, 0xFF, 0xFF, 0xFE,
  0x00, 0x01, 0xFF, 0xFF, 0xFF, 0xF8, 0x00, 0x00, 0x00, 0x3F, 0xFF, 0xFF,
  0xFF, 0x00, 0x01, 0xFF, 0xFF, 0xFF, 0xF8, 0x00, 0x00, 0x00, 0x0F, 0xFF,
  0xFF, 0xFF, 0xC0, 0x00, 0xFF, 0xFF, 0xFF, 0xF0, 0x00, 0x00, 0x00, 0x01,
  0xFF, 0xFF, 0xFF, 0xE0, 0x00, 0xFF, 0xFF, 0xFF, 0xF0, 0x00, 0x00, 0x00,
  0x00, 0x7F, 0xFF, 0xFF, 0xF8, 0x00, 0x7F, 0xFF, 0xFF, 0xF0, 0x00, 0x00,
  0x00, 0x00, 0x1F, 0xFF, 0xFF, 0xFE, 0x00, 0x7F, 0xFF, 0xFF, 0xF0, 0x00,
  0x00, 0x00, 0x00, 0x07, 0xFF, 0xFF, 0xFF, 0x00, 0x3F, 0xFF, 0xFF, 0xF0,
  0x00, 0x00, 0x00, 0x00, 0x01, 0xFF, 0xFF, 0xFF, 0xC0, 0x3F, 0xFF, 0xFF,
  0xF0, 0x00, 0x00, 0x00, 0x00, 0x00, 0x7F, 0xFF, 0xFF, 0xE0, 0x1F, 0xFF,
  0xFF, 0xF0, 0x00, 0x00, 0x00, 0x00, 0x00, 0x1F, 0xFF, 0xFF, 0xF0, 0x1F,
  0xFF, 0xFF, 0xF0, 0x00, 0x00, 0x00, 0x00, 0x00, 0x0F, 0xFF, 0xFF, 0xFC,
  0x0F, 0xFF, 0xFF, 0xF8, 0x00, 0x00, 0x00, 0x00, 0x00, 0x03, 0xFF, 0xFF,
  0xFE, 0x07, 0xFF, 0xFF, 0xF8, 0x00, 0x00, 0x00, 0x00, 0x00, 0x00, 0xFF,
  0xFF, 0xFF, 0x07, 0xFF, 0xFF, 0xFC, 0x00, 0x00, 0x00, 0x00, 0x00, 0x00,
  0x7F, 0xFF, 0xFF, 0xC3, 0xFF, 0xFF, 0xFC, 0x00, 0x00, 0x00, 0x00, 0x00,
  0x00, 0x1F, 0xFF, 0xFF, 0xE1, 0xFF, 0xFF, 0xFE, 0x00, 0x00, 0x00, 0x00,
  0x00, 0x00, 0x0F, 0xFF, 0xFF, 0xF1, 0xFF, 0xFF, 0xFE, 0x00, 0x00, 0x00,
  0x00, 0x00, 0x00, 0x03, 0xFF, 0xFF, 0xFC, 0xFF, 0xFF, 0xFF, 0x00, 0x00,
  0x00, 0x00, 0x00, 0x00, 0x01, 0xFF, 0xFF, 0xFE, 0x7F, 0xFF, 0xFF, 0x00,
  0x00, 0x00, 0x00, 0x00, 0x00, 0x00, 0xFF, 0xFF, 0xFF, 0x3F, 0xFF, 0xFF,
  0x80, 0x00, 0x00, 0x00, 0x00, 0x00, 0x00, 0x3F, 0xFF, 0xFF, 0x9F, 0xFF,
  0xFF, 0xC0, 0x00, 0x00, 0x00, 0x00, 0x00, 0x00, 0x1F, 0xFF, 0xFF, 0xCF,
  0xFF, 0xFF, 0xE0, 0x00, 0x00, 0x00, 0x00, 0x00, 0x00, 0x0F, 0xFF, 0xFF,
  0xFF, 0xFF, 0xFF, 0xF0, 0x00, 0x00, 0x00, 0x00, 0x00, 0x00, 0x07, 0xFF,
  0xFF, 0xFF, 0xFF, 0xFF, 0xF0, 0x00, 0x00, 0x00, 0x00, 0x00, 0x00, 0x01,
  0xFF, 0xFF, 0xFF, 0xFF, 0xFF, 0xF8, 0x00, 0x00, 0x00, 0x00, 0x00, 0x00,
  0x00, 0xFF, 0xFF, 0xFF, 0xFF, 0xFF, 0xFC, 0x00, 0x00, 0x00, 0x00, 0x00,
  0x00, 0x00, 0x7F, 0xFF, 0xFF, 0xFF, 0xFF, 0xFE, 0x00, 0x00, 0x00, 0x00,
  0x00, 0x00, 0x00, 0x3F, 0xFF, 0xFF, 0xFF, 0xFF, 0xFF, 0x00, 0x00, 0x00,
  0x00, 0x00, 0x00, 0x00, 0x1F, 0xFF, 0xFF, 0xFF, 0xFF, 0xFF, 0x80, 0x00,
  0x00, 0x00, 0x00, 0x00, 0x00, 0x0F, 0xFF, 0xFF, 0xFF, 0xFF, 0xFF, 0xC0,
  0x00, 0x00, 0x00, 0x00, 0x00, 0x00, 0x07, 0xFF, 0xFF, 0xFF, 0xFF, 0xFF,
  0xE0, 0x00, 0x00, 0x00, 0x01, 0xF0, 0x00, 0x03, 0xFF, 0xFF, 0xFF, 0xFF,
  0xFF, 0xF0, 0x00, 0x00, 0x00, 0x07, 0xFE, 0x00, 0x01, 0xFF, 0xFF, 0xFF,
  0xFF, 0xFF, 0xF8, 0x00, 0x00, 0x00, 0x07, 0xFF, 0xC0, 0x00, 0xFF, 0xFF,
  0xFF, 0xFF, 0xFF, 0xFC, 0x00, 0x00, 0x00, 0x07, 0xFF, 0xF0, 0x00, 0x7F,
  0xFF, 0xFF, 0xFF, 0xFF, 0xFE, 0x00, 0x00, 0x00, 0x07, 0xFF, 0xFC, 0x00,
  0x3F, 0xFF, 0xFF, 0xFF, 0xFF, 0xFF, 0x80, 0x00, 0x00, 0x03, 0xFF, 0xFF,
  0x00, 0x3F, 0xFF, 0xFF, 0xFF, 0xFF, 0xFF, 0xC0, 0x00, 0x00, 0x03, 0xFF,
  0xFF, 0xC0, 0x1F, 0xFF, 0xFF, 0xCF, 0xFF, 0xFF, 0xE0, 0x00, 0x00, 0x01,
  0xFF, 0xFF, 0xF0, 0x0F, 0xFF, 0xFF, 0xE7, 0xFF, 0xFF, 0xF0, 0x00, 0x00,
  0x00, 0xFF, 0xFF, 0xFE, 0x07, 0xFF, 0xFF, 0xF3, 0xFF, 0xFF, 0xFC, 0x00,
  0x00, 0x00, 0xFF, 0xFF, 0xFF, 0x83, 0xFF, 0xFF, 0xF9, 0xFF, 0xFF, 0xFE,
  0x00, 0x00, 0x00, 0x7F, 0xFF, 0xFF, 0xE3, 0xFF, 0xFF, 0xFC, 0xFF, 0xFF,
  0xFF, 0x00, 0x00, 0x00, 0x3F, 0xFF, 0xFF, 0xF9, 0xFF, 0xFF, 0xFC, 0x3F,
  0xFF, 0xFF, 0xC0, 0x00, 0x00, 0x0F, 0xFF, 0xFF, 0xFF, 0xFF, 0xFF, 0xFE,
  0x1F, 0xFF, 0xFF, 0xE0, 0x00, 0x00, 0x07, 0xFF, 0xFF, 0xFF, 0xFF, 0xFF,
  0xFF, 0x0F, 0xFF, 0xFF, 0xF8, 0x00, 0x00, 0x03, 0xFF, 0xFF, 0xFF, 0xFF,
  0xFF, 0xFF, 0x03, 0xFF, 0xFF, 0xFC, 0x00, 0x00, 0x00, 0xFF, 0xFF, 0xFF,
  0xFF, 0xFF, 0xFF, 0x81, 0xFF, 0xFF, 0xFF, 0x00, 0x00, 0x00, 0x7F, 0xFF,
  0xFF, 0xFF, 0xFF, 0xFF, 0xC0, 0xFF, 0xFF, 0xFF, 0xC0, 0x00, 0x00, 0x1F,
  0xFF, 0xFF, 0xFF, 0xFF, 0xFF, 0xC0, 0x3F, 0xFF, 0xFF, 0xE0, 0x00, 0x00,
  0x07, 0xFF, 0xFF, 0xFF, 0xFF, 0xFF, 0xE0, 0x1F, 0xFF, 0xFF, 0xF8, 0x00,
  0x00, 0x01, 0xFF, 0xFF, 0xFF, 0xFF, 0xFF, 0xE0, 0x07, 0xFF, 0xFF, 0xFE,
  0x00, 0x00, 0x00, 0x3F, 0xFF, 0xFF, 0xFF, 0xFF, 0xF0, 0x03, 0xFF, 0xFF,
  0xFF, 0x80, 0x00, 0x00, 0x0F, 0xFF, 0xFF, 0xFF, 0xFF, 0xF8, 0x01, 0xFF,
  0xFF, 0xFF, 0xE0, 0x00, 0x00, 0x03, 0xFF, 0xFF, 0xFF, 0xFF, 0xF8, 0x00,
  0x7F, 0xFF, 0xFF, 0xF8, 0x00, 0x00, 0x00, 0xFF, 0xFF, 0xFF, 0xFF, 0xF8,
  0x00, 0x1F, 0xFF, 0xFF, 0xFE, 0x00, 0x00, 0x00, 0x3F, 0xFF, 0xFF, 0xFF,
  0xFC, 0x00, 0x0F, 0xFF, 0xFF, 0xFF, 0xC0, 0x00, 0x00, 0x0F, 0xFF, 0xFF,
  0xFF, 0xFC, 0x00, 0x03, 0xFF, 0xFF, 0xFF, 0xF8, 0x00, 0x00, 0x01, 0xFF,
  0xFF, 0xFF, 0xFE, 0x00, 0x01, 0xFF, 0xFF, 0xFF, 0xFF, 0x00, 0x00, 0x00,
  0xFF, 0xFF, 0xFF, 0xFE, 0x00, 0x00, 0x7F, 0xFF, 0xFF, 0xFF, 0xE0, 0x00,
  0x01, 0xFF, 0xFF, 0xFF, 0xFF, 0xC0, 0x00, 0x1F, 0xFF, 0xFF, 0xFF, 0xFF,
  0x00, 0x0F, 0xFF, 0xFF, 0xFF, 0xFF, 0xF0, 0x00, 0x07, 0xFF, 0xFF, 0xFF,
  0xFF, 0xFF, 0xFF, 0xFF, 0xFF, 0xFF, 0xFF, 0xFC, 0x00, 0x03, 0xFF, 0xFF,
  0xFF, 0xFF, 0xFF, 0xFF, 0xFF, 0xFF, 0xFF, 0xFF, 0xFF, 0x00, 0x00, 0xFF,
  0xFF, 0xFF, 0xFF, 0xFF, 0xFF, 0xFF, 0xFF, 0xFF, 0xFF, 0xFF, 0xC0, 0x00,
  0x3F, 0xFF, 0xFF, 0xFF, 0xFF, 0xFF, 0xFF, 0xFF, 0xFF, 0xFF, 0xFF, 0xF0,
  0x00, 0x0F, 0xFF, 0xFF, 0xFF, 0xFF, 0xFF, 0xFF, 0xFF, 0xFF, 0xFF, 0xFF,
  0xF8, 0x00, 0x03, 0xFF, 0xFF, 0xFF, 0xFF, 0xFF, 0xFF, 0xFF, 0xFF, 0xFF,
  0xFF, 0xFE, 0x00, 0x00, 0xFF, 0xFF, 0xFF, 0xFF, 0xFF, 0xFF, 0xFF, 0xFF,
  0xFF, 0xFF, 0xFF, 0x00, 0x00, 0x3F, 0xFF, 0xFF, 0xFF, 0xFF, 0xFF, 0xFF,
  0xFF, 0xFF, 0xFF, 0xFF, 0x80, 0x00, 0x0F, 0xFF, 0xFF, 0xFF, 0xFF, 0xFF,
  0xFF, 0xFF, 0xFF, 0xFF, 0xFF, 0xC0, 0x00, 0x01, 0xFF, 0xFF, 0xFF, 0xFF,
  0xFF, 0xFF, 0xFF, 0xFF, 0xFF, 0xFF, 0xE0, 0x00, 0x00, 0x7F, 0xFF, 0xFF,
  0xFF, 0xFF, 0xFF, 0xFF, 0xFF, 0xFF, 0xFF, 0xF0, 0x00, 0x00, 0x1F, 0xFF,
  0xFF, 0xFF, 0xFF, 0xFF, 0xFF, 0xFF, 0xFF, 0xFF, 0xF8, 0x00, 0x00, 0x03,
  0xFF, 0xFF, 0xFF, 0xFF, 0xFF, 0xFF, 0xFC, 0xFF, 0xFF, 0xFC, 0x00, 0x00,
  0x00, 0x7F, 0xFF, 0xFF, 0xFF, 0xFF, 0xFF, 0xF8, 0x1F, 0xFF, 0xFC, 0x00,
  0x00, 0x00, 0x0F, 0xFF, 0xFF, 0xFF, 0xFF, 0xFF, 0xF0, 0x07, 0xFF, 0xFE,
  0x00, 0x00, 0x00, 0x01, 0xFF, 0xFF, 0xFF, 0xFF, 0xFF, 0xE0, 0x01, 0xFF,
  0xFE, 0x00, 0x00, 0x00, 0x00, 0x3F, 0xFF, 0xFF, 0xFF, 0xFF, 0xC0, 0x00,
  0x7F, 0xFE, 0x00, 0x00, 0x00, 0x00, 0x03, 0xFF, 0xFF, 0xFF, 0xFF, 0x00,
  0x00, 0x1F, 0xFE, 0x00, 0x00, 0x00, 0x00, 0x00, 0x1F, 0xFF, 0xFF, 0xF8,
  0x00, 0x00, 0x03, 0xFC, 0x00, 0x00, 0x00, 0x00, 0x00, 0x00, 0x7F, 0xFF,
  0x80, 0x00, 0x00, 0x00, 0x00, 0x00, 0x01, 0xFF, 0xFF, 0xFF, 0xFF, 0xFF,
  0xF8, 0x00, 0x00, 0x00, 0x01, 0xFF, 0xFF, 0xFF, 0xFF, 0xFF, 0xFF, 0xF0,
  0x00, 0x00, 0x00, 0xFF, 0xFF, 0xFF, 0xFF, 0xFF, 0xFF, 0xFF, 0x80, 0x00,
  0x00, 0x7F, 0xFF, 0xFF, 0xFF, 0xFF, 0xFF, 0xFF, 0xFC, 0x00, 0x00, 0x3F,
  0xFF, 0xFF, 0xFF, 0xFF, 0xFF, 0xFF, 0xFF, 0xC0, 0x00, 0x1F, 0xFF, 0xFF,
  0xFF, 0xFF, 0xFF, 0xFF, 0xFF, 0xFC, 0x00, 0x07, 0xFF, 0xFF, 0xFF, 0xFF,
  0xFF, 0xFF, 0xFF, 0xFF, 0x80, 0x03, 0xFF, 0xFF, 0xFF, 0xFF, 0xFF, 0xFF,
  0xFF, 0xFF, 0xF8, 0x00, 0xFF, 0xFF, 0xFF, 0xFF, 0xFF, 0xFF, 0xFF, 0xFF,
  0xFF, 0x00, 0x3F, 0xFF, 0xFF, 0xFF, 0xFF, 0xFF, 0xFF, 0xFF, 0xFF, 0xE0,
  0x0F, 0xFF, 0xFF, 0xFF, 0xFF, 0xFF, 0xFF, 0xFF, 0xFF, 0xFC, 0x03, 0xFF,
  0xFF, 0xFF, 0xFF, 0xFF, 0xFF, 0xFF, 0xFF, 0xFF, 0x80, 0xFF, 0xFF, 0xFF,
  0xFF, 0xFF, 0xFF, 0xFF, 0xFF, 0xFF, 0xF0, 0x3F, 0xFF, 0xFF, 0xFF, 0xFF,
  0xFF, 0xFF, 0xFF, 0xFF, 0xFC, 0x0F, 0xFF, 0xFF, 0xFF, 0xFF, 0xFF, 0xFF,
  0xFF, 0xFF, 0xFF, 0x83, 0xFF, 0xFF, 0xFF, 0xFF, 0xFF, 0xFF, 0xFF, 0xFF,
  0xFF, 0xF0, 0xFF, 0xFF, 0xFF, 0xFF, 0xFF, 0xFF, 0xFF, 0xFF, 0xFF, 0xFC,
  0x3F, 0xFF, 0xFF, 0xFF, 0xFF, 0xFF, 0xFF, 0xFF, 0xFF, 0xFF, 0x8F, 0xFF,
  0xFF, 0x80, 0x00, 0x00, 0x0F, 0xFF, 0xFF, 0xFF, 0xE3, 0xFF, 0xFF, 0xE0,
  0x00, 0x00, 0x00, 0x7F, 0xFF, 0xFF, 0xFC, 0xFF, 0xFF, 0xF8, 0x00, 0x00,
  0x00, 0x07, 0xFF, 0xFF, 0xFF, 0x3F, 0xFF, 0xFE, 0x00, 0x00, 0x00, 0x00,
  0x7F, 0xFF, 0xFF, 0xCF, 0xFF, 0xFF, 0x80, 0x00, 0x00, 0x00, 0x0F, 0xFF,
  0xFF, 0xFB, 0xFF, 0xFF, 0xE0, 0x00, 0x00, 0x00, 0x01, 0xFF, 0xFF, 0xFE,
  0xFF, 0xFF, 0xF8, 0x00, 0x00, 0x00, 0x00, 0x3F, 0xFF, 0xFF, 0xBF, 0xFF,
  0xFE, 0x00, 0x00, 0x00, 0x00, 0x0F, 0xFF, 0xFF, 0xEF, 0xFF, 0xFF, 0x80,
  0x00, 0x00, 0x00, 0x01, 0xFF, 0xFF, 0xFF, 0xFF, 0xFF, 0xE0, 0x00, 0x00,
  0x00, 0x00, 0x7F, 0xFF, 0xFF, 0xFF, 0xFF, 0xF8, 0x00, 0x00, 0x00, 0x00,
  0x1F, 0xFF, 0xFF, 0xFF, 0xFF, 0xFE, 0x00, 0x00, 0x00, 0x00, 0x03, 0xFF,
  0xFF, 0xFF, 0xFF, 0xFF, 0x80, 0x00, 0x00, 0x00, 0x00, 0xFF, 0xFF, 0xFF,
  0xFF, 0xFF, 0xE0, 0x00, 0x00, 0x00, 0x00, 0x3F, 0xFF, 0xFF, 0xFF, 0xFF,
  0xF8, 0x00, 0x00, 0x00, 0x00, 0x0F, 0xFF, 0xFF, 0xFF, 0xFF, 0xFE, 0x00,
  0x00, 0x00, 0x00, 0x03, 0xFF, 0xFF, 0xFF, 0xFF, 0xFF, 0x80, 0x00, 0x00,
  0x00, 0x00, 0xFF, 0xFF, 0xFF, 0xFF, 0xFF, 0xE0, 0x00, 0x00, 0x00, 0x00,
  0x3F, 0xFF, 0xFF, 0xFF, 0xFF, 0xF8, 0x00, 0x00, 0x00, 0x00, 0x0F, 0xFF,
  0xFF, 0xFF, 0xFF, 0xFE, 0x00, 0x00, 0x00, 0x00, 0x03, 0xFF, 0xFF, 0xFF,
  0xFF, 0xFF, 0x80, 0x00, 0x00, 0x00, 0x01, 0xFF, 0xFF, 0xFF, 0xFF, 0xFF,
  0xE0, 0x00, 0x00, 0x00, 0x00, 0x7F, 0xFF, 0xFE, 0xFF, 0xFF, 0xF8, 0x00,
  0x00, 0x00, 0x00, 0x1F, 0xFF, 0xFF, 0xBF, 0xFF, 0xFE, 0x00, 0x00, 0x00,
  0x00, 0x0F, 0xFF, 0xFF, 0xEF, 0xFF, 0xFF, 0x80, 0x00, 0x00, 0x00, 0x03,
  0xFF, 0xFF, 0xFB, 0xFF, 0xFF, 0xE0, 0x00, 0x00, 0x00, 0x01, 0xFF, 0xFF,
  0xFE, 0xFF, 0xFF, 0xF8, 0x00, 0x00, 0x00, 0x00, 0xFF, 0xFF, 0xFF, 0x3F,
  0xFF, 0xFE, 0x00, 0x00, 0x00, 0x00, 0x7F, 0xFF, 0xFF, 0xCF, 0xFF, 0xFF,
  0x80, 0x00, 0x00, 0x00, 0x7F, 0xFF, 0xFF, 0xF3, 0xFF, 0xFF, 0xE0, 0x00,
  0x00, 0x00, 0x3F, 0xFF, 0xFF, 0xF8, 0xFF, 0xFF, 0xF8, 0x00, 0x00, 0x00,
  0xFF, 0xFF, 0xFF, 0xFE, 0x3F, 0xFF, 0xFF, 0xFF, 0xFF, 0xFF, 0xFF, 0xFF,
  0xFF, 0xFF, 0x0F, 0xFF, 0xFF, 0xFF, 0xFF, 0xFF, 0xFF, 0xFF, 0xFF, 0xFF,
  0xC3, 0xFF, 0xFF, 0xFF, 0xFF, 0xFF, 0xFF, 0xFF, 0xFF, 0xFF, 0xE0, 0xFF,
  0xFF, 0xFF, 0xFF, 0xFF, 0xFF, 0xFF, 0xFF, 0xFF, 0xF0, 0x3F, 0xFF, 0xFF,
  0xFF, 0xFF, 0xFF, 0xFF, 0xFF, 0xFF, 0xFC, 0x0F, 0xFF, 0xFF, 0xFF, 0xFF,
  0xFF, 0xFF, 0xFF, 0xFF, 0xFE, 0x03, 0xFF, 0xFF, 0xFF, 0xFF, 0xFF, 0xFF,
  0xFF, 0xFF, 0xFF, 0x00, 0xFF, 0xFF, 0xFF, 0xFF, 0xFF, 0xFF, 0xFF, 0xFF,
  0xFF, 0x80, 0x3F, 0xFF, 0xFF, 0xFF, 0xFF, 0xFF, 0xFF, 0xFF, 0xFF, 0xC0,
  0x0F, 0xFF, 0xFF, 0xFF, 0xFF, 0xFF, 0xFF, 0xFF, 0xFF, 0xC0, 0x03, 0xFF,
  0xFF, 0xFF, 0xFF, 0xFF, 0xFF, 0xFF, 0xFF, 0xE0, 0x00, 0xFF, 0xFF, 0xFF,
  0xFF, 0xFF, 0xFF, 0xFF, 0xFF, 0xE0, 0x00, 0x3F, 0xFF, 0xFF, 0xFF, 0xFF,
  0xFF, 0xFF, 0xFF, 0xE0, 0x00, 0x0F, 0xFF, 0xFF, 0xFF, 0xFF, 0xFF, 0xFF,
  0xFF, 0xE0, 0x00, 0x03, 0xFF, 0xFF, 0xFF, 0xFF, 0xFF, 0xFF, 0xFF, 0xF8,
  0x00, 0x00, 0xFF, 0xFF, 0xFF, 0xFF, 0xFF, 0xFF, 0xFF, 0xFE, 0x00, 0x00,
  0x3F, 0xFF, 0xFF, 0xFF, 0xFF, 0xFF, 0xFF, 0xFF, 0xC0, 0x00, 0x0F, 0xFF,
  0xFF, 0xFF, 0xFF, 0xFF, 0xFF, 0xFF, 0xF8, 0x00, 0x03, 0xFF, 0xFF, 0xE0,
  0x00, 0x07, 0xFF, 0xFF, 0xFF, 0x00, 0x00, 0xFF, 0xFF, 0xF8, 0x00, 0x00,
  0xFF, 0xFF, 0xFF, 0xE0, 0x00, 0x3F, 0xFF, 0xFE, 0x00, 0x00, 0x3F, 0xFF,
  0xFF, 0xFC, 0x00, 0x0F, 0xFF, 0xFF, 0x80, 0x00, 0x07, 0xFF, 0xFF, 0xFF,
  0x00, 0x03, 0xFF, 0xFF, 0xE0, 0x00, 0x00, 0xFF, 0xFF, 0xFF, 0xE0, 0x00,
  0xFF, 0xFF, 0xF8, 0x00, 0x00, 0x1F, 0xFF, 0xFF, 0xFC, 0x00, 0x3F, 0xFF,
  0xFE, 0x00, 0x00, 0x03, 0xFF, 0xFF, 0xFF, 0x80, 0x0F, 0xFF, 0xFF, 0x80,
  0x00, 0x00, 0xFF, 0xFF, 0xFF, 0xF0, 0x03, 0xFF, 0xFF, 0xE0, 0x00, 0x00,
  0x1F, 0xFF, 0xFF, 0xFE, 0x00, 0xFF, 0xFF, 0xF8, 0x00, 0x00, 0x03, 0xFF,
  0xFF, 0xFF, 0x80, 0x3F, 0xFF, 0xFE, 0x00, 0x00, 0x00, 0x7F, 0xFF, 0xFF,
  0xF0, 0x0F, 0xFF, 0xFF, 0x80, 0x00, 0x00, 0x0F, 0xFF, 0xFF, 0xFE, 0x03,
  0xFF, 0xFF, 0xE0, 0x00, 0x00, 0x03, 0xFF, 0xFF, 0xFF, 0xC0, 0xFF, 0xFF,
  0xF8, 0x00, 0x00, 0x00, 0x7F, 0xFF, 0xFF, 0xF8, 0x3F, 0xFF, 0xFE, 0x00,
  0x00, 0x00, 0x0F, 0xFF, 0xFF, 0xFF, 0x0F, 0xFF, 0xFF, 0x80, 0x00, 0x00,
  0x01, 0xFF, 0xFF, 0xFF, 0xC3, 0xFF, 0xFF, 0xE0, 0x00, 0x00, 0x00, 0x3F,
  0xFF, 0xFF, 0xF8, 0xFF, 0xFF, 0xF8, 0x00, 0x00, 0x00, 0x0F, 0xFF, 0xFF,
  0xFE, 0x3F, 0xFF, 0xFE, 0x00, 0x00, 0x00, 0x01, 0xFF, 0xFF, 0xFF, 0xCF,
  0xFF, 0xFF, 0x80, 0x00, 0x00, 0x00, 0x3F, 0xFF, 0xFF, 0xF3, 0xFF, 0xFF,
  0xE0, 0x00, 0x00, 0x00, 0x07, 0xFF, 0xFF, 0xFE, 0xFF, 0xFF, 0xF8, 0x00,
  0x00, 0x00, 0x00, 0xFF, 0xFF, 0xFF, 0xBF, 0xFF, 0xFE, 0x00, 0x00, 0x00,
  0x00, 0x3F, 0xFF, 0xFF, 0xEF, 0xFF, 0xFF, 0x80, 0x00, 0x00, 0x00, 0x07,
  0xFF, 0xFF, 0xFB, 0xFF, 0xFF, 0xE0, 0x00, 0x00, 0x00, 0x00, 0xFF, 0xFF,
  0xFE, 0x7F, 0xFF, 0xF0, 0x00, 0x00, 0x00, 0x00, 0x1F, 0xFF, 0xFF, 0x1F,
  0xFF, 0xFC, 0x00, 0x00, 0x00, 0x00, 0x03, 0xFF, 0xFF, 0xC3, 0xFF, 0xFE,
  0x00, 0x00, 0x00, 0x00, 0x00, 0xFF, 0xFF, 0xF0, 0xFF, 0xFF, 0x80, 0x00,
  0x00, 0x00, 0x00, 0x1F, 0xFF, 0xF8, 0x1F, 0xFF, 0xC0, 0x00, 0x00, 0x00,
  0x00, 0x03, 0xFF, 0xFC, 0x03, 0xFF, 0xE0, 0x00, 0x00, 0x00, 0x00, 0x00,
  0x3F, 0xFE, 0x00, 0x3F, 0xE0, 0x00, 0x00, 0x00, 0x00, 0x00, 0x03, 0xFE,
  0x00, 0x00, 0x80, 0x00, 0x00, 0x00, 0x00, 0x00, 0x00, 0x08, 0x00, 0x00,
  0x00, 0x00, 0x03, 0xFF, 0xFC, 0x00, 0x00, 0x00, 0x00, 0x00, 0x00, 0x03,
  0xFF, 0xFF, 0xFF, 0x80, 0x00, 0x00, 0x00, 0x00, 0x00, 0xFF, 0xFF, 0xFF,
  0xFF, 0x80, 0x00, 0x00, 0x00, 0x00, 0x1F, 0xFF, 0xFF, 0xFF, 0xFF, 0x80,
  0x00, 0x00, 0x00, 0x03, 0xFF, 0xFF, 0xFF, 0xFF, 0xFF, 0x80, 0x00, 0x00,
  0x00, 0x7F, 0xFF, 0xFF, 0xFF, 0xFF, 0xFF, 0x00, 0x00, 0x00, 0x07, 0xFF,
  0xFF, 0xFF, 0xFF, 0xFF, 0xFE, 0x00, 0x00, 0x00, 0xFF, 0xFF, 0xFF, 0xFF,
  0xFF, 0xFF, 0xFC, 0x00, 0x00, 0x0F, 0xFF, 0xFF, 0xFF, 0xFF, 0xFF, 0xFF,
  0xF8, 0x00, 0x00, 0xFF, 0xFF, 0xFF, 0xFF, 0xFF, 0xFF, 0xFF, 0xE0, 0x00,
  0x0F, 0xFF, 0xFF, 0xFF, 0xFF, 0xFF, 0xFF, 0xFF, 0x80, 0x00, 0xFF, 0xFF,
  0xFF, 0xFF, 0xFF, 0xFF, 0xFF, 0xFE, 0x00, 0x07, 0xFF, 0xFF, 0xFF, 0xFF,
  0xFF, 0xFF, 0xFF, 0xF8, 0x00, 0x7F, 0xFF, 0xFF, 0xFF, 0xFF, 0xFF, 0xFF,
  0xFF, 0xC0, 0x07, 0xFF, 0xFF, 0xFF, 0xFF, 0xFF, 0xFF, 0xFF, 0xFE, 0x00,
  0x3F, 0xFF, 0xFF, 0xFF, 0xFF, 0xFF, 0xFF, 0xFF, 0xF8, 0x03, 0xFF, 0xFF,
  0xFF, 0xFF, 0xFF, 0xFF, 0xFF, 0xFF, 0xC0, 0x1F, 0xFF, 0xFF, 0xFF, 0xFF,
  0xFF, 0xFF, 0xFF, 0xFE, 0x01, 0xFF, 0xFF, 0xFF, 0xC0, 0x0F, 0xFF, 0xFF,
  0xFF, 0xE0, 0x0F, 0xFF, 0xFF, 0xF0, 0x00, 0x07, 0xFF, 0xFF, 0xFF, 0x00,
  0xFF, 0xFF, 0xFE, 0x00, 0x00, 0x07, 0xFF, 0xFF, 0xF8, 0x07, 0xFF, 0xFF,
  0xE0, 0x00, 0x00, 0x0F, 0xFF, 0xFF, 0x80, 0x3F, 0xFF, 0xFE, 0x00, 0x00,
  0x00, 0x0F, 0xFF, 0xFC, 0x01, 0xFF, 0xFF, 0xF0, 0x00, 0x00, 0x00, 0x3F,
  0xFF, 0xC0, 0x1F, 0xFF, 0xFF, 0x00, 0x00, 0x00, 0x00, 0x7F, 0xFC, 0x00,
  0xFF, 0xFF, 0xF8, 0x00, 0x00, 0x00, 0x00, 0xFF, 0x80, 0x07, 0xFF, 0xFF,
  0xC0, 0x00, 0x00, 0x00, 0x00, 0x00, 0x00, 0x3F, 0xFF, 0xFE, 0x00, 0x00,
  0x00, 0x00, 0x00, 0x00, 0x01, 0xFF, 0xFF, 0xF0, 0x00, 0x00, 0x00, 0x00,
  0x00, 0x00, 0x0F, 0xFF, 0xFF, 0x80, 0x00, 0x00, 0x00, 0x00, 0x00, 0x00,
  0x7F, 0xFF, 0xFE, 0x00, 0x00, 0x00, 0x00, 0x00, 0x00, 0x03, 0xFF, 0xFF,
  0xF0, 0x00, 0x00, 0x00, 0x00, 0x00, 0x00, 0x1F, 0xFF, 0xFF, 0xC0, 0x00,
  0x00, 0x00, 0x00, 0x00, 0x00, 0xFF, 0xFF, 0xFF, 0x00, 0x00, 0x00, 0x00,
  0x00, 0x00, 0x07, 0xFF, 0xFF, 0xFE, 0x00, 0x00, 0x00, 0x00, 0x00, 0x00,
  0x3F, 0xFF, 0xFF, 0xFC, 0x00, 0x00, 0x00, 0x00, 0x00, 0x01, 0xFF, 0xFF,
  0xFF, 0xFC, 0x00, 0x00, 0x00, 0x00, 0x00, 0x07, 0xFF, 0xFF, 0xFF, 0xFC,
  0x00, 0x00, 0x00, 0x00, 0x00, 0x3F, 0xFF, 0xFF, 0xFF, 0xFC, 0x00, 0x00,
  0x00, 0x00, 0x01, 0xFF, 0xFF, 0xFF, 0xFF, 0xFC, 0x00, 0x00, 0x00, 0x00,
  0x07, 0xFF, 0xFF, 0xFF, 0xFF, 0xFE, 0x00, 0x00, 0x00, 0x00, 0x3F, 0xFF,
  0xFF, 0xFF, 0xFF, 0xFF, 0x00, 0x00, 0x00, 0x01, 0xFF, 0xFF, 0xFF, 0xFF,
  0xFF, 0xFF, 0x00, 0x00, 0x00, 0x07, 0xFF, 0xFF, 0xFF, 0xFF, 0xFF, 0xFE,
  0x00, 0x00, 0x00, 0x3F, 0xFF, 0xFF, 0xFF, 0xFF, 0xFF, 0xFE, 0x00, 0x00,
  0x00, 0xFF, 0xFF, 0xFF, 0xFF, 0xFF, 0xFF, 0xFC, 0x00, 0x00, 0x03, 0xFF,
  0xFF, 0xFF, 0xFF, 0xFF, 0xFF, 0xF8, 0x00, 0x00, 0x1F, 0xFF, 0xFF, 0xFF,
  0xFF, 0xFF, 0xFF, 0xF0, 0x00, 0x00, 0x7F, 0xFF, 0xFF, 0xFF, 0xFF, 0xFF,
  0xFF, 0xC0, 0x00, 0x01, 0xFF, 0xFF, 0xFF, 0xFF, 0xFF, 0xFF, 0xFF, 0x00,
  0x00, 0x07, 0xFF, 0xFF, 0xFF, 0xFF, 0xFF, 0xFF, 0xFE, 0x00, 0x00, 0x0F,
  0xFF, 0xFF, 0xFF, 0xFF, 0xFF, 0xFF, 0xF8, 0x00, 0x00, 0x3F, 0xFF, 0xFF,
  0xFF, 0xFF, 0xFF, 0xFF, 0xE0, 0x00, 0x00, 0x7F, 0xFF, 0xFF, 0xFF, 0xFF,
  0xFF, 0xFF, 0x80, 0x00, 0x00, 0xFF, 0xFF, 0xFF, 0xFF, 0xFF, 0xFF, 0xFE,
  0x00, 0x00, 0x01, 0xFF, 0xFF, 0xFF, 0xFF, 0xFF, 0xFF, 0xF0, 0x00, 0x00,
  0x03, 0xFF, 0xFF, 0xFF, 0xFF, 0xFF, 0xFF, 0xC0, 0x00, 0x00, 0x03, 0xFF,
  0xFF, 0xFF, 0xFF, 0xFF, 0xFE, 0x00, 0x00, 0x00, 0x03, 0xFF, 0xFF, 0xFF,
  0xFF, 0xFF, 0xF8, 0x00, 0x00, 0x00, 0x03, 0xFF, 0xFF, 0xFF, 0xFF, 0xFF,
  0xC0, 0x00, 0x00, 0x00, 0x01, 0xFF, 0xFF, 0xFF, 0xFF, 0xFF, 0x00, 0x00,
  0x00, 0x00, 0x00, 0xFF, 0xFF, 0xFF, 0xFF, 0xF8, 0x00, 0x00, 0x00, 0x00,
  0x00, 0x7F, 0xFF, 0xFF, 0xFF, 0xC0, 0x00, 0x00, 0x00, 0x00, 0x00, 0x7F,
  0xFF, 0xFF, 0xFE, 0x00, 0x00, 0x00, 0x00, 0x00, 0x00, 0xFF, 0xFF, 0xFF,
  0xF8, 0x00, 0x00, 0x00, 0x00, 0x00, 0x01, 0xFF, 0xFF, 0xFF, 0xC0, 0x00,
  0x00, 0x00, 0x00, 0x00, 0x03, 0xFF, 0xFF, 0xFE, 0x00, 0x00, 0x00, 0x00,
  0x00, 0x00, 0x07, 0xFF, 0xFF, 0xF0, 0x00, 0x00, 0x00, 0x00, 0x00, 0x00,
  0x3F, 0xFF, 0xFF, 0x80, 0x00, 0x00, 0x00, 0x00, 0x00, 0x00, 0xFF, 0xFF,
  0xFC, 0x00, 0x00, 0x00, 0x00, 0x00, 0x00, 0x03, 0xFF, 0xFF, 0xE0, 0x00,
  0x00, 0x00, 0x00, 0x00, 0x00, 0x1F, 0xFF, 0xFF, 0x03, 0xFC, 0x00, 0x00,
  0x00, 0x00, 0x00, 0xFF, 0xFF, 0xF8, 0x7F, 0xF8, 0x00, 0x00, 0x00, 0x00,
  0x07, 0xFF, 0xFF, 0xC7, 0xFF, 0xE0, 0x00, 0x00, 0x00, 0x00, 0x3F, 0xFF,
  0xFE, 0x7F, 0xFF, 0xC0, 0x00, 0x00, 0x00, 0x01, 0xFF, 0xFF, 0xF7, 0xFF,
  0xFF, 0x00, 0x00, 0x00, 0x00, 0x0F, 0xFF, 0xFF, 0x3F, 0xFF, 0xFE, 0x00,
  0x00, 0x00, 0x00, 0xFF, 0xFF, 0xFB, 0xFF, 0xFF, 0xFC, 0x00, 0x00, 0x00,
  0x0F, 0xFF, 0xFF, 0xDF, 0xFF, 0xFF, 0xF8, 0x00, 0x00, 0x00, 0x7F, 0xFF,
  0xFE, 0xFF, 0xFF, 0xFF, 0xF0, 0x00, 0x00, 0x0F, 0xFF, 0xFF, 0xE7, 0xFF,
  0xFF, 0xFF, 0xF0, 0x00, 0x01, 0xFF, 0xFF, 0xFF, 0x3F, 0xFF, 0xFF, 0xFF,
  0xFC, 0x00, 0x7F, 0xFF, 0xFF, 0xF9, 0xFF, 0xFF, 0xFF, 0xFF, 0xFF, 0xFF,
  0xFF, 0xFF, 0xFF, 0x8F, 0xFF, 0xFF, 0xFF, 0xFF, 0xFF, 0xFF, 0xFF, 0xFF,
  0xFC, 0x3F, 0xFF, 0xFF, 0xFF, 0xFF, 0xFF, 0xFF, 0xFF, 0xFF, 0xC1, 0xFF,
  0xFF, 0xFF, 0xFF, 0xFF, 0xFF, 0xFF, 0xFF, 0xFE, 0x07, 0xFF, 0xFF, 0xFF,
  0xFF, 0xFF, 0xFF, 0xFF, 0xFF, 0xE0, 0x1F, 0xFF, 0xFF, 0xFF, 0xFF, 0xFF,
  0xFF, 0xFF, 0xFE, 0x00, 0x7F, 0xFF, 0xFF, 0xFF, 0xFF, 0xFF, 0xFF, 0xFF,
  0xE0, 0x01, 0xFF, 0xFF, 0xFF, 0xFF, 0xFF, 0xFF, 0xFF, 0xFF, 0x00, 0x03,
  0xFF, 0xFF, 0xFF, 0xFF, 0xFF, 0xFF, 0xFF, 0xF0, 0x00, 0x07, 0xFF, 0xFF,
  0xFF, 0xFF, 0xFF, 0xFF, 0xFE, 0x00, 0x00, 0x1F, 0xFF, 0xFF, 0xFF, 0xFF,
  0xFF, 0xFF, 0xE0, 0x00, 0x00, 0x3F, 0xFF, 0xFF, 0xFF, 0xFF, 0xFF, 0xFE,
  0x00, 0x00, 0x00, 0x3F, 0xFF, 0xFF, 0xFF, 0xFF, 0xFF, 0xC0, 0x00, 0x00,
  0x00, 0x7F, 0xFF, 0xFF, 0xFF, 0xFF, 0xFC, 0x00, 0x00, 0x00, 0x00, 0x7F,
  0xFF, 0xFF, 0xFF, 0xFF, 0x00, 0x00, 0x00, 0x00, 0x00, 0x7F, 0xFF, 0xFF,
  0xFF, 0xE0, 0x00, 0x00, 0x00, 0x00, 0x00, 0x3F, 0xFF, 0xFF, 0xF8, 0x00,
  0x00, 0x00, 0x00, 0x00, 0x00, 0x0F, 0xFF, 0xF8, 0x00, 0x00, 0x00, 0x00,
  0x01, 0xFF, 0xFF, 0xFF, 0xFF, 0xFF, 0xFF, 0xFF, 0xFF, 0xF8, 0x00, 0x7F,
  0xFF, 0xFF, 0xFF, 0xFF, 0xFF, 0xFF, 0xFF, 0xFF, 0xE0, 0x1F, 0xFF, 0xFF,
  0xFF, 0xFF, 0xFF, 0xFF, 0xFF, 0xFF, 0xFF, 0x83, 0xFF, 0xFF, 0xFF, 0xFF,
  0xFF, 0xFF, 0xFF, 0xFF, 0xFF, 0xFC, 0x3F, 0xFF, 0xFF, 0xFF, 0xFF, 0xFF,
  0xFF, 0xFF, 0xFF, 0xFF, 0xC7, 0xFF, 0xFF, 0xFF, 0xFF, 0xFF, 0xFF, 0xFF,
  0xFF, 0xFF, 0xFE, 0x7F, 0xFF, 0xFF, 0xFF, 0xFF, 0xFF, 0xFF, 0xFF, 0xFF,
  0xFF, 0xEF, 0xFF, 0xFF, 0xFF, 0xFF, 0xFF, 0xFF, 0xFF, 0xFF, 0xFF, 0xFF,
  0xFF, 0xFF, 0xFF, 0xFF, 0xFF, 0xFF, 0xFF, 0xFF, 0xFF, 0xFF, 0xFF, 0xFF,
  0xFF, 0xFF, 0xFF, 0xFF, 0xFF, 0xFF, 0xFF, 0xFF, 0xFF, 0xFF, 0xFF, 0xFF,
  0xFF, 0xFF, 0xFF, 0xFF, 0xFF, 0xFF, 0xFF, 0xFF, 0xFF, 0xFF, 0xFF, 0xFF,
  0xFF, 0xFF, 0xFF, 0xFF, 0xFF, 0xFF, 0xFF, 0xFF, 0xFF, 0xFF, 0xFF, 0xFF,
  0xFF, 0xFF, 0xFF, 0xFF, 0xF7, 0xFF, 0xFF, 0xFF, 0xFF, 0xFF, 0xFF, 0xFF,
  0xFF, 0xFF, 0xFE, 0x7F, 0xFF, 0xFF, 0xFF, 0xFF, 0xFF, 0xFF, 0xFF, 0xFF,
  0xFF, 0xE3, 0xFF, 0xFF, 0xFF, 0xFF, 0xFF, 0xFF, 0xFF, 0xFF, 0xFF, 0xFC,
  0x3F, 0xFF, 0xFF, 0xFF, 0xFF, 0xFF, 0xFF, 0xFF, 0xFF, 0xFF, 0x81, 0xFF,
  0xFF, 0xFF, 0xFF, 0xFF, 0xFF, 0xFF, 0xFF, 0xFF, 0xF0, 0x07, 0xFF, 0xFF,
  0xFF, 0xFF, 0xFF, 0xFF, 0xFF, 0xFF, 0xFE, 0x00, 0x1F, 0xFF, 0xFF, 0xFF,
  0xFF, 0xFF, 0xFF, 0xFF, 0xFF, 0x80, 0x00, 0x00, 0x00, 0x01, 0xFF, 0xFF,
  0xF0, 0x00, 0x00, 0x00, 0x00, 0x00, 0x00, 0x00, 0x1F, 0xFF, 0xFF, 0x00,
  0x00, 0x00, 0x00, 0x00, 0x00, 0x00, 0x01, 0xFF, 0xFF, 0xF0, 0x00, 0x00,
  0x00, 0x00, 0x00, 0x00, 0x00, 0x1F, 0xFF, 0xFF, 0x00, 0x00, 0x00, 0x00,
  0x00, 0x00, 0x00, 0x01, 0xFF, 0xFF, 0xF0, 0x00, 0x00, 0x00, 0x00, 0x00,
  0x00, 0x00, 0x1F, 0xFF, 0xFF, 0x00, 0x00, 0x00, 0x00, 0x00, 0x00, 0x00,
  0x01, 0xFF, 0xFF, 0xF0, 0x00, 0x00, 0x00, 0x00, 0x00, 0x00, 0x00, 0x1F,
  0xFF, 0xFF, 0x00, 0x00, 0x00, 0x00, 0x00, 0x00, 0x00, 0x01, 0xFF, 0xFF,
  0xF0, 0x00, 0x00, 0x00, 0x00, 0x00, 0x00, 0x00, 0x1F, 0xFF, 0xFF, 0x00,
  0x00, 0x00, 0x00, 0x00, 0x00, 0x00, 0x01, 0xFF, 0xFF, 0xF0, 0x00, 0x00,
  0x00, 0x00, 0x00, 0x00, 0x00, 0x1F, 0xFF, 0xFF, 0x00, 0x00, 0x00, 0x00,
  0x00, 0x00, 0x00, 0x01, 0xFF, 0xFF, 0xF0, 0x00, 0x00, 0x00, 0x00, 0x00,
  0x00, 0x00, 0x1F, 0xFF, 0xFF, 0x00, 0x00, 0x00, 0x00, 0x00, 0x00, 0x00,
  0x01, 0xFF, 0xFF, 0xF0, 0x00, 0x00, 0x00, 0x00, 0x00, 0x00, 0x00, 0x1F,
  0xFF, 0xFF, 0x00, 0x00, 0x00, 0x00, 0x00, 0x00, 0x00, 0x01, 0xFF, 0xFF,
  0xF0, 0x00, 0x00, 0x00, 0x00, 0x00, 0x00, 0x00, 0x1F, 0xFF, 0xFF, 0x00,
  0x00, 0x00, 0x00, 0x00, 0x00, 0x00, 0x01, 0xFF, 0xFF, 0xF0, 0x00, 0x00,
  0x00, 0x00, 0x00, 0x00, 0x00, 0x1F, 0xFF, 0xFF, 0x00, 0x00, 0x00, 0x00,
  0x00, 0x00, 0x00, 0x01, 0xFF, 0xFF, 0xF0, 0x00, 0x00, 0x00, 0x00, 0x00,
  0x00, 0x00, 0x1F, 0xFF, 0xFF, 0x00, 0x00, 0x00, 0x00, 0x00, 0x00, 0x00,
  0x01, 0xFF, 0xFF, 0xF0, 0x00, 0x00, 0x00, 0x00, 0x00, 0x00, 0x00, 0x1F,
  0xFF, 0xFF, 0x00, 0x00, 0x00, 0x00, 0x00, 0x00, 0x00, 0x01, 0xFF, 0xFF,
  0xF0, 0x00, 0x00, 0x00, 0x00, 0x00, 0x00, 0x00, 0x1F, 0xFF, 0xFF, 0x00,
  0x00, 0x00, 0x00, 0x00, 0x00, 0x00, 0x01, 0xFF, 0xFF, 0xF0, 0x00, 0x00,
  0x00, 0x00, 0x00, 0x00, 0x00, 0x1F, 0xFF, 0xFF, 0x00, 0x00, 0x00, 0x00,
  0x00, 0x00, 0x00, 0x01, 0xFF, 0xFF, 0xF0, 0x00, 0x00, 0x00, 0x00, 0x00,
  0x00, 0x00, 0x1F, 0xFF, 0xFF, 0x00, 0x00, 0x00, 0x00, 0x00, 0x00, 0x00,
  0x01, 0xFF, 0xFF, 0xF0, 0x00, 0x00, 0x00, 0x00, 0x00, 0x00, 0x00, 0x1F,
  0xFF, 0xFF, 0x00, 0x00, 0x00, 0x00, 0x00, 0x00, 0x00, 0x01, 0xFF, 0xFF,
  0xF0, 0x00, 0x00, 0x00, 0x00, 0x00, 0x00, 0x00, 0x1F, 0xFF, 0xFF, 0x00,
  0x00, 0x00, 0x00, 0x00, 0x00, 0x00, 0x01, 0xFF, 0xFF, 0xF0, 0x00, 0x00,
  0x00, 0x00, 0x00, 0x00, 0x00, 0x1F, 0xFF, 0xFF, 0x00, 0x00, 0x00, 0x00,
  0x00, 0x00, 0x00, 0x01, 0xFF, 0xFF, 0xF0, 0x00, 0x00, 0x00, 0x00, 0x00,
  0x00, 0x00, 0x1F, 0xFF, 0xFF, 0x00, 0x00, 0x00, 0x00, 0x00, 0x00, 0x00,
  0x01, 0xFF, 0xFF, 0xF0, 0x00, 0x00, 0x00, 0x00, 0x00, 0x00, 0x00, 0x1F,
  0xFF, 0xFF, 0x00, 0x00, 0x00, 0x00, 0x00, 0x00, 0x00, 0x01, 0xFF, 0xFF,
  0xF0, 0x00, 0x00, 0x00, 0x00, 0x00, 0x00, 0x00, 0x1F, 0xFF, 0xFF, 0x00,
  0x00, 0x00, 0x00, 0x00, 0x00, 0x00, 0x01, 0xFF, 0xFF, 0xF0, 0x00, 0x00,
  0x00, 0x00, 0x00, 0x00, 0x00, 0x1F, 0xFF, 0xFF, 0x00, 0x00, 0x00, 0x00,
  0x00, 0x00, 0x00, 0x01, 0xFF, 0xFF, 0xF0, 0x00, 0x00, 0x00, 0x00, 0x00,
  0x00, 0x00, 0x1F, 0xFF, 0xFF, 0x00, 0x00, 0x00, 0x00, 0x00, 0x00, 0x00,
  0x01, 0xFF, 0xFF, 0xF0, 0x00, 0x00, 0x00, 0x00, 0x00, 0x00, 0x00, 0x1F,
  0xFF, 0xFF, 0x00, 0x00, 0x00, 0x00, 0x00, 0x00, 0x00, 0x01, 0xFF, 0xFF,
  0xF0, 0x00, 0x00, 0x00, 0x00, 0x00, 0x00, 0x00, 0x1F, 0xFF, 0xFF, 0x00,
  0x00, 0x00, 0x00, 0x00, 0x00, 0x00, 0x01, 0xFF, 0xFF, 0xF0, 0x00, 0x00,
  0x00, 0x00, 0x00, 0x00, 0x00, 0x1F, 0xFF, 0xFF, 0x00, 0x00, 0x00, 0x00,
  0x00, 0x00, 0x00, 0x01, 0xFF, 0xFF, 0xF0, 0x00, 0x00, 0x00, 0x00, 0x00,
  0x00, 0x00, 0x1F, 0xFF, 0xFF, 0x00, 0x00, 0x00, 0x00, 0x00, 0x00, 0x00,
  0x01, 0xFF, 0xFF, 0xF0, 0x00, 0x00, 0x00, 0x00, 0x00, 0x00, 0x00, 0x1F,
  0xFF, 0xFF, 0x00, 0x00, 0x00, 0x00, 0x00, 0x00, 0x00, 0x01, 0xFF, 0xFF,
  0xF0, 0x00, 0x00, 0x00, 0x00, 0x00, 0x00, 0x00, 0x1F, 0xFF, 0xFF, 0x00,
  0x00, 0x00, 0x00, 0x00, 0x00, 0x00, 0x01, 0xFF, 0xFF, 0xF0, 0x00, 0x00,
  0x00, 0x00, 0x00, 0x00, 0x00, 0x1F, 0xFF, 0xFF, 0x00, 0x00, 0x00, 0x00,
  0x00, 0x00, 0x00, 0x01, 0xFF, 0xFF, 0xF0, 0x00, 0x00, 0x00, 0x00, 0x00,
  0x00, 0x00, 0x1F, 0xFF, 0xFF, 0x00, 0x00, 0x00, 0x00, 0x00, 0x00, 0x00,
  0x01, 0xFF, 0xFF, 0xF0, 0x00, 0x00, 0x00, 0x00, 0x00, 0x00, 0x00, 0x1F,
  0xFF, 0xFF, 0x00, 0x00, 0x00, 0x00, 0x00, 0x00, 0x00, 0x01, 0xFF, 0xFF,
  0xF0, 0x00, 0x00, 0x00, 0x00, 0x00, 0x00, 0x00, 0x1F, 0xFF, 0xFF, 0x00,
  0x00, 0x00, 0x00, 0x00, 0x00, 0x00, 0x01, 0xFF, 0xFF, 0xF0, 0x00, 0x00,
  0x00, 0x00, 0x00, 0x00, 0x00, 0x1F, 0xFF, 0xFF, 0x00, 0x00, 0x00, 0x00,
  0x00, 0x00, 0x00, 0x01, 0xFF, 0xFF, 0xF0, 0x00, 0x00, 0x00, 0x00, 0x00,
  0x00, 0x00, 0x1F, 0xFF, 0xFF, 0x00, 0x00, 0x00, 0x00, 0x00, 0x00, 0x00,
  0x01, 0xFF, 0xFF, 0xF0, 0x00, 0x00, 0x00, 0x00, 0x00, 0x00, 0x00, 0x1F,
  0xFF, 0xFF, 0x00, 0x00, 0x00, 0x00, 0x00, 0x00, 0x00, 0x01, 0xFF, 0xFF,
  0xF0, 0x00, 0x00, 0x00, 0x00, 0x00, 0x00, 0x00, 0x0F, 0xFF, 0xFE, 0x00,
  0x00, 0x00, 0x00, 0x00, 0x00, 0x00, 0x00, 0xFF, 0xFF, 0xE0, 0x00, 0x00,
  0x00, 0x00, 0x00, 0x00, 0x00, 0x07, 0xFF, 0xFC, 0x00, 0x00, 0x00, 0x00,
  0x00, 0x00, 0x00, 0x00, 0x3F, 0xFF, 0x80, 0x00, 0x00, 0x00, 0x00, 0x00,
  0x00, 0x00, 0x01, 0xFF, 0xF0, 0x00, 0x00, 0x00, 0x00, 0x00, 0x00, 0x00,
  0x00, 0x0F, 0xFE, 0x00, 0x00, 0x00, 0x00, 0x00, 0x00, 0x00, 0x00, 0x00,
  0x3F, 0x80, 0x00, 0x00, 0x00, 0x00, 0x00, 0x00, 0x00, 0x00, 0x00, 0x00,
  0x00, 0x00, 0x00, 0x00, 0x00, 0x0F, 0xF8, 0x00, 0x00, 0x00, 0x00, 0x00,
  0x00, 0x0F, 0xFC, 0x00, 0xFF, 0xF8, 0x00, 0x00, 0x00, 0x00, 0x00, 0x00,
  0x7F, 0xF8, 0x07, 0xFF, 0xF0, 0x00, 0x00, 0x00, 0x00, 0x00, 0x07, 0xFF,
  0xF8, 0x3F, 0xFF, 0xE0, 0x00, 0x00, 0x00, 0x00, 0x00, 0x3F, 0xFF, 0xF0,
  0xFF, 0xFF, 0x80, 0x00, 0x00, 0x00, 0x00, 0x00, 0xFF, 0xFF, 0xC7, 0xFF,
  0xFF, 0x00, 0x00, 0x00, 0x00, 0x00, 0x07, 0xFF, 0xFF, 0x9F, 0xFF, 0xFC,
  0x00, 0x00, 0x00, 0x00, 0x00, 0x1F, 0xFF, 0xFE, 0xFF, 0xFF, 0xF8, 0x00,
  0x00, 0x00, 0x00, 0x00, 0xFF, 0xFF, 0xFF, 0xFF, 0xFF, 0xE0, 0x00, 0x00,
  0x00, 0x00, 0x03, 0xFF, 0xFF, 0xFF, 0xFF, 0xFF, 0x80, 0x00, 0x00, 0x00,
  0x00, 0x0F, 0xFF, 0xFF, 0xFF, 0xFF, 0xFE, 0x00, 0x00, 0x00, 0x00, 0x00,
  0x3F, 0xFF, 0xFF, 0xFF, 0xFF, 0xF8, 0x00, 0x00, 0x00, 0x00, 0x00, 0xFF,
  0xFF, 0xFF, 0xFF, 0xFF, 0xE0, 0x00, 0x00, 0x00, 0x00, 0x03, 0xFF, 0xFF,
  0xFF, 0xFF, 0xFF, 0x80, 0x00, 0x00, 0x00, 0x00, 0x0F, 0xFF, 0xFF, 0xFF,
  0xFF, 0xFE, 0x00, 0x00, 0x00, 0x00, 0x00, 0x3F, 0xFF, 0xFF, 0xFF, 0xFF,
  0xF8, 0x00, 0x00, 0x00, 0x00, 0x00, 0xFF, 0xFF, 0xFF, 0xFF, 0xFF, 0xE0,
  0x00, 0x00, 0x00, 0x00, 0x03, 0xFF, 0xFF, 0xFF, 0xFF, 0xFF, 0x80, 0x00,
  0x00, 0x00, 0x00, 0x0F, 0xFF, 0xFF, 0xFF, 0xFF, 0xFE, 0x00, 0x00, 0x00,
  0x00, 0x00, 0x3F, 0xFF, 0xFF, 0xFF, 0xFF, 0xF8, 0x00, 0x00, 0x00, 0x00,
  0x00, 0xFF, 0xFF, 0xFF, 0xFF, 0xFF, 0xE0, 0x00, 0x00, 0x00, 0x00, 0x03,
  0xFF, 0xFF, 0xFF, 0xFF, 0xFF, 0x80, 0x00, 0x00, 0x00, 0x00, 0x0F, 0xFF,
  0xFF, 0xFF, 0xFF, 0xFE, 0x00, 0x00, 0x00, 0x00, 0x00, 0x3F, 0xFF, 0xFF,
  0xFF, 0xFF, 0xF8, 0x00, 0x00, 0x00, 0x00, 0x00, 0xFF, 0xFF, 0xFF, 0xFF,
  0xFF, 0xE0, 0x00, 0x00, 0x00, 0x00, 0x03, 0xFF, 0xFF, 0xFF, 0xFF, 0xFF,
  0x80, 0x00, 0x00, 0x00, 0x00, 0x0F, 0xFF, 0xFF, 0xFF, 0xFF, 0xFE, 0x00,
  0x00, 0x00, 0x00, 0x00, 0x3F, 0xFF, 0xFF, 0xFF, 0xFF, 0xF8, 0x00, 0x00,
  0x00, 0x00, 0x00, 0xFF, 0xFF, 0xFF, 0xFF, 0xFF, 0xE0, 0x00, 0x00, 0x00,
  0x00, 0x03, 0xFF, 0xFF, 0xFF, 0xFF, 0xFF, 0x80, 0x00, 0x00, 0x00, 0x00,
  0x0F, 0xFF, 0xFF, 0xFF, 0xFF, 0xFE, 0x00, 0x00, 0x00, 0x00, 0x00, 0x3F,
  0xFF, 0xFF, 0xFF, 0xFF, 0xF8, 0x00, 0x00, 0x00, 0x00, 0x00, 0xFF, 0xFF,
  0xFF, 0xFF, 0xFF, 0xE0, 0x00, 0x00, 0x00, 0x00, 0x03, 0xFF, 0xFF, 0xFF,
  0xFF, 0xFF, 0x80, 0x00, 0x00, 0x00, 0x00, 0x0F, 0xFF, 0xFF, 0xFF, 0xFF,
  0xFE, 0x00, 0x00, 0x00, 0x00, 0x00, 0x3F, 0xFF, 0xFF, 0xFF, 0xFF, 0xF8,
  0x00, 0x00, 0x00, 0x00, 0x00, 0xFF, 0xFF, 0xFF, 0xFF, 0xFF, 0xE0, 0x00,
  0x00, 0x00, 0x00, 0x03, 0xFF, 0xFF, 0xFF, 0xFF, 0xFF, 0x80, 0x00, 0x00,
  0x00, 0x00, 0x0F, 0xFF, 0xFF, 0xFF, 0xFF, 0xFE, 0x00, 0x00, 0x00, 0x00,
  0x00, 0x3F, 0xFF, 0xFF, 0xFF, 0xFF, 0xF8, 0x00, 0x00, 0x00, 0x00, 0x00,
  0xFF, 0xFF, 0xFF, 0xFF, 0xFF, 0xE0, 0x00, 0x00, 0x00, 0x00, 0x03, 0xFF,
  0xFF, 0xFF, 0xFF, 0xFF, 0x80, 0x00, 0x00, 0x00, 0x00, 0x0F, 0xFF, 0xFF,
  0xFF, 0xFF, 0xFE, 0x00, 0x00, 0x00, 0x00, 0x00, 0x3F, 0xFF, 0xFF, 0xFF,
  0xFF, 0xF8, 0x00, 0x00, 0x00, 0x00, 0x00, 0xFF, 0xFF, 0xFF, 0xFF, 0xFF,
  0xE0, 0x00, 0x00, 0x00, 0x00, 0x03, 0xFF, 0xFF, 0xFF, 0xFF, 0xFF, 0x80,
  0x00, 0x00, 0x00, 0x00, 0x0F, 0xFF, 0xFF, 0xFF, 0xFF, 0xFE, 0x00, 0x00,
  0x00, 0x00, 0x00, 0x3F, 0xFF, 0xFF, 0xFF, 0xFF, 0xF8, 0x00, 0x00, 0x00,
  0x00, 0x00, 0xFF, 0xFF, 0xFF, 0xFF, 0xFF, 0xE0, 0x00, 0x00, 0x00, 0x00,
  0x03, 0xFF, 0xFF, 0xFF, 0xFF, 0xFF, 0x80, 0x00, 0x00, 0x00, 0x00, 0x0F,
  0xFF, 0xFF, 0xFF, 0xFF, 0xFE, 0x00, 0x00, 0x00, 0x00, 0x00, 0x3F, 0xFF,
  0xFF, 0xFF, 0xFF, 0xF8, 0x00, 0x00, 0x00, 0x00, 0x00, 0xFF, 0xFF, 0xFF,
  0xFF, 0xFF, 0xE0, 0x00, 0x00, 0x00, 0x00, 0x03, 0xFF, 0xFF, 0xFF, 0xFF,
  0xFF, 0x80, 0x00, 0x00, 0x00, 0x00, 0x0F, 0xFF, 0xFF, 0xFF, 0xFF, 0xFE,
  0x00, 0x00, 0x00, 0x00, 0x00, 0x3F, 0xFF, 0xFF, 0xFF, 0xFF, 0xF8, 0x00,
  0x00, 0x00, 0x00, 0x00, 0xFF, 0xFF, 0xFF, 0xFF, 0xFF, 0xE0, 0x00, 0x00,
  0x00, 0x00, 0x03, 0xFF, 0xFF, 0xFF, 0xFF, 0xFF, 0x80, 0x00, 0x00, 0x00,
  0x00, 0x0F, 0xFF, 0xFF, 0xFF, 0xFF, 0xFE, 0x00, 0x00, 0x00, 0x00, 0x00,
  0x3F, 0xFF, 0xFF, 0xFF, 0xFF, 0xF8, 0x00, 0x00, 0x00, 0x00, 0x00, 0xFF,
  0xFF, 0xFF, 0xFF, 0xFF, 0xE0, 0x00, 0x00, 0x00, 0x00, 0x03, 0xFF, 0xFF,
  0xFF, 0xFF, 0xFF, 0x80, 0x00, 0x00, 0x00, 0x00, 0x0F, 0xFF, 0xFF, 0xFF,
  0xFF, 0xFE, 0x00, 0x00, 0x00, 0x00, 0x00, 0x3F, 0xFF, 0xFF, 0xFF, 0xFF,
  0xFC, 0x00, 0x00, 0x00, 0x00, 0x00, 0xFF, 0xFF, 0xFF, 0xFF, 0xFF, 0xF0,
  0x00, 0x00, 0x00, 0x00, 0x07, 0xFF, 0xFF, 0xFF, 0xFF, 0xFF, 0xC0, 0x00,
  0x00, 0x00, 0x00, 0x1F, 0xFF, 0xFF, 0x9F, 0xFF, 0xFF, 0x00, 0x00, 0x00,
  0x00, 0x00, 0x7F, 0xFF, 0xFE, 0x7F, 0xFF, 0xFE, 0x00, 0x00, 0x00, 0x00,
  0x01, 0xFF, 0xFF, 0xF9, 0xFF, 0xFF, 0xF8, 0x00, 0x00, 0x00, 0x00, 0x0F,
  0xFF, 0xFF, 0xE7, 0xFF, 0xFF, 0xE0, 0x00, 0x00, 0x00, 0x00, 0x3F, 0xFF,
  0xFF, 0x9F, 0xFF, 0xFF, 0xC0, 0x00, 0x00, 0x00, 0x01, 0xFF, 0xFF, 0xFE,
  0x7F, 0xFF, 0xFF, 0x00, 0x00, 0x00, 0x00, 0x07, 0xFF, 0xFF, 0xF0, 0xFF,
  0xFF, 0xFE, 0x00, 0x00, 0x00, 0x00, 0x3F, 0xFF, 0xFF, 0xC3, 0xFF, 0xFF,
  0xFC, 0x00, 0x00, 0x00, 0x00, 0xFF, 0xFF, 0xFF, 0x0F, 0xFF, 0xFF, 0xF0,
  0x00, 0x00, 0x00, 0x07, 0xFF, 0xFF, 0xF8, 0x1F, 0xFF, 0xFF, 0xE0, 0x00,
  0x00, 0x00, 0x3F, 0xFF, 0xFF, 0xE0, 0x7F, 0xFF, 0xFF, 0xC0, 0x00, 0x00,
  0x01, 0xFF, 0xFF, 0xFF, 0x81, 0xFF, 0xFF, 0xFF, 0xC0, 0x00, 0x00, 0x1F,
  0xFF, 0xFF, 0xFC, 0x03, 0xFF, 0xFF, 0xFF, 0x80, 0x00, 0x00, 0xFF, 0xFF,
  0xFF, 0xF0, 0x0F, 0xFF, 0xFF, 0xFF, 0xC0, 0x00, 0x0F, 0xFF, 0xFF, 0xFF,
  0xC0, 0x1F, 0xFF, 0xFF, 0xFF, 0xE0, 0x03, 0xFF, 0xFF, 0xFF, 0xFE, 0x00,
  0x7F, 0xFF, 0xFF, 0xFF, 0xFF, 0xFF, 0xFF, 0xFF, 0xFF, 0xF8, 0x00, 0xFF,
  0xFF, 0xFF, 0xFF, 0xFF, 0xFF, 0xFF, 0xFF, 0xFF, 0xC0, 0x03, 0xFF, 0xFF,
  0xFF, 0xFF, 0xFF, 0xFF, 0xFF, 0xFF, 0xFE, 0x00, 0x07, 0xFF, 0xFF, 0xFF,
  0xFF, 0xFF, 0xFF, 0xFF, 0xFF, 0xF8, 0x00, 0x0F, 0xFF, 0xFF, 0xFF, 0xFF,
  0xFF, 0xFF, 0xFF, 0xFF, 0xC0, 0x00, 0x3F, 0xFF, 0xFF, 0xFF, 0xFF, 0xFF,
  0xFF, 0xFF, 0xFE, 0x00, 0x00, 0x7F, 0xFF, 0xFF, 0xFF, 0xFF, 0xFF, 0xFF,
  0xFF, 0xF0, 0x00, 0x00, 0xFF, 0xFF, 0xFF, 0xFF, 0xFF, 0xFF, 0xFF, 0xFF,
  0xC0, 0x00, 0x01, 0xFF, 0xFF, 0xFF, 0xFF, 0xFF, 0xFF, 0xFF, 0xFE, 0x00,
  0x00, 0x03, 0xFF, 0xFF, 0xFF, 0xFF, 0xFF, 0xFF, 0xFF, 0xF0, 0x00, 0x00,
  0x07, 0xFF, 0xFF, 0xFF, 0xFF, 0xFF, 0xFF, 0xFF, 0x00, 0x00, 0x00, 0x0F,
  0xFF, 0xFF, 0xFF, 0xFF, 0xFF, 0xFF, 0xF8, 0x00, 0x00, 0x00, 0x0F, 0xFF,
  0xFF, 0xFF, 0xFF, 0xFF, 0xFF, 0xC0, 0x00, 0x00, 0x00, 0x1F, 0xFF, 0xFF,
  0xFF, 0xFF, 0xFF, 0xFC, 0x00, 0x00, 0x00, 0x00, 0x1F, 0xFF, 0xFF, 0xFF,
  0xFF, 0xFF, 0xE0, 0x00, 0x00, 0x00, 0x00, 0x1F, 0xFF, 0xFF, 0xFF, 0xFF,
  0xFE, 0x00, 0x00, 0x00, 0x00, 0x00, 0x1F, 0xFF, 0xFF, 0xFF, 0xFF, 0xC0,
  0x00, 0x00, 0x00, 0x00, 0x00, 0x1F, 0xFF, 0xFF, 0xFF, 0xFC, 0x00, 0x00,
  0x00, 0x00, 0x00, 0x00, 0x07, 0xFF, 0xFF, 0xFF, 0x00, 0x00, 0x00, 0x00,
  0x00, 0x00, 0x00, 0x00, 0xFF, 0xFF, 0x80, 0x00, 0x00, 0x00, 0x00, 0x00,
  0x00, 0x00, 0x00, 0x00, 0x00, 0x00, 0x00, 0x00, 0x00, 0x00, 0x00, 0x1F,
  0xF8, 0x00, 0x00, 0x00, 0x00, 0x00, 0x00, 0x00, 0x1F, 0xF0, 0x03, 0xFF,
  0xF0, 0x00, 0x00, 0x00, 0x00, 0x00, 0x00, 0x03, 0xFF, 0xE0, 0x3F, 0xFF,
  0xC0, 0x00, 0x00, 0x00, 0x00, 0x00, 0x00, 0x3F, 0xFF, 0x83, 0xFF, 0xFF,
  0x00, 0x00, 0x00, 0x00, 0x00, 0x00, 0x03, 0xFF, 0xFE, 0x1F, 0xFF, 0xF8,
  0x00, 0x00, 0x00, 0x00, 0x00, 0x00, 0x3F, 0xFF, 0xF9, 0xFF, 0xFF, 0xE0,
  0x00, 0x00, 0x00, 0x00, 0x00, 0x03, 0xFF, 0xFF, 0xCF, 0xFF, 0xFF, 0x80,
  0x00, 0x00, 0x00, 0x00, 0x00, 0x1F, 0xFF, 0xFE, 0xFF, 0xFF, 0xFC, 0x00,
  0x00, 0x00, 0x00, 0x00, 0x01, 0xFF, 0xFF, 0xFF, 0xFF, 0xFF, 0xE0, 0x00,
  0x00, 0x00, 0x00, 0x00, 0x0F, 0xFF, 0xFF, 0xFF, 0xFF, 0xFF, 0x80, 0x00,
  0x00, 0x00, 0x00, 0x00, 0x7F, 0xFF, 0xFF, 0xFF, 0xFF, 0xFC, 0x00, 0x00,
  0x00, 0x00, 0x00, 0x07, 0xFF, 0xFF, 0xFF, 0xFF, 0xFF, 0xF0, 0x00, 0x00,
  0x00, 0x00, 0x00, 0x3F, 0xFF, 0xFF, 0xFF, 0xFF, 0xFF, 0x80, 0x00, 0x00,
  0x00, 0x00, 0x03, 0xFF, 0xFF, 0xFD, 0xFF, 0xFF, 0xFC, 0x00, 0x00, 0x00,
  0x00, 0x00, 0x1F, 0xFF, 0xFF, 0xCF, 0xFF, 0xFF, 0xF0, 0x00, 0x00, 0x00,
  0x00, 0x00, 0xFF, 0xFF, 0xFE, 0x7F, 0xFF, 0xFF, 0x80, 0x00, 0x00, 0x00,
  0x00, 0x0F, 0xFF, 0xFF, 0xF1, 0xFF, 0xFF, 0xFE, 0x00, 0x00, 0x00, 0x00,
  0x00, 0x7F, 0xFF, 0xFF, 0x0F, 0xFF, 0xFF, 0xF0, 0x00, 0x00, 0x00, 0x00,
  0x07, 0xFF, 0xFF, 0xF8, 0x7F, 0xFF, 0xFF, 0x80, 0x00, 0x00, 0x00, 0x00,
  0x3F, 0xFF, 0xFF, 0x81, 0xFF, 0xFF, 0xFE, 0x00, 0x00, 0x00, 0x00, 0x01,
  0xFF, 0xFF, 0xFC, 0x0F, 0xFF, 0xFF, 0xF0, 0x00, 0x00, 0x00, 0x00, 0x1F,
  0xFF, 0xFF, 0xE0, 0x3F, 0xFF, 0xFF, 0x80, 0x00, 0x00, 0x00, 0x00, 0xFF,
  0xFF, 0xFE, 0x01, 0xFF, 0xFF, 0xFE, 0x00, 0x00, 0x00, 0x00, 0x07, 0xFF,
  0xFF, 0xF0, 0x07, 0xFF, 0xFF, 0xF0, 0x00, 0x00, 0x00, 0x00, 0x7F, 0xFF,
  0xFF, 0x00, 0x3F, 0xFF, 0xFF, 0xC0, 0x00, 0x00, 0x00, 0x03, 0xFF, 0xFF,
  0xF8, 0x01, 0xFF, 0xFF, 0xFE, 0x00, 0x00, 0x00, 0x00, 0x3F, 0xFF, 0xFF,
  0x80, 0x07, 0xFF, 0xFF, 0xF0, 0x00, 0x00, 0x00, 0x01, 0xFF, 0xFF, 0xFC,
  0x00, 0x3F, 0xFF, 0xFF, 0xC0, 0x00, 0x00, 0x00, 0x0F, 0xFF, 0xFF, 0xE0,
  0x00, 0xFF, 0xFF, 0xFE, 0x00, 0x00, 0x00, 0x00, 0xFF, 0xFF, 0xFE, 0x00,
  0x07, 0xFF, 0xFF, 0xF8, 0x00, 0x00, 0x00, 0x07, 0xFF, 0xFF, 0xF0, 0x00,
  0x1F, 0xFF, 0xFF, 0xC0, 0x00, 0x00, 0x00, 0x7F, 0xFF, 0xFF, 0x00, 0x00,
  0xFF, 0xFF, 0xFE, 0x00, 0x00, 0x00, 0x03, 0xFF, 0xFF, 0xF8, 0x00, 0x07,
  0xFF, 0xFF, 0xF8, 0x00, 0x00, 0x00, 0x1F, 0xFF, 0xFF, 0x80, 0x00, 0x1F,
  0xFF, 0xFF, 0xC0, 0x00, 0x00, 0x01, 0xFF, 0xFF, 0xFC, 0x00, 0x00, 0xFF,
  0xFF, 0xFF, 0x00, 0x00, 0x00, 0x0F, 0xFF, 0xFF, 0xE0, 0x00, 0x03, 0xFF,
  0xFF, 0xF8, 0x00, 0x00, 0x00, 0x7F, 0xFF, 0xFE, 0x00, 0x00, 0x1F, 0xFF,
  0xFF, 0xC0, 0x00, 0x00, 0x07, 0xFF, 0xFF, 0xF0, 0x00, 0x00, 0xFF, 0xFF,
  0xFF, 0x00, 0x00, 0x00, 0x3F, 0xFF, 0xFF, 0x00, 0x00, 0x03, 0xFF, 0xFF,
  0xF8, 0x00, 0x00, 0x03, 0xFF, 0xFF, 0xF8, 0x00, 0x00, 0x1F, 0xFF, 0xFF,
  0xC0, 0x00, 0x00, 0x1F, 0xFF, 0xFF, 0xC0, 0x00, 0x00, 0x7F, 0xFF, 0xFF,
  0x00, 0x00, 0x00, 0xFF, 0xFF, 0xFC, 0x00, 0x00, 0x03, 0xFF, 0xFF, 0xF8,
  0x00, 0x00, 0x0F, 0xFF, 0xFF, 0xE0, 0x00, 0x00, 0x0F, 0xFF, 0xFF, 0xE0,
  0x00, 0x00, 0x7F, 0xFF, 0xFE, 0x00, 0x00, 0x00, 0x7F, 0xFF, 0xFF, 0x00,
  0x00, 0x07, 0xFF, 0xFF, 0xF0, 0x00, 0x00, 0x03, 0xFF, 0xFF, 0xF8, 0x00,
  0x00, 0x3F, 0xFF, 0xFF, 0x00, 0x00, 0x00, 0x0F, 0xFF, 0xFF, 0xE0, 0x00,
  0x01, 0xFF, 0xFF, 0xF8, 0x00, 0x00, 0x00, 0x7F, 0xFF, 0xFF, 0x00, 0x00,
  0x1F, 0xFF, 0xFF, 0xC0, 0x00, 0x00, 0x01, 0xFF, 0xFF, 0xFC, 0x00, 0x00,
  0xFF, 0xFF, 0xFC, 0x00, 0x00, 0x00, 0x0F, 0xFF, 0xFF, 0xE0, 0x00, 0x0F,
  0xFF, 0xFF, 0xE0, 0x00, 0x00, 0x00, 0x7F, 0xFF, 0xFF, 0x00, 0x00, 0x7F,
  0xFF, 0xFE, 0x00, 0x00, 0x00, 0x01, 0xFF, 0xFF, 0xFC, 0x00, 0x03, 0xFF,
  0xFF, 0xF0, 0x00, 0x00, 0x00, 0x0F, 0xFF, 0xFF, 0xE0, 0x00, 0x3F, 0xFF,
  0xFF, 0x80, 0x00, 0x00, 0x00, 0x3F, 0xFF, 0xFF, 0x00, 0x01, 0xFF, 0xFF,
  0xF8, 0x00, 0x00, 0x00, 0x01, 0xFF, 0xFF, 0xFC, 0x00, 0x0F, 0xFF, 0xFF,
  0xC0, 0x00, 0x00, 0x00, 0x07, 0xFF, 0xFF, 0xE0, 0x00, 0xFF, 0xFF, 0xFC,
  0x00, 0x00, 0x00, 0x00, 0x3F, 0xFF, 0xFF, 0x80, 0x07, 0xFF, 0xFF, 0xE0,
  0x00, 0x00, 0x00, 0x01, 0xFF, 0xFF, 0xFC, 0x00, 0x7F, 0xFF, 0xFE, 0x00,
  0x00, 0x00, 0x00, 0x07, 0xFF, 0xFF, 0xE0, 0x03, 0xFF, 0xFF, 0xF0, 0x00,
  0x00, 0x00, 0x00, 0x3F, 0xFF, 0xFF, 0x80, 0x1F, 0xFF, 0xFF, 0x80, 0x00,
  0x00, 0x00, 0x00, 0xFF, 0xFF, 0xFC, 0x01, 0xFF, 0xFF, 0xF8, 0x00, 0x00,
  0x00, 0x00, 0x07, 0xFF, 0xFF, 0xF0, 0x0F, 0xFF, 0xFF, 0xC0, 0x00, 0x00,
  0x00, 0x00, 0x3F, 0xFF, 0xFF, 0x80, 0xFF, 0xFF, 0xFC, 0x00, 0x00, 0x00,
  0x00, 0x00, 0xFF, 0xFF, 0xFC, 0x07, 0xFF, 0xFF, 0xE0, 0x00, 0x00, 0x00,
  0x00, 0x07, 0xFF, 0xFF, 0xF0, 0x3F, 0xFF, 0xFF, 0x00, 0x00, 0x00, 0x00,
  0x00, 0x1F, 0xFF, 0xFF, 0x83, 0xFF, 0xFF, 0xF0, 0x00, 0x00, 0x00, 0x00,
  0x00, 0xFF, 0xFF, 0xFE, 0x1F, 0xFF, 0xFF, 0x80, 0x00, 0x00, 0x00, 0x00,
  0x03, 0xFF, 0xFF, 0xF0, 0xFF, 0xFF, 0xF8, 0x00, 0x00, 0x00, 0x00, 0x00,
  0x1F, 0xFF, 0xFF, 0x8F, 0xFF, 0xFF, 0xC0, 0x00, 0x00, 0x00, 0x00, 0x00,
  0xFF, 0xFF, 0xFE, 0x7F, 0xFF, 0xFC, 0x00, 0x00, 0x00, 0x00, 0x00, 0x03,
  0xFF, 0xFF, 0xF7, 0xFF, 0xFF, 0xE0, 0x00, 0x00, 0x00, 0x00, 0x00, 0x1F,
  0xFF, 0xFF, 0xBF, 0xFF, 0xFF, 0x00, 0x00, 0x00, 0x00, 0x00, 0x00, 0x7F,
  0xFF, 0xFF, 0xFF, 0xFF, 0xF0, 0x00, 0x00, 0x00, 0x00, 0x00, 0x03, 0xFF,
  0xFF, 0xFF, 0xFF, 0xFF, 0x80, 0x00, 0x00, 0x00, 0x00, 0x00, 0x1F, 0xFF,
  0xFF, 0xFF, 0xFF, 0xF8, 0x00, 0x00, 0x00, 0x00, 0x00, 0x00, 0x7F, 0xFF,
  0xFF, 0xFF, 0xFF, 0xC0, 0x00, 0x00, 0x00, 0x00, 0x00, 0x03, 0xFF, 0xFF,
  0xFF, 0xFF, 0xFE, 0x00, 0x00, 0x00, 0x00, 0x00, 0x00, 0x0F, 0xFF, 0xFF,
  0xFF, 0xFF, 0xE0, 0x00, 0x00, 0x00, 0x00, 0x00, 0x00, 0x7F, 0xFF, 0xFF,
  0xFF, 0xFF, 0x00, 0x00, 0x00, 0x00, 0x00, 0x00, 0x01, 0xFF, 0xFF, 0xFF,
  0xFF, 0xF0, 0x00, 0x00, 0x00, 0x00, 0x00, 0x00, 0x0F, 0xFF, 0xFF, 0xFF,
  0xFF, 0x80, 0x00, 0x00, 0x00, 0x00, 0x00, 0x00, 0x7F, 0xFF, 0xFF, 0xFF,
  0xF8, 0x00, 0x00, 0x00, 0x00, 0x00, 0x00, 0x01, 0xFF, 0xFF, 0xFF, 0xFF,
  0xC0, 0x00, 0x00, 0x00, 0x00, 0x00, 0x00, 0x0F, 0xFF, 0xFF, 0xFF, 0xFE,
  0x00, 0x00, 0x00, 0x00, 0x00, 0x00, 0x00, 0x3F, 0xFF, 0xFF, 0xFF, 0xE0,
  0x00, 0x00, 0x00, 0x00, 0x00, 0x00, 0x01, 0xFF, 0xFF, 0xFF, 0xFF, 0x00,
  0x00, 0x00, 0x00, 0x00, 0x00, 0x00, 0x07, 0xFF, 0xFF, 0xFF, 0xF0, 0x00,
  0x00, 0x00, 0x00, 0x00, 0x00, 0x00, 0x3F, 0xFF, 0xFF, 0xFF, 0x80, 0x00,
  0x00, 0x00, 0x00, 0x00, 0x00, 0x01, 0xFF, 0xFF, 0xFF, 0xFC, 0x00, 0x00,
  0x00, 0x00, 0x00, 0x00, 0x00, 0x07, 0xFF, 0xFF, 0xFF, 0xC0, 0x00, 0x00,
  0x00, 0x00, 0x00, 0x00, 0x00, 0x3F, 0xFF, 0xFF, 0xFE, 0x00, 0x00, 0x00,
  0x00, 0x00, 0x00, 0x00, 0x00, 0xFF, 0xFF, 0xFF, 0xE0, 0x00, 0x00, 0x00,
  0x00, 0x00, 0x00, 0x00, 0x07, 0xFF, 0xFF, 0xFF, 0x00, 0x00, 0x00, 0x00,
  0x00, 0x00, 0x00, 0x00, 0x3F, 0xFF, 0xFF, 0xF0, 0x00, 0x00, 0x00, 0x00,
  0x00, 0x00, 0x00, 0x00, 0xFF, 0xFF, 0xFF, 0x80, 0x00, 0x00, 0x00, 0x00,
  0x00, 0x00, 0x00, 0x07, 0xFF, 0xFF, 0xF8, 0x00, 0x00, 0x00, 0x00, 0x00,
  0x00, 0x00, 0x00, 0x1F, 0xFF, 0xFF, 0xC0, 0x00, 0x00, 0x00, 0x00, 0x00,
  0x00, 0x00, 0x00, 0x7F, 0xFF, 0xFC, 0x00, 0x00, 0x00, 0x00, 0x00, 0x00,
  0x00, 0x00, 0x01, 0xFF, 0xFF, 0xC0, 0x00, 0x00, 0x00, 0x00, 0x00, 0x00,
  0x00, 0x00, 0x07, 0xFF, 0xFC, 0x00, 0x00, 0x00, 0x00, 0x00, 0x00, 0x00,
  0x00, 0x00, 0x1F, 0xFF, 0x80, 0x00, 0x00, 0x00, 0x00, 0x00, 0x00, 0x00,
  0x00, 0x00, 0x1F, 0xF0, 0x00, 0x00, 0x00, 0x00, 0x00, 0x00, 0x00, 0x00,
  0x00, 0x00, 0x00, 0x00, 0x00, 0x0F, 0xF8, 0x00, 0x00, 0x00, 0x00, 0x00,
  0x00, 0x00, 0x00, 0x01, 0xFF, 0x80, 0x00, 0x00, 0x00, 0x00, 0x00, 0x1F,
  0xFF, 0x00, 0x00, 0x00, 0x00, 0x00, 0x00, 0x3F, 0xF0, 0x01, 0xFF, 0xE0,
  0x00, 0x00, 0x00, 0x00, 0x00, 0x1F, 0xFF, 0xE0, 0x00, 0x00, 0x00, 0x00,
  0x00, 0x3F, 0xFE, 0x03, 0xFF, 0xFC, 0x00, 0x00, 0x00, 0x00, 0x00, 0x1F,
  0xFF, 0xF8, 0x00, 0x00, 0x00, 0x00, 0x00, 0x3F, 0xFF, 0x83, 0xFF, 0xFF,
  0x00, 0x00, 0x00, 0x00, 0x00, 0x1F, 0xFF, 0xFE, 0x00, 0x00, 0x00, 0x00,
  0x00, 0x3F, 0xFF, 0xE1, 0xFF, 0xFF, 0x80, 0x00, 0x00, 0x00, 0x00, 0x1F,
  0xFF, 0xFF, 0x00, 0x00, 0x00, 0x00, 0x00, 0x3F, 0xFF, 0xF9, 0xFF, 0xFF,
  0xE0, 0x00, 0x00, 0x00, 0x00, 0x0F, 0xFF, 0xFF, 0xC0, 0x00, 0x00, 0x00,
  0x00, 0x1F, 0xFF, 0xFC, 0xFF, 0xFF, 0xF0, 0x00, 0x00, 0x00, 0x00, 0x0F,
  0xFF, 0xFF, 0xE0, 0x00, 0x00, 0x00, 0x00, 0x1F, 0xFF, 0xFE, 0xFF, 0xFF,
  0xFC, 0x00, 0x00, 0x00, 0x00, 0x07, 0xFF, 0xFF, 0xF8, 0x00, 0x00, 0x00,
  0x00, 0x0F, 0xFF, 0xFF, 0xFF, 0xFF, 0xFE, 0x00, 0x00, 0x00, 0x00, 0x03,
  0xFF, 0xFF, 0xFC, 0x00, 0x00, 0x00, 0x00, 0x07, 0xFF, 0xFF, 0xFF, 0xFF,
  0xFF, 0x00, 0x00, 0x00, 0x00, 0x03, 0xFF, 0xFF, 0xFE, 0x00, 0x00, 0x00,
  0x00, 0x07, 0xFF, 0xFF, 0xFF, 0xFF, 0xFF, 0xC0, 0x00, 0x00, 0x00, 0x01,
  0xFF, 0xFF, 0xFF, 0x00, 0x00, 0x00, 0x00, 0x03, 0xFF, 0xFF, 0xFF, 0xFF,
  0xFF, 0xE0, 0x00, 0x00, 0x00, 0x00, 0xFF, 0xFF, 0xFF, 0xC0, 0x00, 0x00,
  0x00, 0x01, 0xFF, 0xFF, 0xFF, 0xFF, 0xFF, 0xF0, 0x00, 0x00, 0x00, 0x00,
  0xFF, 0xFF, 0xFF, 0xE0, 0x00, 0x00, 0x00, 0x01, 0xFF, 0xFF, 0xFD, 0xFF,
  0xFF, 0xFC, 0x00, 0x00, 0x00, 0x00, 0x7F, 0xFF, 0xFF, 0xF0, 0x00, 0x00,
  0x00, 0x00, 0xFF, 0xFF, 0xFC, 0xFF, 0xFF, 0xFE, 0x00, 0x00, 0x00, 0x00,
  0x3F, 0xFF, 0xFF, 0xFC, 0x00, 0x00, 0x00, 0x00, 0x7F, 0xFF, 0xFE, 0x7F,
  0xFF, 0xFF, 0x00, 0x00, 0x00, 0x00, 0x3F, 0xFF, 0xFF, 0xFE, 0x00, 0x00,
  0x00, 0x00, 0x7F, 0xFF, 0xFF, 0x1F, 0xFF, 0xFF, 0xC0, 0x00, 0x00, 0x00,
  0x1F, 0xFF, 0xFF, 0xFF, 0x00, 0x00, 0x00, 0x00, 0x3F, 0xFF, 0xFF, 0x0F,
  0xFF, 0xFF, 0xE0, 0x00, 0x00, 0x00, 0x0F, 0xFF, 0xFF, 0xFF, 0xC0, 0x00,
  0x00, 0x00, 0x1F, 0xFF, 0xFF, 0x87, 0xFF, 0xFF, 0xF0, 0x00, 0x00, 0x00,
  0x0F, 0xFF, 0xFF, 0xFF, 0xE0, 0x00, 0x00, 0x00, 0x1F, 0xFF, 0xFF, 0xC1,
  0xFF, 0xFF, 0xFC, 0x00, 0x00, 0x00, 0x07, 0xFF, 0xFF, 0xFF, 0xF0, 0x00,
  0x00, 0x00, 0x0F, 0xFF, 0xFF, 0xC0, 0xFF, 0xFF, 0xFE, 0x00, 0x00, 0x00,
  0x03, 0xFF, 0xFF, 0xFF, 0xFC, 0x00, 0x00, 0x00, 0x07, 0xFF, 0xFF, 0xE0,
  0x7F, 0xFF, 0xFF, 0x00, 0x00, 0x00, 0x03, 0xFF, 0xFF, 0xFF, 0xFE, 0x00,
  0x00, 0x00, 0x07, 0xFF, 0xFF, 0xF0, 0x1F, 0xFF, 0xFF, 0xC0, 0x00, 0x00,
  0x01, 0xFF, 0xFF, 0xFF, 0xFF, 0x00, 0x00, 0x00, 0x03, 0xFF, 0xFF, 0xF0,
  0x0F, 0xFF, 0xFF, 0xE0, 0x00, 0x00, 0x00, 0xFF, 0xFF, 0xFF, 0xFF, 0xC0,
  0x00, 0x00, 0x01, 0xFF, 0xFF, 0xF8, 0x07, 0xFF, 0xFF, 0xF0, 0x00, 0x00,
  0x00, 0xFF, 0xFF, 0xFF, 0xFF, 0xE0, 0x00, 0x00, 0x01, 0xFF, 0xFF, 0xFC,
  0x01, 0xFF, 0xFF, 0xFC, 0x00, 0x00, 0x00, 0x7F, 0xFF, 0xFF, 0xFF, 0xF0,
  0x00, 0x00, 0x00, 0xFF, 0xFF, 0xFC, 0x00, 0xFF, 0xFF, 0xFE, 0x00, 0x00,
  0x00, 0x3F, 0xFF, 0xFF, 0xFF, 0xFC, 0x00, 0x00, 0x00, 0x7F, 0xFF, 0xFE,
  0x00, 0x3F, 0xFF, 0xFF, 0x00, 0x00, 0x00, 0x3F, 0xFF, 0xFF, 0xFF, 0xFE,
  0x00, 0x00, 0x00, 0x7F, 0xFF, 0xFE, 0x00, 0x1F, 0xFF, 0xFF, 0xC0, 0x00,
  0x00, 0x1F, 0xFF, 0xFF, 0xFF, 0xFF, 0x00, 0x00, 0x00, 0x3F, 0xFF, 0xFF,
  0x00, 0x0F, 0xFF, 0xFF, 0xE0, 0x00, 0x00, 0x0F, 0xFF, 0xFF, 0xFF, 0xFF,
  0xC0, 0x00, 0x00, 0x1F, 0xFF, 0xFF, 0x80, 0x03, 0xFF, 0xFF, 0xF0, 0x00,
  0x00, 0x0F, 0xFF, 0xFF, 0xFF, 0xFF, 0xE0, 0x00, 0x00, 0x1F, 0xFF, 0xFF,
  0x80, 0x01, 0xFF, 0xFF, 0xF8, 0x00, 0x00, 0x07, 0xFF, 0xFF, 0xFF, 0xFF,
  0xF0, 0x00, 0x00, 0x0F, 0xFF, 0xFF, 0xC0, 0x00, 0xFF, 0xFF, 0xFE, 0x00,
  0x00, 0x03, 0xFF, 0xFF, 0xFF, 0xFF, 0xFC, 0x00, 0x00, 0x07, 0xFF, 0xFF,
  0xE0, 0x00, 0x3F, 0xFF, 0xFF, 0x00, 0x00, 0x03, 0xFF, 0xFF, 0xFF, 0xFF,
  0xFE, 0x00, 0x00, 0x07, 0xFF, 0xFF, 0xE0, 0x00, 0x1F, 0xFF, 0xFF, 0x80,
  0x00, 0x01, 0xFF, 0xFF, 0xFF, 0xFF, 0xFF, 0x00, 0x00, 0x03, 0xFF, 0xFF,
  0xF0, 0x00, 0x0F, 0xFF, 0xFF, 0xE0, 0x00, 0x00, 0xFF, 0xFF, 0xF7, 0xFF,
  0xFF, 0xC0, 0x00, 0x01, 0xFF, 0xFF, 0xF8, 0x00, 0x03, 0xFF, 0xFF, 0xF0,
  0x00, 0x00, 0xFF, 0xFF, 0xFB, 0xFF, 0xFF, 0xE0, 0x00, 0x01, 0xFF, 0xFF,
  0xF8, 0x00, 0x01, 0xFF, 0xFF, 0xF8, 0x00, 0x00, 0x7F, 0xFF, 0xFD, 0xFF,
  0xFF, 0xF0, 0x00, 0x00, 0xFF, 0xFF, 0xFC, 0x00, 0x00, 0xFF, 0xFF, 0xFE,
  0x00, 0x00, 0x3F, 0xFF, 0xFC, 0x7F, 0xFF, 0xFC, 0x00, 0x00, 0x7F, 0xFF,
  0xFE, 0x00, 0x00, 0x3F, 0xFF, 0xFF, 0x00, 0x00, 0x1F, 0xFF, 0xFE, 0x3F,
  0xFF, 0xFE, 0x00, 0x00, 0x7F, 0xFF, 0xFE, 0x00, 0x00, 0x1F, 0xFF, 0xFF,
  0x80, 0x00, 0x1F, 0xFF, 0xFF, 0x1F, 0xFF, 0xFF, 0x00, 0x00, 0x3F, 0xFF,
  0xFF, 0x00, 0x00, 0x0F, 0xFF, 0xFF, 0xE0, 0x00, 0x0F, 0xFF, 0xFF, 0x07,
  0xFF, 0xFF, 0xC0, 0x00, 0x1F, 0xFF, 0xFF, 0x80, 0x00, 0x03, 0xFF, 0xFF,
  0xF0, 0x00, 0x07, 0xFF, 0xFF, 0x83, 0xFF, 0xFF, 0xE0, 0x00, 0x0F, 0xFF,
  0xFF, 0x80, 0x00, 0x01, 0xFF, 0xFF, 0xF8, 0x00, 0x07, 0xFF, 0xFF, 0xC1,
  0xFF, 0xFF, 0xF0, 0x00, 0x0F, 0xFF, 0xFF, 0xC0, 0x00, 0x00, 0x7F, 0xFF,
  0xFE, 0x00, 0x03, 0xFF, 0xFF, 0xC0, 0x7F, 0xFF, 0xFC, 0x00, 0x07, 0xFF,
  0xFF, 0xC0, 0x00, 0x00, 0x3F, 0xFF, 0xFF, 0x00, 0x01, 0xFF, 0xFF, 0xE0,
  0x3F, 0xFF, 0xFE, 0x00, 0x03, 0xFF, 0xFF, 0xE0, 0x00, 0x00, 0x1F, 0xFF,
  0xFF, 0x80, 0x01, 0xFF, 0xFF, 0xF0, 0x1F, 0xFF, 0xFF, 0x00, 0x03, 0xFF,
  0xFF, 0xF0, 0x00, 0x00, 0x07, 0xFF, 0xFF, 0xE0, 0x00, 0xFF, 0xFF, 0xF0,
  0x07, 0xFF, 0xFF, 0xC0, 0x01, 0xFF, 0xFF, 0xF0, 0x00, 0x00, 0x03, 0xFF,
  0xFF, 0xF0, 0x00, 0x7F, 0xFF, 0xF8, 0x03, 0xFF, 0xFF, 0xE0, 0x00, 0xFF,
  0xFF, 0xF8, 0x00, 0x00, 0x01, 0xFF, 0xFF, 0xF8, 0x00, 0x7F, 0xFF, 0xFC,
  0x01, 0xFF, 0xFF, 0xF0, 0x00, 0xFF, 0xFF, 0xFC, 0x00, 0x00, 0x00, 0x7F,
  0xFF, 0xFE, 0x00, 0x3F, 0xFF, 0xFC, 0x00, 0x7F, 0xFF, 0xFC, 0x00, 0x7F,
  0xFF, 0xFC, 0x00, 0x00, 0x00, 0x3F, 0xFF, 0xFF, 0x00, 0x1F, 0xFF, 0xFE,
  0x00, 0x3F, 0xFF, 0xFE, 0x00, 0x3F, 0xFF, 0xFE, 0x00, 0x00, 0x00, 0x1F,
  0xFF, 0xFF, 0x80, 0x1F, 0xFF, 0xFF, 0x00, 0x1F, 0xFF, 0xFF, 0x00, 0x3F,
  0xFF, 0xFF, 0x00, 0x00, 0x00, 0x07, 0xFF, 0xFF, 0xE0, 0x0F, 0xFF, 0xFF,
  0x00, 0x07, 0xFF, 0xFF, 0xC0, 0x1F, 0xFF, 0xFF, 0x00, 0x00, 0x00, 0x03,
  0xFF, 0xFF, 0xF0, 0x07, 0xFF, 0xFF, 0x80, 0x03, 0xFF, 0xFF, 0xE0, 0x0F,
  0xFF, 0xFF, 0x80, 0x00, 0x00, 0x01, 0xFF, 0xFF, 0xF8, 0x07, 0xFF, 0xFF,
  0xC0, 0x01, 0xFF, 0xFF, 0xF0, 0x0F, 0xFF, 0xFF, 0xC0, 0x00, 0x00, 0x00,
  0x7F, 0xFF, 0xFE, 0x03, 0xFF, 0xFF, 0xC0, 0x00, 0x7F, 0xFF, 0xFC, 0x07,
  0xFF, 0xFF, 0xC0, 0x00, 0x00, 0x00, 0x3F, 0xFF, 0xFF, 0x01, 0xFF, 0xFF,
  0xE0, 0x00, 0x3F, 0xFF, 0xFE, 0x03, 0xFF, 0xFF, 0xE0, 0x00, 0x00, 0x00,
  0x1F, 0xFF, 0xFF, 0x81, 0xFF, 0xFF, 0xF0, 0x00, 0x1F, 0xFF, 0xFF, 0x03,
  0xFF, 0xFF, 0xE0, 0x00, 0x00, 0x00, 0x07, 0xFF, 0xFF, 0xE0, 0xFF, 0xFF,
  0xF0, 0x00, 0x07, 0xFF, 0xFF, 0xC1, 0xFF, 0xFF, 0xF0, 0x00, 0x00, 0x00,
  0x03, 0xFF, 0xFF, 0xF0, 0x7F, 0xFF, 0xF8, 0x00, 0x03, 0xFF, 0xFF, 0xE0,
  0xFF, 0xFF, 0xF8, 0x00, 0x00, 0x00, 0x00, 0xFF, 0xFF, 0xF8, 0x7F, 0xFF,
  0xFC, 0x00, 0x01, 0xFF, 0xFF, 0xF0, 0xFF, 0xFF, 0xF8, 0x00, 0x00, 0x00,
  0x00, 0x7F, 0xFF, 0xFC, 0x3F, 0xFF, 0xFC, 0x00, 0x00, 0x7F, 0xFF, 0xFC,
  0x7F, 0xFF, 0xFC, 0x00, 0x00, 0x00, 0x00, 0x3F, 0xFF, 0xFF, 0x1F, 0xFF,
  0xFE, 0x00, 0x00, 0x3F, 0xFF, 0xFE, 0x3F, 0xFF, 0xFE, 0x00, 0x00, 0x00,
  0x00, 0x0F, 0xFF, 0xFF, 0x9F, 0xFF, 0xFF, 0x00, 0x00, 0x1F, 0xFF, 0xFF,
  0x3F, 0xFF, 0xFE, 0x00, 0x00, 0x00, 0x00, 0x07, 0xFF, 0xFF, 0xCF, 0xFF,
  0xFF, 0x00, 0x00, 0x07, 0xFF, 0xFF, 0x9F, 0xFF, 0xFF, 0x00, 0x00, 0x00,
  0x00, 0x03, 0xFF, 0xFF, 0xF7, 0xFF, 0xFF, 0x80, 0x00, 0x03, 0xFF, 0xFF,
  0xEF, 0xFF, 0xFF, 0x80, 0x00, 0x00, 0x00, 0x00, 0xFF, 0xFF, 0xFF, 0xFF,
  0xFF, 0x80, 0x00, 0x01, 0xFF, 0xFF, 0xFF, 0xFF, 0xFF, 0x80, 0x00, 0x00,
  0x00, 0x00, 0x7F, 0xFF, 0xFF, 0xFF, 0xFF, 0xC0, 0x00, 0x00, 0x7F, 0xFF,
  0xFF, 0xFF, 0xFF, 0xC0, 0x00, 0x00, 0x00, 0x00, 0x3F, 0xFF, 0xFF, 0xFF,
  0xFF, 0xE0, 0x00, 0x00, 0x3F, 0xFF, 0xFF, 0xFF, 0xFF, 0xE0, 0x00, 0x00,
  0x00, 0x00, 0x0F, 0xFF, 0xFF, 0xFF, 0xFF, 0xE0, 0x00, 0x00, 0x0F, 0xFF,
  0xFF, 0xFF, 0xFF, 0xE0, 0x00, 0x00, 0x00, 0x00, 0x07, 0xFF, 0xFF, 0xFF,
  0xFF, 0xF0, 0x00, 0x00, 0x07, 0xFF, 0xFF, 0xFF, 0xFF, 0xF0, 0x00, 0x00,
  0x00, 0x00, 0x03, 0xFF, 0xFF, 0xFF, 0xFF, 0xF8, 0x00, 0x00, 0x03, 0xFF,
  0xFF, 0xFF, 0xFF, 0xF0, 0x00, 0x00, 0x00, 0x00, 0x00, 0xFF, 0xFF, 0xFF,
  0xFF, 0xF8, 0x00, 0x00, 0x00, 0xFF, 0xFF, 0xFF, 0xFF, 0xF8, 0x00, 0x00,
  0x00, 0x00, 0x00, 0x7F, 0xFF, 0xFF, 0xFF, 0xFC, 0x00, 0x00, 0x00, 0x7F,
  0xFF, 0xFF, 0xFF, 0xFC, 0x00, 0x00, 0x00, 0x00, 0x00, 0x1F, 0xFF, 0xFF,
  0xFF, 0xFE, 0x00, 0x00, 0x00, 0x3F, 0xFF, 0xFF, 0xFF, 0xFC, 0x00, 0x00,
  0x00, 0x00, 0x00, 0x0F, 0xFF, 0xFF, 0xFF, 0xFE, 0x00, 0x00, 0x00, 0x0F,
  0xFF, 0xFF, 0xFF, 0xFE, 0x00, 0x00, 0x00, 0x00, 0x00, 0x07, 0xFF, 0xFF,
  0xFF, 0xFF, 0x00, 0x00, 0x00, 0x07, 0xFF, 0xFF, 0xFF, 0xFF, 0x00, 0x00,
  0x00, 0x00, 0x00, 0x01, 0xFF, 0xFF, 0xFF, 0xFF, 0x80, 0x00, 0x00, 0x03,
  0xFF, 0xFF, 0xFF, 0xFF, 0x00, 0x00, 0x00, 0x00, 0x00, 0x00, 0xFF, 0xFF,
  0xFF, 0xFF, 0x80, 0x00, 0x00, 0x00, 0xFF, 0xFF, 0xFF, 0xFF, 0x80, 0x00,
  0x00, 0x00, 0x00, 0x00, 0x7F, 0xFF, 0xFF, 0xFF, 0xC0, 0x00, 0x00, 0x00,
  0x7F, 0xFF, 0xFF, 0xFF, 0xC0, 0x00, 0x00, 0x00, 0x00, 0x00, 0x1F, 0xFF,
  0xFF, 0xFF, 0xE0, 0x00, 0x00, 0x00, 0x3F, 0xFF, 0xFF, 0xFF, 0xC0, 0x00,
  0x00, 0x00, 0x00, 0x00, 0x0F, 0xFF, 0xFF, 0xFF, 0xE0, 0x00, 0x00, 0x00,
  0x0F, 0xFF, 0xFF, 0xFF, 0xE0, 0x00, 0x00, 0x00, 0x00, 0x00, 0x07, 0xFF,
  0xFF, 0xFF, 0xF0, 0x00, 0x00, 0x00, 0x07, 0xFF, 0xFF, 0xFF, 0xF0, 0x00,
  0x00, 0x00, 0x00, 0x00, 0x01, 0xFF, 0xFF, 0xFF, 0xF8, 0x00, 0x00, 0x00,
  0x03, 0xFF, 0xFF, 0xFF, 0xF0, 0x00, 0x00, 0x00, 0x00, 0x00, 0x00, 0xFF,
  0xFF, 0xFF, 0xF8, 0x00, 0x00, 0x00, 0x00, 0xFF, 0xFF, 0xFF, 0xF8, 0x00,
  0x00, 0x00, 0x00, 0x00, 0x00, 0x7F, 0xFF, 0xFF, 0xFC, 0x00, 0x00, 0x00,
  0x00, 0x7F, 0xFF, 0xFF, 0xFC, 0x00, 0x00, 0x00, 0x00, 0x00, 0x00, 0x1F,
  0xFF, 0xFF, 0xFE, 0x00, 0x00, 0x00, 0x00, 0x3F, 0xFF, 0xFF, 0xFC, 0x00,
  0x00, 0x00, 0x00, 0x00, 0x00, 0x0F, 0xFF, 0xFF, 0xFE, 0x00, 0x00, 0x00,
  0x00, 0x0F, 0xFF, 0xFF, 0xFE, 0x00, 0x00, 0x00, 0x00, 0x00, 0x00, 0x07,
  0xFF, 0xFF, 0xFF, 0x00, 0x00, 0x00, 0x00, 0x07, 0xFF, 0xFF, 0xFE, 0x00,
  0x00, 0x00, 0x00, 0x00, 0x00, 0x01, 0xFF, 0xFF, 0xFF, 0x80, 0x00, 0x00,
  0x00, 0x03, 0xFF, 0xFF, 0xFF, 0x00, 0x00, 0x00, 0x00, 0x00, 0x00, 0x00,
  0xFF, 0xFF, 0xFF, 0x80, 0x00, 0x00, 0x00, 0x00, 0xFF, 0xFF, 0xFF, 0x80,
  0x00, 0x00, 0x00, 0x00, 0x00, 0x00, 0x3F, 0xFF, 0xFF, 0xC0, 0x00, 0x00,
  0x00, 0x00, 0x7F, 0xFF, 0xFF, 0x80, 0x00, 0x00, 0x00, 0x00, 0x00, 0x00,
  0x1F, 0xFF, 0xFF, 0xC0, 0x00, 0x00, 0x00, 0x00, 0x3F, 0xFF, 0xFF, 0xC0,
  0x00, 0x00, 0x00, 0x00, 0x00, 0x00, 0x0F, 0xFF, 0xFF, 0xE0, 0x00, 0x00,
  0x00, 0x00, 0x0F, 0xFF, 0xFF, 0xC0, 0x00, 0x00, 0x00, 0x00, 0x00, 0x00,
  0x03, 0xFF, 0xFF, 0xE0, 0x00, 0x00, 0x00, 0x00, 0x03, 0xFF, 0xFF, 0xE0,
  0x00, 0x00, 0x00, 0x00, 0x00, 0x00, 0x00, 0xFF, 0xFF, 0xF0, 0x00, 0x00,
  0x00, 0x00, 0x01, 0xFF, 0xFF, 0xE0, 0x00, 0x00, 0x00, 0x00, 0x00, 0x00,
  0x00, 0x3F, 0xFF, 0xF0, 0x00, 0x00, 0x00, 0x00, 0x00, 0x7F, 0xFF, 0xE0,
  0x00, 0x00, 0x00, 0x00, 0x00, 0x00, 0x00, 0x0F, 0xFF, 0xF0, 0x00, 0x00,
  0x00, 0x00, 0x00, 0x1F, 0xFF, 0xE0, 0x00, 0x00, 0x00, 0x00, 0x00, 0x00,
  0x00, 0x03, 0xFF, 0xF0, 0x00, 0x00, 0x00, 0x00, 0x00, 0x07, 0xFF, 0xE0,
  0x00, 0x00, 0x00, 0x00, 0x00, 0x00, 0x00, 0x00, 0x7F, 0xC0, 0x00, 0x00,
  0x00, 0x00, 0x00, 0x00, 0x7F, 0xC0, 0x00, 0x00, 0x00, 0x00, 0x00, 0x7F,
  0x00, 0x00, 0x00, 0x00, 0x00, 0x00, 0x00, 0xFE, 0x00, 0x03, 0xFF, 0xC0,
  0x00, 0x00, 0x00, 0x00, 0x00, 0x07, 0xFF, 0x00, 0x0F, 0xFF, 0xC0, 0x00,
  0x00, 0x00, 0x00, 0x00, 0x1F, 0xFF, 0x80, 0x3F, 0xFF, 0xC0, 0x00, 0x00,
  0x00, 0x00, 0x00, 0x7F, 0xFF, 0x80, 0xFF, 0xFF, 0xC0, 0x00, 0x00, 0x00,
  0x00, 0x01, 0xFF, 0xFF, 0x03, 0xFF, 0xFF, 0xC0, 0x00, 0x00, 0x00, 0x00,
  0x07, 0xFF, 0xFF, 0x07, 0xFF, 0xFF, 0xC0, 0x00, 0x00, 0x00, 0x00, 0x1F,
  0xFF, 0xFE, 0x1F, 0xFF, 0xFF, 0x80, 0x00, 0x00, 0x00, 0x00, 0x7F, 0xFF,
  0xFE, 0x3F, 0xFF, 0xFF, 0x80, 0x00, 0x00, 0x00, 0x00, 0xFF, 0xFF, 0xFC,
  0x7F, 0xFF, 0xFF, 0x80, 0x00, 0x00, 0x00, 0x03, 0xFF, 0xFF, 0xF8, 0xFF,
  0xFF, 0xFF, 0x00, 0x00, 0x00, 0x00, 0x0F, 0xFF, 0xFF, 0xF1, 0xFF, 0xFF,
  0xFF, 0x00, 0x00, 0x00, 0x00, 0x3F, 0xFF, 0xFF, 0xE3, 0xFF, 0xFF, 0xFF,
  0x00, 0x00, 0x00, 0x00, 0x7F, 0xFF, 0xFF, 0xC7, 0xFF, 0xFF, 0xFF, 0x00,
  0x00, 0x00, 0x01, 0xFF, 0xFF, 0xFF, 0x87, 0xFF, 0xFF, 0xFE, 0x00, 0x00,
  0x00, 0x07, 0xFF, 0xFF, 0xFE, 0x0F, 0xFF, 0xFF, 0xFE, 0x00, 0x00, 0x00,
  0x1F, 0xFF, 0xFF, 0xFC, 0x0F, 0xFF, 0xFF, 0xFE, 0x00, 0x00, 0x00, 0x3F,
  0xFF, 0xFF, 0xF0, 0x1F, 0xFF, 0xFF, 0xFE, 0x00, 0x00, 0x00, 0xFF, 0xFF,
  0xFF, 0xC0, 0x1F, 0xFF, 0xFF, 0xFC, 0x00, 0x00, 0x03, 0xFF, 0xFF, 0xFF,
  0x80, 0x1F, 0xFF, 0xFF, 0xFC, 0x00, 0x00, 0x0F, 0xFF, 0xFF, 0xFE, 0x00,
  0x1F, 0xFF, 0xFF, 0xFC, 0x00, 0x00, 0x1F, 0xFF, 0xFF, 0xF8, 0x00, 0x3F,
  0xFF, 0xFF, 0xFC, 0x00, 0x00, 0x7F, 0xFF, 0xFF, 0xE0, 0x00, 0x3F, 0xFF,
  0xFF, 0xF8, 0x00, 0x01, 0xFF, 0xFF, 0xFF, 0x80, 0x00, 0x3F, 0xFF, 0xFF,
  0xF8, 0x00, 0x07, 0xFF, 0xFF, 0xFF, 0x00, 0x00, 0x3F, 0xFF, 0xFF, 0xF8,
  0x00, 0x0F, 0xFF, 0xFF, 0xFC, 0x00, 0x00, 0x3F, 0xFF, 0xFF, 0xF8, 0x00,
  0x3F, 0xFF, 0xFF, 0xF0, 0x00, 0x00, 0x7F, 0xFF, 0xFF, 0xF0, 0x00, 0xFF,
  0xFF, 0xFF, 0xC0, 0x00, 0x00, 0x7F, 0xFF, 0xFF, 0xF0, 0x03, 0xFF, 0xFF,
  0xFF, 0x00, 0x00, 0x00, 0x7F, 0xFF, 0xFF, 0xF0, 0x07, 0xFF, 0xFF, 0xFE,
  0x00, 0x00, 0x00, 0x7F, 0xFF, 0xFF, 0xF0, 0x1F, 0xFF, 0xFF, 0xF8, 0x00,
  0x00, 0x00, 0x7F, 0xFF, 0xFF, 0xE0, 0x7F, 0xFF, 0xFF, 0xE0, 0x00, 0x00,
  0x00, 0xFF, 0xFF, 0xFF, 0xE1, 0xFF, 0xFF, 0xFF, 0x80, 0x00, 0x00, 0x00,
  0xFF, 0xFF, 0xFF, 0xE3, 0xFF, 0xFF, 0xFE, 0x00, 0x00, 0x00, 0x00, 0xFF,
  0xFF, 0xFF, 0xEF, 0xFF, 0xFF, 0xFC, 0x00, 0x00, 0x00, 0x00, 0xFF, 0xFF,
  0xFF, 0xFF, 0xFF, 0xFF, 0xF0, 0x00, 0x00, 0x00, 0x00, 0xFF, 0xFF, 0xFF,
  0xFF, 0xFF, 0xFF, 0xC0, 0x00, 0x00, 0x00, 0x00, 0xFF, 0xFF, 0xFF, 0xFF,
  0xFF, 0xFF, 0x00, 0x00, 0x00, 0x00, 0x01, 0xFF, 0xFF, 0xFF, 0xFF, 0xFF,
  0xFC, 0x00, 0x00, 0x00, 0x00, 0x01, 0xFF, 0xFF, 0xFF, 0xFF, 0xFF, 0xF8,
  0x00, 0x00, 0x00, 0x00, 0x01, 0xFF, 0xFF, 0xFF, 0xFF, 0xFF, 0xE0, 0x00,
  0x00, 0x00, 0x00, 0x01, 0xFF, 0xFF, 0xFF, 0xFF, 0xFF, 0x80, 0x00, 0x00,
  0x00, 0x00, 0x01, 0xFF, 0xFF, 0xFF, 0xFF, 0xFE, 0x00, 0x00, 0x00, 0x00,
  0x00, 0x03, 0xFF, 0xFF, 0xFF, 0xFF, 0xF8, 0x00, 0x00, 0x00, 0x00, 0x00,
  0x03, 0xFF, 0xFF, 0xFF, 0xFF, 0xF0, 0x00, 0x00, 0x00, 0x00, 0x00, 0x03,
  0xFF, 0xFF, 0xFF, 0xFF, 0xC0, 0x00, 0x00, 0x00, 0x00, 0x00, 0x03, 0xFF,
  0xFF, 0xFF, 0xFF, 0x00, 0x00, 0x00, 0x00, 0x00, 0x00, 0x03, 0xFF, 0xFF,
  0xFF, 0xFC, 0x00, 0x00, 0x00, 0x00, 0x00, 0x00, 0x07, 0xFF, 0xFF, 0xFF,
  0xF0, 0x00, 0x00, 0x00, 0x00, 0x00, 0x00, 0x07, 0xFF, 0xFF, 0xFF, 0xC0,
  0x00, 0x00, 0x00, 0x00, 0x00, 0x00, 0x07, 0xFF, 0xFF, 0xFF, 0x80, 0x00,
  0x00, 0x00, 0x00, 0x00, 0x00, 0x0F, 0xFF, 0xFF, 0xFF, 0x80, 0x00, 0x00,
  0x00, 0x00, 0x00, 0x00, 0x3F, 0xFF, 0xFF, 0xFF, 0x00, 0x00, 0x00, 0x00,
  0x00, 0x00, 0x00, 0xFF, 0xFF, 0xFF, 0xFF, 0x00, 0x00, 0x00, 0x00, 0x00,
  0x00, 0x03, 0xFF, 0xFF, 0xFF, 0xFF, 0x00, 0x00, 0x00, 0x00, 0x00, 0x00,
  0x0F, 0xFF, 0xFF, 0xFF, 0xFF, 0x00, 0x00, 0x00, 0x00, 0x00, 0x00, 0x3F,
  0xFF, 0xFF, 0xFF, 0xFF, 0x00, 0x00, 0x00, 0x00, 0x00, 0x00, 0x7F, 0xFF,
  0xFF, 0xFF, 0xFE, 0x00, 0x00, 0x00, 0x00, 0x00, 0x01, 0xFF, 0xFF, 0xFF,
  0xFF, 0xFE, 0x00, 0x00, 0x00, 0x00, 0x00, 0x07, 0xFF, 0xFF, 0xFF, 0xFF,
  0xFE, 0x00, 0x00, 0x00, 0x00, 0x00, 0x1F, 0xFF, 0xFF, 0xFF, 0xFF, 0xFE,
  0x00, 0x00, 0x00, 0x00, 0x00, 0x7F, 0xFF, 0xFF, 0xFF, 0xFF, 0xFE, 0x00,
  0x00, 0x00, 0x00, 0x00, 0xFF, 0xFF, 0xFF, 0xFF, 0xFF, 0xFC, 0x00, 0x00,
  0x00, 0x00, 0x03, 0xFF, 0xFF, 0xFF, 0xFF, 0xFF, 0xFC, 0x00, 0x00, 0x00,
  0x00, 0x0F, 0xFF, 0xFF, 0xFF, 0xFF, 0xFF, 0xFC, 0x00, 0x00, 0x00, 0x00,
  0x3F, 0xFF, 0xFF, 0xFF, 0xFF, 0xFF, 0xFC, 0x00, 0x00, 0x00, 0x00, 0xFF,
  0xFF, 0xFF, 0xDF, 0xFF, 0xFF, 0xFC, 0x00, 0x00, 0x00, 0x03, 0xFF, 0xFF,
  0xFF, 0x9F, 0xFF, 0xFF, 0xF8, 0x00, 0x00, 0x00, 0x07, 0xFF, 0xFF, 0xFE,
  0x3F, 0xFF, 0xFF, 0xF8, 0x00, 0x00, 0x00, 0x1F, 0xFF, 0xFF, 0xF8, 0x3F,
  0xFF, 0xFF, 0xF8, 0x00, 0x00, 0x00, 0x7F, 0xFF, 0xFF, 0xE0, 0x3F, 0xFF,
  0xFF, 0xF8, 0x00, 0x00, 0x01, 0xFF, 0xFF, 0xFF, 0xC0, 0x3F, 0xFF, 0xFF,
  0xF8, 0x00, 0x00, 0x07, 0xFF, 0xFF, 0xFF, 0x00, 0x7F, 0xFF, 0xFF, 0xF0,
  0x00, 0x00, 0x0F, 0xFF, 0xFF, 0xFC, 0x00, 0x7F, 0xFF, 0xFF, 0xF0, 0x00,
  0x00, 0x3F, 0xFF, 0xFF, 0xF0, 0x00, 0x7F, 0xFF, 0xFF, 0xF0, 0x00, 0x00,
  0xFF, 0xFF, 0xFF, 0xC0, 0x00, 0x7F, 0xFF, 0xFF, 0xF0, 0x00, 0x03, 0xFF,
  0xFF, 0xFF, 0x80, 0x00, 0xFF, 0xFF, 0xFF, 0xF0, 0x00, 0x0F, 0xFF, 0xFF,
  0xFE, 0x00, 0x00, 0xFF, 0xFF, 0xFF, 0xE0, 0x00, 0x3F, 0xFF, 0xFF, 0xF8,
  0x00, 0x00, 0xFF, 0xFF, 0xFF, 0xE0, 0x00, 0x7F, 0xFF, 0xFF, 0xE0, 0x00,
  0x00, 0xFF, 0xFF, 0xFF, 0xE0, 0x01, 0xFF, 0xFF, 0xFF, 0xC0, 0x00, 0x01,
  0xFF, 0xFF, 0xFF, 0xE0, 0x07, 0xFF, 0xFF, 0xFF, 0x00, 0x00, 0x01, 0xFF,
  0xFF, 0xFF, 0xE0, 0x1F, 0xFF, 0xFF, 0xFC, 0x00, 0x00, 0x01, 0xFF, 0xFF,
  0xFF, 0xC0, 0x7F, 0xFF, 0xFF, 0xF0, 0x00, 0x00, 0x01, 0xFF, 0xFF, 0xFF,
  0xC0, 0xFF, 0xFF, 0xFF, 0xE0, 0x00, 0x00, 0x03, 0xFF, 0xFF, 0xFF, 0xC3,
  0xFF, 0xFF, 0xFF, 0x80, 0x00, 0x00, 0x03, 0xFF, 0xFF, 0xFF, 0x8F, 0xFF,
  0xFF, 0xFE, 0x00, 0x00, 0x00, 0x03, 0xFF, 0xFF, 0xFF, 0x9F, 0xFF, 0xFF,
  0xF8, 0x00, 0x00, 0x00, 0x03, 0xFF, 0xFF, 0xFF, 0x3F, 0xFF, 0xFF, 0xE0,
  0x00, 0x00, 0x00, 0x07, 0xFF, 0xFF, 0xFF, 0xFF, 0xFF, 0xFF, 0xC0, 0x00,
  0x00, 0x00, 0x07, 0xFF, 0xFF, 0xFF, 0xFF, 0xFF, 0xFF, 0x00, 0x00, 0x00,
  0x00, 0x07, 0xFF, 0xFF, 0xFF, 0xFF, 0xFF, 0xFC, 0x00, 0x00, 0x00, 0x00,
  0x07, 0xFF, 0xFF, 0xFF, 0xFF, 0xFF, 0xF0, 0x00, 0x00, 0x00, 0x00, 0x0F,
  0xFF, 0xFF, 0xFF, 0xFF, 0xFF, 0xE0, 0x00, 0x00, 0x00, 0x00, 0x0F, 0xFF,
  0xFF, 0xFF, 0xFF, 0xFF, 0x80, 0x00, 0x00, 0x00, 0x00, 0x0F, 0xFF, 0xFF,
  0xDF, 0xFF, 0xFE, 0x00, 0x00, 0x00, 0x00, 0x00, 0x0F, 0xFF, 0xFF, 0x3F,
  0xFF, 0xF8, 0x00, 0x00, 0x00, 0x00, 0x00, 0x1F, 0xFF, 0xFE, 0x7F, 0xFF,
  0xE0, 0x00, 0x00, 0x00, 0x00, 0x00, 0x1F, 0xFF, 0xF8, 0x7F, 0xFF, 0xC0,
  0x00, 0x00, 0x00, 0x00, 0x00, 0x1F, 0xFF, 0xE0, 0x7F, 0xFE, 0x00, 0x00,
  0x00, 0x00, 0x00, 0x00, 0x1F, 0xFF, 0x80, 0x3F, 0xF8, 0x00, 0x00, 0x00,
  0x00, 0x00, 0x00, 0x1F, 0xFE, 0x00, 0x1F, 0xC0, 0x00, 0x00, 0x00, 0x00,
  0x00, 0x00, 0x07, 0xF0, 0x00, 0x01, 0xFC, 0x00, 0x00, 0x00, 0x00, 0x00,
  0x00, 0x00, 0x07, 0xF0, 0x00, 0xFF, 0xF0, 0x00, 0x00, 0x00, 0x00, 0x00,
  0x00, 0x03, 0xFF, 0x80, 0x3F, 0xFF, 0x00, 0x00, 0x00, 0x00, 0x00, 0x00,
  0x00, 0xFF, 0xFC, 0x0F, 0xFF, 0xF0, 0x00, 0x00, 0x00, 0x00, 0x00, 0x00,
  0x7F, 0xFF, 0xC3, 0xFF, 0xFF, 0x00, 0x00, 0x00, 0x00, 0x00, 0x00, 0x0F,
  0xFF, 0xF8, 0xFF, 0xFF, 0xF0, 0x00, 0x00, 0x00, 0x00, 0x00, 0x03, 0xFF,
  0xFF, 0x9F, 0xFF, 0xFF, 0x00, 0x00, 0x00, 0x00, 0x00, 0x00, 0xFF, 0xFF,
  0xF7, 0xFF, 0xFF, 0xE0, 0x00, 0x00, 0x00, 0x00, 0x00, 0x3F, 0xFF, 0xFF,
  0xFF, 0xFF, 0xFE, 0x00, 0x00, 0x00, 0x00, 0x00, 0x07, 0xFF, 0xFF, 0xFF,
  0xFF, 0xFF, 0xE0, 0x00, 0x00, 0x00, 0x00, 0x01, 0xFF, 0xFF, 0xFF, 0xFF,
  0xFF, 0xFC, 0x00, 0x00, 0x00, 0x00, 0x00, 0x7F, 0xFF, 0xFF, 0xFF, 0xFF,
  0xFF, 0xC0, 0x00, 0x00, 0x00, 0x00, 0x0F, 0xFF, 0xFF, 0xFF, 0xFF, 0xFF,
  0xFC, 0x00, 0x00, 0x00, 0x00, 0x03, 0xFF, 0xFF, 0xFF, 0xFF, 0xFF, 0xFF,
  0x80, 0x00, 0x00, 0x00, 0x00, 0xFF, 0xFF, 0xFF, 0xDF, 0xFF, 0xFF, 0xF8,
  0x00, 0x00, 0x00, 0x00, 0x3F, 0xFF, 0xFF, 0xF3, 0xFF, 0xFF, 0xFF, 0x80,
  0x00, 0x00, 0x00, 0x07, 0xFF, 0xFF, 0xFE, 0x3F, 0xFF, 0xFF, 0xF0, 0x00,
  0x00, 0x00, 0x01, 0xFF, 0xFF, 0xFF, 0x87, 0xFF, 0xFF, 0xFF, 0x00, 0x00,
  0x00, 0x00, 0x7F, 0xFF, 0xFF, 0xF0, 0x7F, 0xFF, 0xFF, 0xF0, 0x00, 0x00,
  0x00, 0x0F, 0xFF, 0xFF, 0xFC, 0x07, 0xFF, 0xFF, 0xFE, 0x00, 0x00, 0x00,
  0x03, 0xFF, 0xFF, 0xFF, 0x00, 0xFF, 0xFF, 0xFF, 0xE0, 0x00, 0x00, 0x00,
  0xFF, 0xFF, 0xFF, 0xC0, 0x0F, 0xFF, 0xFF, 0xFE, 0x00, 0x00, 0x00, 0x1F,
  0xFF, 0xFF, 0xF8, 0x00, 0xFF, 0xFF, 0xFF, 0xE0, 0x00, 0x00, 0x07, 0xFF,
  0xFF, 0xFE, 0x00, 0x0F, 0xFF, 0xFF, 0xFC, 0x00, 0x00, 0x01, 0xFF, 0xFF,
  0xFF, 0x80, 0x01, 0xFF, 0xFF, 0xFF, 0xC0, 0x00, 0x00, 0x7F, 0xFF, 0xFF,
  0xF0, 0x00, 0x1F, 0xFF, 0xFF, 0xFC, 0x00, 0x00, 0x0F, 0xFF, 0xFF, 0xFC,
  0x00, 0x01, 0xFF, 0xFF, 0xFF, 0x80, 0x00, 0x03, 0xFF, 0xFF, 0xFF, 0x00,
  0x00, 0x1F, 0xFF, 0xFF, 0xF8, 0x00, 0x00, 0xFF, 0xFF, 0xFF, 0xC0, 0x00,
  0x03, 0xFF, 0xFF, 0xFF, 0x80, 0x00, 0x1F, 0xFF, 0xFF, 0xF8, 0x00, 0x00,
  0x3F, 0xFF, 0xFF, 0xF0, 0x00, 0x07, 0xFF, 0xFF, 0xFE, 0x00, 0x00, 0x03,
  0xFF, 0xFF, 0xFF, 0x00, 0x01, 0xFF, 0xFF, 0xFF, 0x80, 0x00, 0x00, 0x7F,
  0xFF, 0xFF, 0xF0, 0x00, 0x3F, 0xFF, 0xFF, 0xE0, 0x00, 0x00, 0x07, 0xFF,
  0xFF, 0xFF, 0x00, 0x0F, 0xFF, 0xFF, 0xFC, 0x00, 0x00, 0x00, 0x7F, 0xFF,
  0xFF, 0xE0, 0x03, 0xFF, 0xFF, 0xFF, 0x00, 0x00, 0x00, 0x07, 0xFF, 0xFF,
  0xFE, 0x00, 0xFF, 0xFF, 0xFF, 0xC0, 0x00, 0x00, 0x00, 0xFF, 0xFF, 0xFF,
  0xE0, 0x1F, 0xFF, 0xFF, 0xF0, 0x00, 0x00, 0x00, 0x0F, 0xFF, 0xFF, 0xFC,
  0x07, 0xFF, 0xFF, 0xFE, 0x00, 0x00, 0x00, 0x00, 0xFF, 0xFF, 0xFF, 0xC1,
  0xFF, 0xFF, 0xFF, 0x80, 0x00, 0x00, 0x00, 0x0F, 0xFF, 0xFF, 0xFC, 0x3F,
  0xFF, 0xFF, 0xE0, 0x00, 0x00, 0x00, 0x01, 0xFF, 0xFF, 0xFF, 0x8F, 0xFF,
  0xFF, 0xF8, 0x00, 0x00, 0x00, 0x00, 0x1F, 0xFF, 0xFF, 0xFB, 0xFF, 0xFF,
  0xFF, 0x00, 0x00, 0x00, 0x00, 0x01, 0xFF, 0xFF, 0xFF, 0xFF, 0xFF, 0xFF,
  0xC0, 0x00, 0x00, 0x00, 0x00, 0x1F, 0xFF, 0xFF, 0xFF, 0xFF, 0xFF, 0xF0,
  0x00, 0x00, 0x00, 0x00, 0x03, 0xFF, 0xFF, 0xFF, 0xFF, 0xFF, 0xFC, 0x00,
  0x00, 0x00, 0x00, 0x00, 0x3F, 0xFF, 0xFF, 0xFF, 0xFF, 0xFF, 0x80, 0x00,
  0x00, 0x00, 0x00, 0x03, 0xFF, 0xFF, 0xFF, 0xFF, 0xFF, 0xE0, 0x00, 0x00,
  0x00, 0x00, 0x00, 0x3F, 0xFF, 0xFF, 0xFF, 0xFF, 0xF8, 0x00, 0x00, 0x00,
  0x00, 0x00, 0x07, 0xFF, 0xFF, 0xFF, 0xFF, 0xFE, 0x00, 0x00, 0x00, 0x00,
  0x00, 0x00, 0x7F, 0xFF, 0xFF, 0xFF, 0xFF, 0xC0, 0x00, 0x00, 0x00, 0x00,
  0x00, 0x07, 0xFF, 0xFF, 0xFF, 0xFF, 0xF0, 0x00, 0x00, 0x00, 0x00, 0x00,
  0x00, 0x7F, 0xFF, 0xFF, 0xFF, 0xFC, 0x00, 0x00, 0x00, 0x00, 0x00, 0x00,
  0x0F, 0xFF, 0xFF, 0xFF, 0xFF, 0x00, 0x00, 0x00, 0x00, 0x00, 0x00, 0x00,
  0xFF, 0xFF, 0xFF, 0xFF, 0xE0, 0x00, 0x00, 0x00, 0x00, 0x00, 0x00, 0x0F,
  0xFF, 0xFF, 0xFF, 0xF8, 0x00, 0x00, 0x00, 0x00, 0x00, 0x00, 0x00, 0xFF,
  0xFF, 0xFF, 0xFE, 0x00, 0x00, 0x00, 0x00, 0x00, 0x00, 0x00, 0x1F, 0xFF,
  0xFF, 0xFF, 0x80, 0x00, 0x00, 0x00, 0x00, 0x00, 0x00, 0x01, 0xFF, 0xFF,
  0xFF, 0xF0, 0x00, 0x00, 0x00, 0x00, 0x00, 0x00, 0x00, 0x1F, 0xFF, 0xFF,
  0xFC, 0x00, 0x00, 0x00, 0x00, 0x00, 0x00, 0x00, 0x03, 0xFF, 0xFF, 0xFF,
  0x00, 0x00, 0x00, 0x00, 0x00, 0x00, 0x00, 0x00, 0x3F, 0xFF, 0xFF, 0xC0,
  0x00, 0x00, 0x00, 0x00, 0x00, 0x00, 0x00, 0x03, 0xFF, 0xFF, 0xF8, 0x00,
  0x00, 0x00, 0x00, 0x00, 0x00, 0x00, 0x00, 0x3F, 0xFF, 0xFE, 0x00, 0x00,
  0x00, 0x00, 0x00, 0x00, 0x00, 0x00, 0x07, 0xFF, 0xFF, 0xC0, 0x00, 0x00,
  0x00, 0x00, 0x00, 0x00, 0x00, 0x00, 0xFF, 0xFF, 0xF8, 0x00, 0x00, 0x00,
  0x00, 0x00, 0x00, 0x00, 0x00, 0x1F, 0xFF, 0xFF, 0x00, 0x00, 0x00, 0x00,
  0x00, 0x00, 0x00, 0x00, 0x03, 0xFF, 0xFF, 0xE0, 0x00, 0x00, 0x00, 0x00,
  0x00, 0x00, 0x00, 0x00, 0x7F, 0xFF, 0xFC, 0x00, 0x00, 0x00, 0x00, 0x00,
  0x00, 0x00, 0x00, 0x0F, 0xFF, 0xFF, 0x80, 0x00, 0x00, 0x00, 0x00, 0x00,
  0x00, 0x00, 0x01, 0xFF, 0xFF, 0xF0, 0x00, 0x00, 0x00, 0x00, 0x00, 0x00,
  0x00, 0x00, 0x3F, 0xFF, 0xFE, 0x00, 0x00, 0x00, 0x00, 0x00, 0x00, 0x00,
  0x00, 0x07, 0xFF, 0xFF, 0xC0, 0x00, 0x00, 0x00, 0x00, 0x00, 0x00, 0x00,
  0x00, 0xFF, 0xFF, 0xF8, 0x00, 0x00, 0x00, 0x00, 0x00, 0x00, 0x00, 0x00,
  0x1F, 0xFF, 0xFF, 0x00, 0x00, 0x00, 0x00, 0x00, 0x00, 0x00, 0x00, 0x03,
  0xFF, 0xFF, 0xE0, 0x00, 0x00, 0x00, 0x00, 0x00, 0x00, 0x00, 0x00, 0x7F,
  0xFF, 0xFC, 0x00, 0x00, 0x00, 0x00, 0x00, 0x00, 0x00, 0x00, 0x0F, 0xFF,
  0xFF, 0x80, 0x00, 0x00, 0x00, 0x00, 0x00, 0x00, 0x00, 0x01, 0xFF, 0xFF,
  0xF0, 0x00, 0x00, 0x00, 0x00, 0x00, 0x00, 0x00, 0x00, 0x3F, 0xFF, 0xFE,
  0x00, 0x00, 0x00, 0x00, 0x00, 0x00, 0x00, 0x00, 0x07, 0xFF, 0xFF, 0xC0,
  0x00, 0x00, 0x00, 0x00, 0x00, 0x00, 0x00, 0x00, 0xFF, 0xFF, 0xF8, 0x00,
  0x00, 0x00, 0x00, 0x00, 0x00, 0x00, 0x00, 0x1F, 0xFF, 0xFF, 0x00, 0x00,
  0x00, 0x00, 0x00, 0x00, 0x00, 0x00, 0x03, 0xFF, 0xFF, 0xE0, 0x00, 0x00,
  0x00, 0x00, 0x00, 0x00, 0x00, 0x00, 0x7F, 0xFF, 0xFC, 0x00, 0x00, 0x00,
  0x00, 0x00, 0x00, 0x00, 0x00, 0x0F, 0xFF, 0xFF, 0x80, 0x00, 0x00, 0x00,
  0x00, 0x00, 0x00, 0x00, 0x01, 0xFF, 0xFF, 0xF0, 0x00, 0x00, 0x00, 0x00,
  0x00, 0x00, 0x00, 0x00, 0x3F, 0xFF, 0xFE, 0x00, 0x00, 0x00, 0x00, 0x00,
  0x00, 0x00, 0x00, 0x07, 0xFF, 0xFF, 0xC0, 0x00, 0x00, 0x00, 0x00, 0x00,
  0x00, 0x00, 0x00, 0xFF, 0xFF, 0xF8, 0x00, 0x00, 0x00, 0x00, 0x00, 0x00,
  0x00, 0x00, 0x1F, 0xFF, 0xFF, 0x00, 0x00, 0x00, 0x00, 0x00, 0x00, 0x00,
  0x00, 0x03, 0xFF, 0xFF, 0xE0, 0x00, 0x00, 0x00, 0x00, 0x00, 0x00, 0x00,
  0x00, 0x7F, 0xFF, 0xFC, 0x00, 0x00, 0x00, 0x00, 0x00, 0x00, 0x00, 0x00,
  0x0F, 0xFF, 0xFF, 0x80, 0x00, 0x00, 0x00, 0x00, 0x00, 0x00, 0x00, 0x01,
  0xFF, 0xFF, 0xF0, 0x00, 0x00, 0x00, 0x00, 0x00, 0x00, 0x00, 0x00, 0x3F,
  0xFF, 0xFE, 0x00, 0x00, 0x00, 0x00, 0x00, 0x00, 0x00, 0x00, 0x03, 0xFF,
  0xFF, 0x80, 0x00, 0x00, 0x00, 0x00, 0x00, 0x00, 0x00, 0x00, 0x7F, 0xFF,
  0xF0, 0x00, 0x00, 0x00, 0x00, 0x00, 0x00, 0x00, 0x00, 0x07, 0xFF, 0xFC,
  0x00, 0x00, 0x00, 0x00, 0x00, 0x00, 0x00, 0x00, 0x00, 0x7F, 0xFF, 0x00,
  0x00, 0x00, 0x00, 0x00, 0x00, 0x00, 0x00, 0x00, 0x07, 0xFF, 0xC0, 0x00,
  0x00, 0x00, 0x00, 0x00, 0x00, 0x00, 0x00, 0x00, 0x7F, 0xF0, 0x00, 0x00,
  0x00, 0x00, 0x00, 0x00, 0x00, 0x00, 0x00, 0x03, 0xF8, 0x00, 0x00, 0x00,
  0x00, 0x00, 0x00, 0xFF, 0xFF, 0xFF, 0xFF, 0xFF, 0xFF, 0xFF, 0xFF, 0xFC,
  0x00, 0x3F, 0xFF, 0xFF, 0xFF, 0xFF, 0xFF, 0xFF, 0xFF, 0xFF, 0xF0, 0x07,
  0xFF, 0xFF, 0xFF, 0xFF, 0xFF, 0xFF, 0xFF, 0xFF, 0xFF, 0x80, 0xFF, 0xFF,
  0xFF, 0xFF, 0xFF, 0xFF, 0xFF, 0xFF, 0xFF, 0xFC, 0x1F, 0xFF, 0xFF, 0xFF,
  0xFF, 0xFF, 0xFF, 0xFF, 0xFF, 0xFF, 0xC1, 0xFF, 0xFF, 0xFF, 0xFF, 0xFF,
  0xFF, 0xFF, 0xFF, 0xFF, 0xFE, 0x3F, 0xFF, 0xFF, 0xFF, 0xFF, 0xFF, 0xFF,
  0xFF, 0xFF, 0xFF, 0xE3, 0xFF, 0xFF, 0xFF, 0xFF, 0xFF, 0xFF, 0xFF, 0xFF,
  0xFF, 0xFF, 0x3F, 0xFF, 0xFF, 0xFF, 0xFF, 0xFF, 0xFF, 0xFF, 0xFF, 0xFF,
  0xF3, 0xFF, 0xFF, 0xFF, 0xFF, 0xFF, 0xFF, 0xFF, 0xFF, 0xFF, 0xFF, 0x3F,
  0xFF, 0xFF, 0xFF, 0xFF, 0xFF, 0xFF, 0xFF, 0xFF, 0xFF, 0xF3, 0xFF, 0xFF,
  0xFF, 0xFF, 0xFF, 0xFF, 0xFF, 0xFF, 0xFF, 0xFF, 0x1F, 0xFF, 0xFF, 0xFF,
  0xFF, 0xFF, 0xFF, 0xFF, 0xFF, 0xFF, 0xF1, 0xFF, 0xFF, 0xFF, 0xFF, 0xFF,
  0xFF, 0xFF, 0xFF, 0xFF, 0xFF, 0x0F, 0xFF, 0xFF, 0xFF, 0xFF, 0xFF, 0xFF,
  0xFF, 0xFF, 0xFF, 0xE0, 0x7F, 0xFF, 0xFF, 0xFF, 0xFF, 0xFF, 0xFF, 0xFF,
  0xFF, 0xFE, 0x03, 0xFF, 0xFF, 0xFF, 0xFF, 0xFF, 0xFF, 0xFF, 0xFF, 0xFF,
  0xE0, 0x0F, 0xFF, 0xFF, 0xFF, 0xFF, 0xFF, 0xFF, 0xFF, 0xFF, 0xFC, 0x00,
  0x00, 0x00, 0x00, 0x00, 0x00, 0x01, 0xFF, 0xFF, 0xFF, 0x80, 0x00, 0x00,
  0x00, 0x00, 0x00, 0x00, 0x3F, 0xFF, 0xFF, 0xF8, 0x00, 0x00, 0x00, 0x00,
  0x00, 0x00, 0x07, 0xFF, 0xFF, 0xFF, 0x00, 0x00, 0x00, 0x00, 0x00, 0x00,
  0x00, 0xFF, 0xFF, 0xFF, 0xE0, 0x00, 0x00, 0x00, 0x00, 0x00, 0x00, 0x0F,
  0xFF, 0xFF, 0xFC, 0x00, 0x00, 0x00, 0x00, 0x00, 0x00, 0x01, 0xFF, 0xFF,
  0xFF, 0xC0, 0x00, 0x00, 0x00, 0x00, 0x00, 0x00, 0x3F, 0xFF, 0xFF, 0xF8,
  0x00, 0x00, 0x00, 0x00, 0x00, 0x00, 0x07, 0xFF, 0xFF, 0xFF, 0x00, 0x00,
  0x00, 0x00, 0x00, 0x00, 0x00, 0xFF, 0xFF, 0xFF, 0xE0, 0x00, 0x00, 0x00,
  0x00, 0x00, 0x00, 0x1F, 0xFF, 0xFF, 0xFC, 0x00, 0x00, 0x00, 0x00, 0x00,
  0x00, 0x03, 0xFF, 0xFF, 0xFF, 0x80, 0x00, 0x00, 0x00, 0x00, 0x00, 0x00,
  0x3F, 0xFF, 0xFF, 0xF8, 0x00, 0x00, 0x00, 0x00, 0x00, 0x00, 0x07, 0xFF,
  0xFF, 0xFF, 0x00, 0x00, 0x00, 0x00, 0x00, 0x00, 0x00, 0xFF, 0xFF, 0xFF,
  0xE0, 0x00, 0x00, 0x00, 0x00, 0x00, 0x00, 0x1F, 0xFF, 0xFF, 0xFC, 0x00,
  0x00, 0x00, 0x00, 0x00, 0x00, 0x03, 0xFF, 0xFF, 0xFF, 0x80, 0x00, 0x00,
  0x00, 0x00, 0x00, 0x00, 0x7F, 0xFF, 0xFF, 0xF0, 0x00, 0x00, 0x00, 0x00,
  0x00, 0x00, 0x0F, 0xFF, 0xFF, 0xFE, 0x00, 0x00, 0x00, 0x00, 0x00, 0x00,
  0x00, 0xFF, 0xFF, 0xFF, 0xE0, 0x00, 0x00, 0x00, 0x00, 0x00, 0x00, 0x1F,
  0xFF, 0xFF, 0xFC, 0x00, 0x00, 0x00, 0x00, 0x00, 0x00, 0x03, 0xFF, 0xFF,
  0xFF, 0x80, 0x00, 0x00, 0x00, 0x00, 0x00, 0x00, 0x7F, 0xFF, 0xFF, 0xF0,
  0x00, 0x00, 0x00, 0x00, 0x00, 0x00, 0x0F, 0xFF, 0xFF, 0xFE, 0x00, 0x00,
  0x00, 0x00, 0x00, 0x00, 0x01, 0xFF, 0xFF, 0xFF, 0xC0, 0x00, 0x00, 0x00,
  0x00, 0x00, 0x00, 0x1F, 0xFF, 0xFF, 0xFC, 0x00, 0x00, 0x00, 0x00, 0x00,
  0x00, 0x03, 0xFF, 0xFF, 0xFF, 0x80, 0x00, 0x00, 0x00, 0x00, 0x00, 0x00,
  0x7F, 0xFF, 0xFF, 0xF0, 0x00, 0x00, 0x00, 0x00, 0x00, 0x00, 0x0F, 0xFF,
  0xFF, 0xFE, 0x00, 0x00, 0x00, 0x00, 0x00, 0x00, 0x01, 0xFF, 0xFF, 0xFF,
  0xC0, 0x00, 0x00, 0x00, 0x00, 0x00, 0x00, 0x3F, 0xFF, 0xFF, 0xF8, 0x00,
  0x00, 0x00, 0x00, 0x00, 0x00, 0x07, 0xFF, 0xFF, 0xFF, 0x00, 0x00, 0x00,
  0x00, 0x00, 0x00, 0x00, 0x7F, 0xFF, 0xFF, 0xF0, 0x00, 0x00, 0x00, 0x00,
  0x00, 0x00, 0x0F, 0xFF, 0xFF, 0xFE, 0x00, 0x00, 0x00, 0x00, 0x00, 0x00,
  0x01, 0xFF, 0xFF, 0xFF, 0xC0, 0x00, 0x00, 0x00, 0x00, 0x00, 0x00, 0x3F,
  0xFF, 0xFF, 0xF8, 0x00, 0x00, 0x00, 0x00, 0x00, 0x00, 0x07, 0xFF, 0xFF,
  0xFF, 0x00, 0x00, 0x00, 0x00, 0x00, 0x00, 0x00, 0xFF, 0xFF, 0xFF, 0xE0,
  0x00, 0x00, 0x00, 0x00, 0x00, 0x00, 0x1F, 0xFF, 0xFF, 0xFE, 0x00, 0x00,
  0x00, 0x00, 0x00, 0x00, 0x01, 0xFF, 0xFF, 0xFF, 0xC0, 0x00, 0x00, 0x00,
  0x00, 0x00, 0x00, 0x3F, 0xFF, 0xFF, 0xF8, 0x00, 0x00, 0x00, 0x00, 0x00,
  0x00, 0x07, 0xFF, 0xFF, 0xFF, 0x00, 0x00, 0x00, 0x00, 0x00, 0x00, 0x00,
  0xFF, 0xFF, 0xFF, 0xE0, 0x00, 0x00, 0x00, 0x00, 0x00, 0x00, 0x1F, 0xFF,
  0xFF, 0xFC, 0x00, 0x00, 0x00, 0x00, 0x00, 0x00, 0x03, 0xFF, 0xFF, 0xFF,
  0xC0, 0x00, 0x00, 0x00, 0x00, 0x00, 0x00, 0x3F, 0xFF, 0xFF, 0xF8, 0x00,
  0x00, 0x00, 0x00, 0x00, 0x00, 0x07, 0xFF, 0xFF, 0xFF, 0x00, 0x00, 0x00,
  0x00, 0x00, 0x00, 0x00, 0xFF, 0xFF, 0xFF, 0xE0, 0x00, 0x00, 0x00, 0x00,
  0x00, 0x00, 0x1F, 0xFF, 0xFF, 0xFC, 0x00, 0x00, 0x00, 0x00, 0x00, 0x00,
  0x03, 0xFF, 0xFF, 0xFF, 0x80, 0x00, 0x00, 0x00, 0x00, 0x00, 0x00, 0x7F,
  0xFF, 0xFF, 0xF0, 0x00, 0x00, 0x00, 0x00, 0x00, 0x00, 0x0F, 0xFF, 0xFF,
  0xFF, 0x00, 0x00, 0x00, 0x00, 0x00, 0x00, 0x00, 0xFF, 0xFF, 0xFF, 0xE0,
  0x00, 0x00, 0x00, 0x00, 0x00, 0x00, 0x1F, 0xFF, 0xFF, 0xFC, 0x00, 0x00,
  0x00, 0x00, 0x00, 0x00, 0x03, 0xFF, 0xFF, 0xFF, 0x80, 0x00, 0x00, 0x00,
  0x00, 0x00, 0x00, 0x7F, 0xFF, 0xFF, 0xF0, 0x00, 0x00, 0x00, 0x00, 0x00,
  0x00, 0x0F, 0xFF, 0xFF, 0xFE, 0x00, 0x00, 0x00, 0x00, 0x00, 0x00, 0x01,
  0xFF, 0xFF, 0xFF, 0xE0, 0x00, 0x00, 0x00, 0x00, 0x00, 0x00, 0x3F, 0xFF,
  0xFF, 0xFC, 0x00, 0x00, 0x00, 0x00, 0x00, 0x00, 0x03, 0xFF, 0xFF, 0xFF,
  0x80, 0x00, 0x00, 0x00, 0x00, 0x00, 0x00, 0x7F, 0xFF, 0xFF, 0xF0, 0x00,
  0x00, 0x00, 0x00, 0x00, 0x00, 0x0F, 0xFF, 0xFF, 0xFE, 0x00, 0x00, 0x00,
  0x00, 0x00, 0x00, 0x01, 0xFF, 0xFF, 0xFF, 0xC0, 0x00, 0x00, 0x00, 0x00,
  0x00, 0x00, 0x3F, 0xFF, 0xFF, 0xF8, 0x00, 0x00, 0x00, 0x00, 0x00, 0x00,
  0x03, 0xFF, 0xFF, 0xFF, 0xFF, 0xFF, 0xFF, 0xFF, 0xFF, 0xFF, 0xC0, 0x7F,
  0xFF, 0xFF, 0xFF, 0xFF, 0xFF, 0xFF, 0xFF, 0xFF, 0xFF, 0x07, 0xFF, 0xFF,
  0xFF, 0xFF, 0xFF, 0xFF, 0xFF, 0xFF, 0xFF, 0xF8, 0x7F, 0xFF, 0xFF, 0xFF,
  0xFF, 0xFF, 0xFF, 0xFF, 0xFF, 0xFF, 0xCF, 0xFF, 0xFF, 0xFF, 0xFF, 0xFF,
  0xFF, 0xFF, 0xFF, 0xFF, 0xFE, 0xFF, 0xFF, 0xFF, 0xFF, 0xFF, 0xFF, 0xFF,
  0xFF, 0xFF, 0xFF, 0xEF, 0xFF, 0xFF, 0xFF, 0xFF, 0xFF, 0xFF, 0xFF, 0xFF,
  0xFF, 0xFF, 0xFF, 0xFF, 0xFF, 0xFF, 0xFF, 0xFF, 0xFF, 0xFF, 0xFF, 0xFF,
  0xFF, 0xFF, 0xFF, 0xFF, 0xFF, 0xFF, 0xFF, 0xFF, 0xFF, 0xFF, 0xFF, 0xFF,
  0xFF, 0xFF, 0xFF, 0xFF, 0xFF, 0xFF, 0xFF, 0xFF, 0xFF, 0xFF, 0xFF, 0xFF,
  0xFF, 0xFF, 0xFF, 0xFF, 0xFF, 0xFF, 0xFF, 0xFF, 0xFF, 0xFF, 0xFF, 0xFF,
  0xFF, 0xFF, 0xFF, 0xFF, 0xFF, 0xFF, 0xF7, 0xFF, 0xFF, 0xFF, 0xFF, 0xFF,
  0xFF, 0xFF, 0xFF, 0xFF, 0xFE, 0x7F, 0xFF, 0xFF, 0xFF, 0xFF, 0xFF, 0xFF,
  0xFF, 0xFF, 0xFF, 0xE3, 0xFF, 0xFF, 0xFF, 0xFF, 0xFF, 0xFF, 0xFF, 0xFF,
  0xFF, 0xFC, 0x1F, 0xFF, 0xFF, 0xFF, 0xFF, 0xFF, 0xFF, 0xFF, 0xFF, 0xFF,
  0x80, 0xFF, 0xFF, 0xFF, 0xFF, 0xFF, 0xFF, 0xFF, 0xFF, 0xFF, 0xF0, 0x03,
  0xFF, 0xFF, 0xFF, 0xFF, 0xFF, 0xFF, 0xFF, 0xFF, 0xFC, 0x00, 0x01, 0xFF,
  0xFF, 0xFF, 0xFF, 0x80, 0x0F, 0xFF, 0xFF, 0xFF, 0xFF, 0xC0, 0x3F, 0xFF,
  0xFF, 0xFF, 0xFF, 0xC0, 0xFF, 0xFF, 0xFF, 0xFF, 0xFF, 0xC3, 0xFF, 0xFF,
  0xFF, 0xFF, 0xFF, 0xCF, 0xFF, 0xFF, 0xFF, 0xFF, 0xFF, 0x9F, 0xFF, 0xFF,
  0xFF, 0xFF, 0xFF, 0x7F, 0xFF, 0xFF, 0xFF, 0xFF, 0xFE, 0xFF, 0xFF, 0xFF,
  0xFF, 0xFF, 0xFF, 0xFF, 0xFF, 0xFF, 0xFF, 0xFF, 0xFB, 0xFF, 0xFF, 0xFF,
  0xFF, 0xFF, 0xF7, 0xFF, 0xFF, 0xFF, 0xFF, 0xFF, 0xEF, 0xFF, 0xFF, 0xFF,
  0xFF, 0xFF, 0xDF, 0xFF, 0xFF, 0xFF, 0xFF, 0xFF, 0x3F, 0xFF, 0xFF, 0xFF,
  0xFF, 0xFC, 0x7F, 0xFF, 0xFF, 0xFF, 0xFF, 0xF0, 0xFF, 0xFF, 0xFF, 0xFF,
  0xFF, 0x81, 0xFF, 0xFF, 0xF0, 0x00, 0x00, 0x03, 0xFF, 0xFF, 0xE0, 0x00,
  0x00, 0x07, 0xFF, 0xFF, 0xC0, 0x00, 0x00, 0x0F, 0xFF, 0xFF, 0x80, 0x00,
  0x00, 0x1F, 0xFF, 0xFF, 0x00, 0x00, 0x00, 0x3F, 0xFF, 0xFE, 0x00, 0x00,
  0x00, 0x7F, 0xFF, 0xFC, 0x00, 0x00, 0x00, 0xFF, 0xFF, 0xF8, 0x00, 0x00,
  0x01, 0xFF, 0xFF, 0xF0, 0x00, 0x00, 0x03, 0xFF, 0xFF, 0xE0, 0x00, 0x00,
  0x07, 0xFF, 0xFF, 0xC0, 0x00, 0x00, 0x0F, 0xFF, 0xFF, 0x80, 0x00, 0x00,
  0x1F, 0xFF, 0xFF, 0x00, 0x00, 0x00, 0x3F, 0xFF, 0xFE, 0x00, 0x00, 0x00,
  0x7F, 0xFF, 0xFC, 0x00, 0x00, 0x00, 0xFF, 0xFF, 0xF8, 0x00, 0x00, 0x01,
  0xFF, 0xFF, 0xF0, 0x00, 0x00, 0x03, 0xFF, 0xFF, 0xE0, 0x00, 0x00, 0x07,
  0xFF, 0xFF, 0xC0, 0x00, 0x00, 0x0F, 0xFF, 0xFF, 0x80, 0x00, 0x00, 0x1F,
  0xFF, 0xFF, 0x00, 0x00, 0x00, 0x3F, 0xFF, 0xFE, 0x00, 0x00, 0x00, 0x7F,
  0xFF, 0xFC, 0x00, 0x00, 0x00, 0xFF, 0xFF, 0xF8, 0x00, 0x00, 0x01, 0xFF,
  0xFF, 0xF0, 0x00, 0x00, 0x03, 0xFF, 0xFF, 0xE0, 0x00, 0x00, 0x07, 0xFF,
  0xFF, 0xC0, 0x00, 0x00, 0x0F, 0xFF, 0xFF, 0x80, 0x00, 0x00, 0x1F, 0xFF,
  0xFF, 0x00, 0x00, 0x00, 0x3F, 0xFF, 0xFE, 0x00, 0x00, 0x00, 0x7F, 0xFF,
  0xFC, 0x00, 0x00, 0x00, 0xFF, 0xFF, 0xF8, 0x00, 0x00, 0x01, 0xFF, 0xFF,
  0xF0, 0x00, 0x00, 0x03, 0xFF, 0xFF, 0xE0, 0x00, 0x00, 0x07, 0xFF, 0xFF,
  0xC0, 0x00, 0x00, 0x0F, 0xFF, 0xFF, 0x80, 0x00, 0x00, 0x1F, 0xFF, 0xFF,
  0x00, 0x00, 0x00, 0x3F, 0xFF, 0xFE, 0x00, 0x00, 0x00, 0x7F, 0xFF, 0xFC,
  0x00, 0x00, 0x00, 0xFF, 0xFF, 0xF8, 0x00, 0x00, 0x01, 0xFF, 0xFF, 0xF0,
  0x00, 0x00, 0x03, 0xFF, 0xFF, 0xE0, 0x00, 0x00, 0x07, 0xFF, 0xFF, 0xC0,
  0x00, 0x00, 0x0F, 0xFF, 0xFF, 0x80, 0x00, 0x00, 0x1F, 0xFF, 0xFF, 0x00,
  0x00, 0x00, 0x3F, 0xFF, 0xFE, 0x00, 0x00, 0x00, 0x7F, 0xFF, 0xFC, 0x00,
  0x00, 0x00, 0xFF, 0xFF, 0xF8, 0x00, 0x00, 0x01, 0xFF, 0xFF, 0xF0, 0x00,
  0x00, 0x03, 0xFF, 0xFF, 0xE0, 0x00, 0x00, 0x07, 0xFF, 0xFF, 0xC0, 0x00,
  0x00, 0x0F, 0xFF, 0xFF, 0x80, 0x00, 0x00, 0x1F, 0xFF, 0xFF, 0x00, 0x00,
  0x00, 0x3F, 0xFF, 0xFE, 0x00, 0x00, 0x00, 0x7F, 0xFF, 0xFC, 0x00, 0x00,
  0x00, 0xFF, 0xFF, 0xF8, 0x00, 0x00, 0x01, 0xFF, 0xFF, 0xF0, 0x00, 0x00,
  0x03, 0xFF, 0xFF, 0xE0, 0x00, 0x00, 0x07, 0xFF, 0xFF, 0xC0, 0x00, 0x00,
  0x0F, 0xFF, 0xFF, 0x80, 0x00, 0x00, 0x1F, 0xFF, 0xFF, 0x00, 0x00, 0x00,
  0x3F, 0xFF, 0xFE, 0x00, 0x00, 0x00, 0x7F, 0xFF, 0xFC, 0x00, 0x00, 0x00,
  0xFF, 0xFF, 0xF8, 0x00, 0x00, 0x01, 0xFF, 0xFF, 0xF0, 0x00, 0x00, 0x03,
  0xFF, 0xFF, 0xE0, 0x00, 0x00, 0x07, 0xFF, 0xFF, 0xC0, 0x00, 0x00, 0x0F,
  0xFF, 0xFF, 0x80, 0x00, 0x00, 0x1F, 0xFF, 0xFF, 0x00, 0x00, 0x00, 0x3F,
  0xFF, 0xFE, 0x00, 0x00, 0x00, 0x7F, 0xFF, 0xFC, 0x00, 0x00, 0x00, 0xFF,
  0xFF, 0xF8, 0x00, 0x00, 0x01, 0xFF, 0xFF, 0xF0, 0x00, 0x00, 0x03, 0xFF,
  0xFF, 0xE0, 0x00, 0x00, 0x07, 0xFF, 0xFF, 0xC0, 0x00, 0x00, 0x0F, 0xFF,
  0xFF, 0x80, 0x00, 0x00, 0x1F, 0xFF, 0xFF, 0x00, 0x00, 0x00, 0x3F, 0xFF,
  0xFE, 0x00, 0x00, 0x00, 0x7F, 0xFF, 0xFC, 0x00, 0x00, 0x00, 0xFF, 0xFF,
  0xF8, 0x00, 0x00, 0x01, 0xFF, 0xFF, 0xF0, 0x00, 0x00, 0x03, 0xFF, 0xFF,
  0xE0, 0x00, 0x00, 0x07, 0xFF, 0xFF, 0xC0, 0x00, 0x00, 0x0F, 0xFF, 0xFF,
  0x80, 0x00, 0x00, 0x1F, 0xFF, 0xFF, 0xFF, 0xFF, 0xF0, 0x3F, 0xFF, 0xFF,
  0xFF, 0xFF, 0xF8, 0x7F, 0xFF, 0xFF, 0xFF, 0xFF, 0xF8, 0xFF, 0xFF, 0xFF,
  0xFF, 0xFF, 0xF9, 0xFF, 0xFF, 0xFF, 0xFF, 0xFF, 0xFB, 0xFF, 0xFF, 0xFF,
  0xFF, 0xFF, 0xF7, 0xFF, 0xFF, 0xFF, 0xFF, 0xFF, 0xEF, 0xFF, 0xFF, 0xFF,
  0xFF, 0xFF, 0xDF, 0xFF, 0xFF, 0xFF, 0xFF, 0xFF, 0xBF, 0xFF, 0xFF, 0xFF,
  0xFF, 0xFF, 0x3F, 0xFF, 0xFF, 0xFF, 0xFF, 0xFE, 0x7F, 0xFF, 0xFF, 0xFF,
  0xFF, 0xFC, 0x7F, 0xFF, 0xFF, 0xFF, 0xFF, 0xF0, 0x7F, 0xFF, 0xFF, 0xFF,
  0xFF, 0xE0, 0x7F, 0xFF, 0xFF, 0xFF, 0xFF, 0x80, 0x7F, 0xFF, 0xFF, 0xFF,
  0xFE, 0x00, 0x3F, 0xFF, 0xFF, 0xFF, 0xF0, 0x00, 0x07, 0xE0, 0x00, 0x00,
  0x00, 0x00, 0x00, 0x00, 0x00, 0x0F, 0xF8, 0x00, 0x00, 0x00, 0x00, 0x00,
  0x00, 0x00, 0x3F, 0xFC, 0x00, 0x00, 0x00, 0x00, 0x00, 0x00, 0x00, 0x3F,
  0xFE, 0x00, 0x00, 0x00, 0x00, 0x00, 0x00, 0x00, 0x7F, 0xFF, 0x00, 0x00,
  0x00, 0x00, 0x00, 0x00, 0x00, 0xFF, 0xFF, 0x00, 0x00, 0x00, 0x00, 0x00,
  0x00, 0x00, 0xFF, 0xFF, 0x80, 0x00, 0x00, 0x00, 0x00, 0x00, 0x00, 0xFF,
  0xFF, 0x80, 0x00, 0x00, 0x00, 0x00, 0x00, 0x00, 0xFF, 0xFF, 0x80, 0x00,
  0x00, 0x00, 0x00, 0x00, 0x00, 0xFF, 0xFF, 0xC0, 0x00, 0x00, 0x00, 0x00,
  0x00, 0x00, 0xFF, 0xFF, 0xC0, 0x00, 0x00, 0x00, 0x00, 0x00, 0x00, 0x7F,
  0xFF, 0xE0, 0x00, 0x00, 0x00, 0x00, 0x00, 0x00, 0x7F, 0xFF, 0xE0, 0x00,
  0x00, 0x00, 0x00, 0x00, 0x00, 0x3F, 0xFF, 0xF0, 0x00, 0x00, 0x00, 0x00,
  0x00, 0x00, 0x3F, 0xFF, 0xF0, 0x00, 0x00, 0x00, 0x00, 0x00, 0x00, 0x1F,
  0xFF, 0xF8, 0x00, 0x00, 0x00, 0x00, 0x00, 0x00, 0x1F, 0xFF, 0xF8, 0x00,
  0x00, 0x00, 0x00, 0x00, 0x00, 0x1F, 0xFF, 0xFC, 0x00, 0x00, 0x00, 0x00,
  0x00, 0x00, 0x0F, 0xFF, 0xFC, 0x00, 0x00, 0x00, 0x00, 0x00, 0x00, 0x0F,
  0xFF, 0xFE, 0x00, 0x00, 0x00, 0x00, 0x00, 0x00, 0x07, 0xFF, 0xFE, 0x00,
  0x00, 0x00, 0x00, 0x00, 0x00, 0x07, 0xFF, 0xFF, 0x00, 0x00, 0x00, 0x00,
  0x00, 0x00, 0x03, 0xFF, 0xFF, 0x00, 0x00, 0x00, 0x00, 0x00, 0x00, 0x03,
  0xFF, 0xFF, 0x80, 0x00, 0x00, 0x00, 0x00, 0x00, 0x01, 0xFF, 0xFF, 0x80,
  0x00, 0x00, 0x00, 0x00, 0x00, 0x01, 0xFF, 0xFF, 0xC0, 0x00, 0x00, 0x00,
  0x00, 0x00, 0x00, 0xFF, 0xFF, 0xC0, 0x00, 0x00, 0x00, 0x00, 0x00, 0x00,
  0xFF, 0xFF, 0xE0, 0x00, 0x00, 0x00, 0x00, 0x00, 0x00, 0x7F, 0xFF, 0xE0,
  0x00, 0x00, 0x00, 0x00, 0x00, 0x00, 0x7F, 0xFF, 0xE0, 0x00, 0x00, 0x00,
  0x00, 0x00, 0x00, 0x3F, 0xFF, 0xF0, 0x00, 0x00, 0x00, 0x00, 0x00, 0x00,
  0x3F, 0xFF, 0xF0, 0x00, 0x00, 0x00, 0x00, 0x00, 0x00, 0x1F, 0xFF, 0xF8,
  0x00, 0x00, 0x00, 0x00, 0x00, 0x00, 0x1F, 0xFF, 0xF8, 0x00, 0x00, 0x00,
  0x00, 0x00, 0x00, 0x0F, 0xFF, 0xFC, 0x00, 0x00, 0x00, 0x00, 0x00, 0x00,
  0x0F, 0xFF, 0xFC, 0x00, 0x00, 0x00, 0x00, 0x00, 0x00, 0x07, 0xFF, 0xFE,
  0x00, 0x00, 0x00, 0x00, 0x00, 0x00, 0x07, 0xFF, 0xFE, 0x00, 0x00, 0x00,
  0x00, 0x00, 0x00, 0x07, 0xFF, 0xFF, 0x00, 0x00, 0x00, 0x00, 0x00, 0x00,
  0x03, 0xFF, 0xFF, 0x00, 0x00, 0x00, 0x00, 0x00, 0x00, 0x03, 0xFF, 0xFF,
  0x80, 0x00, 0x00, 0x00, 0x00, 0x00, 0x01, 0xFF, 0xFF, 0x80, 0x00, 0x00,
  0x00, 0x00, 0x00, 0x01, 0xFF, 0xFF, 0xC0, 0x00, 0x00, 0x00, 0x00, 0x00,
  0x00, 0xFF, 0xFF, 0xC0, 0x00, 0x00, 0x00, 0x00, 0x00, 0x00, 0xFF, 0xFF,
  0xE0, 0x00, 0x00, 0x00, 0x00, 0x00, 0x00, 0x7F, 0xFF, 0xE0, 0x00, 0x00,
  0x00, 0x00, 0x00, 0x00, 0x7F, 0xFF, 0xF0, 0x00, 0x00, 0x00, 0x00, 0x00,
  0x00, 0x3F, 0xFF, 0xF0, 0x00, 0x00, 0x00, 0x00, 0x00, 0x00, 0x3F, 0xFF,
  0xF8, 0x00, 0x00, 0x00, 0x00, 0x00, 0x00, 0x1F, 0xFF, 0xF8, 0x00, 0x00,
  0x00, 0x00, 0x00, 0x00, 0x1F, 0xFF, 0xFC, 0x00, 0x00, 0x00, 0x00, 0x00,
  0x00, 0x0F, 0xFF, 0xFC, 0x00, 0x00, 0x00, 0x00, 0x00, 0x00, 0x0F, 0xFF,
  0xFC, 0x00, 0x00, 0x00, 0x00, 0x00, 0x00, 0x07, 0xFF, 0xFE, 0x00, 0x00,
  0x00, 0x00, 0x00, 0x00, 0x07, 0xFF, 0xFE, 0x00, 0x00, 0x00, 0x00, 0x00,
  0x00, 0x03, 0xFF, 0xFF, 0x00, 0x00, 0x00, 0x00, 0x00, 0x00, 0x03, 0xFF,
  0xFF, 0x00, 0x00, 0x00, 0x00, 0x00, 0x00, 0x01, 0xFF, 0xFF, 0x80, 0x00,
  0x00, 0x00, 0x00, 0x00, 0x01, 0xFF, 0xFF, 0x80, 0x00, 0x00, 0x00, 0x00,
  0x00, 0x01, 0xFF, 0xFF, 0xC0, 0x00, 0x00, 0x00, 0x00, 0x00, 0x00, 0xFF,
  0xFF, 0xC0, 0x00, 0x00, 0x00, 0x00, 0x00, 0x00, 0xFF, 0xFF, 0xE0, 0x00,
  0x00, 0x00, 0x00, 0x00, 0x00, 0x7F, 0xFF, 0xE0, 0x00, 0x00, 0x00, 0x00,
  0x00, 0x00, 0x7F, 0xFF, 0xF0, 0x00, 0x00, 0x00, 0x00, 0x00, 0x00, 0x3F,
  0xFF, 0xF0, 0x00, 0x00, 0x00, 0x00, 0x00, 0x00, 0x3F, 0xFF, 0xF8, 0x00,
  0x00, 0x00, 0x00, 0x00, 0x00, 0x1F, 0xFF, 0xF8, 0x00, 0x00, 0x00, 0x00,
  0x00, 0x00, 0x1F, 0xFF, 0xFC, 0x00, 0x00, 0x00, 0x00, 0x00, 0x00, 0x0F,
  0xFF, 0xFC, 0x00, 0x00, 0x00, 0x00, 0x00, 0x00, 0x0F, 0xFF, 0xFE, 0x00,
  0x00, 0x00, 0x00, 0x00, 0x00, 0x07, 0xFF, 0xFE, 0x00, 0x00, 0x00, 0x00,
  0x00, 0x00, 0x07, 0xFF, 0xFF, 0x00, 0x00, 0x00, 0x00, 0x00, 0x00, 0x03,
  0xFF, 0xFF, 0x00, 0x00, 0x00, 0x00, 0x00, 0x00, 0x03, 0xFF, 0xFF, 0x00,
  0x00, 0x00, 0x00, 0x00, 0x00, 0x01, 0xFF, 0xFF, 0x80, 0x00, 0x00, 0x00,
  0x00, 0x00, 0x01, 0xFF, 0xFF, 0x80, 0x00, 0x00, 0x00, 0x00, 0x00, 0x00,
  0xFF, 0xFF, 0xC0, 0x00, 0x00, 0x00, 0x00, 0x00, 0x00, 0xFF, 0xFF, 0xC0,
  0x00, 0x00, 0x00, 0x00, 0x00, 0x00, 0x7F, 0xFF, 0xE0, 0x00, 0x00, 0x00,
  0x00, 0x00, 0x00, 0x7F, 0xFF, 0xE0, 0x00, 0x00, 0x00, 0x00, 0x00, 0x00,
  0x3F, 0xFF, 0xF0, 0x00, 0x00, 0x00, 0x00, 0x00, 0x00, 0x3F, 0xFF, 0xF0,
  0x00, 0x00, 0x00, 0x00, 0x00, 0x00, 0x3F, 0xFF, 0xF8, 0x00, 0x00, 0x00,
  0x00, 0x00, 0x00, 0x1F, 0xFF, 0xF8, 0x00, 0x00, 0x00, 0x00, 0x00, 0x00,
  0x1F, 0xFF, 0xFC, 0x00, 0x00, 0x00, 0x00, 0x00, 0x00, 0x0F, 0xFF, 0xFC,
  0x00, 0x00, 0x00, 0x00, 0x00, 0x00, 0x0F, 0xFF, 0xFE, 0x00, 0x00, 0x00,
  0x00, 0x00, 0x00, 0x07, 0xFF, 0xFE, 0x00, 0x00, 0x00, 0x00, 0x00, 0x00,
  0x07, 0xFF, 0xFF, 0x00, 0x00, 0x00, 0x00, 0x00, 0x00, 0x03, 0xFF, 0xFF,
  0x00, 0x00, 0x00, 0x00, 0x00, 0x00, 0x03, 0xFF, 0xFF, 0x80, 0x00, 0x00,
  0x00, 0x00, 0x00, 0x01, 0xFF, 0xFF, 0x80, 0x00, 0x00, 0x00, 0x00, 0x00,
  0x01, 0xFF, 0xFF, 0xC0, 0x00, 0x00, 0x00, 0x00, 0x00, 0x00, 0xFF, 0xFF,
  0xC0, 0x00, 0x00, 0x00, 0x00, 0x00, 0x00, 0xFF, 0xFF, 0xE0, 0x00, 0x00,
  0x00, 0x00, 0x00, 0x00, 0x7F, 0xFF, 0xE0, 0x00, 0x00, 0x00, 0x00, 0x00,
  0x00, 0x7F, 0xFF, 0xE0, 0x00, 0x00, 0x00, 0x00, 0x00, 0x00, 0x3F, 0xFF,
  0xF0, 0x00, 0x00, 0x00, 0x00, 0x00, 0x00, 0x3F, 0xFF, 0xF0, 0x00, 0x00,
  0x00, 0x00, 0x00, 0x00, 0x1F, 0xFF, 0xF8, 0x00, 0x00, 0x00, 0x00, 0x00,
  0x00, 0x1F, 0xFF, 0xF8, 0x00, 0x00, 0x00, 0x00, 0x00, 0x00, 0x0F, 0xFF,
  0xFC, 0x00, 0x00, 0x00, 0x00, 0x00, 0x00, 0x0F, 0xFF, 0xFC, 0x00, 0x00,
  0x00, 0x00, 0x00, 0x00, 0x0F, 0xFF, 0xFE, 0x00, 0x00, 0x00, 0x00, 0x00,
  0x00, 0x07, 0xFF, 0xFE, 0x00, 0x00, 0x00, 0x00, 0x00, 0x00, 0x07, 0xFF,
  0xFF, 0x00, 0x00, 0x00, 0x00, 0x00, 0x00, 0x03, 0xFF, 0xFF, 0x00, 0x00,
  0x00, 0x00, 0x00, 0x00, 0x03, 0xFF, 0xFF, 0x80, 0x00, 0x00, 0x00, 0x00,
  0x00, 0x01, 0xFF, 0xFF, 0x80, 0x00, 0x00, 0x00, 0x00, 0x00, 0x01, 0xFF,
  0xFF, 0xC0, 0x00, 0x00, 0x00, 0x00, 0x00, 0x00, 0xFF, 0xFF, 0xC0, 0x00,
  0x00, 0x00, 0x00, 0x00, 0x00, 0xFF, 0xFF, 0xE0, 0x00, 0x00, 0x00, 0x00,
  0x00, 0x00, 0x7F, 0xFF, 0xE0, 0x00, 0x00, 0x00, 0x00, 0x00, 0x00, 0x7F,
  0xFF, 0xF0, 0x00, 0x00, 0x00, 0x00, 0x00, 0x00, 0x3F, 0xFF, 0xF0, 0x00,
  0x00, 0x00, 0x00, 0x00, 0x00, 0x3F, 0xFF, 0xF8, 0x00, 0x00, 0x00, 0x00,
  0x00, 0x00, 0x1F, 0xFF, 0xF8, 0x00, 0x00, 0x00, 0x00, 0x00, 0x00, 0x1F,
  0xFF, 0xF8, 0x00, 0x00, 0x00, 0x00, 0x00, 0x00, 0x0F, 0xFF, 0xFC, 0x00,
  0x00, 0x00, 0x00, 0x00, 0x00, 0x0F, 0xFF, 0xFC, 0x00, 0x00, 0x00, 0x00,
  0x00, 0x00, 0x07, 0xFF, 0xFE, 0x00, 0x00, 0x00, 0x00, 0x00, 0x00, 0x07,
  0xFF, 0xFE, 0x00, 0x00, 0x00, 0x00, 0x00, 0x00, 0x03, 0xFF, 0xFF, 0x00,
  0x00, 0x00, 0x00, 0x00, 0x00, 0x03, 0xFF, 0xFF, 0x00, 0x00, 0x00, 0x00,
  0x00, 0x00, 0x03, 0xFF, 0xFF, 0x00, 0x00, 0x00, 0x00, 0x00, 0x00, 0x01,
  0xFF, 0xFF, 0x00, 0x00, 0x00, 0x00, 0x00, 0x00, 0x01, 0xFF, 0xFF, 0x00,
  0x00, 0x00, 0x00, 0x00, 0x00, 0x00, 0xFF, 0xFF, 0x00, 0x00, 0x00, 0x00,
  0x00, 0x00, 0x00, 0xFF, 0xFE, 0x00, 0x00, 0x00, 0x00, 0x00, 0x00, 0x00,
  0x7F, 0xFC, 0x00, 0x00, 0x00, 0x00, 0x00, 0x00, 0x00, 0x3F, 0xFC, 0x00,
  0x00, 0x00, 0x00, 0x00, 0x00, 0x00, 0x1F, 0xF0, 0x00, 0x00, 0x00, 0x00,
  0x00, 0x00, 0x00, 0x07, 0xC0, 0x03, 0xFF, 0xFF, 0xFF, 0xFF, 0x00, 0x1F,
  0xFF, 0xFF, 0xFF, 0xFF, 0x80, 0x7F, 0xFF, 0xFF, 0xFF, 0xFF, 0x81, 0xFF,
  0xFF, 0xFF, 0xFF, 0xFF, 0x87, 0xFF, 0xFF, 0xFF, 0xFF, 0xFF, 0x8F, 0xFF,
  0xFF, 0xFF, 0xFF, 0xFF, 0x9F, 0xFF, 0xFF, 0xFF, 0xFF, 0xFF, 0x3F, 0xFF,
  0xFF, 0xFF, 0xFF, 0xFF, 0xFF, 0xFF, 0xFF, 0xFF, 0xFF, 0xFE, 0xFF, 0xFF,
  0xFF, 0xFF, 0xFF, 0xFD, 0xFF, 0xFF, 0xFF, 0xFF, 0xFF, 0xFB, 0xFF, 0xFF,
  0xFF, 0xFF, 0xFF, 0xF7, 0xFF, 0xFF, 0xFF, 0xFF, 0xFF, 0xE7, 0xFF, 0xFF,
  0xFF, 0xFF, 0xFF, 0xC7, 0xFF, 0xFF, 0xFF, 0xFF, 0xFF, 0x87, 0xFF, 0xFF,
  0xFF, 0xFF, 0xFF, 0x03, 0xFF, 0xFF, 0xFF, 0xFF, 0xFE, 0x00, 0x00, 0x00,
  0x7F, 0xFF, 0xFC, 0x00, 0x00, 0x00, 0xFF, 0xFF, 0xF8, 0x00, 0x00, 0x01,
  0xFF, 0xFF, 0xF0, 0x00, 0x00, 0x03, 0xFF, 0xFF, 0xE0, 0x00, 0x00, 0x07,
  0xFF, 0xFF, 0xC0, 0x00, 0x00, 0x0F, 0xFF, 0xFF, 0x80, 0x00, 0x00, 0x1F,
  0xFF, 0xFF, 0x00, 0x00, 0x00, 0x3F, 0xFF, 0xFE, 0x00, 0x00, 0x00, 0x7F,
  0xFF, 0xFC, 0x00, 0x00, 0x00, 0xFF, 0xFF, 0xF8, 0x00, 0x00, 0x01, 0xFF,
  0xFF, 0xF0, 0x00, 0x00, 0x03, 0xFF, 0xFF, 0xE0, 0x00, 0x00, 0x07, 0xFF,
  0xFF, 0xC0, 0x00, 0x00, 0x0F, 0xFF, 0xFF, 0x80, 0x00, 0x00, 0x1F, 0xFF,
  0xFF, 0x00, 0x00, 0x00, 0x3F, 0xFF, 0xFE, 0x00, 0x00, 0x00, 0x7F, 0xFF,
  0xFC, 0x00, 0x00, 0x00, 0xFF, 0xFF, 0xF8, 0x00, 0x00, 0x01, 0xFF, 0xFF,
  0xF0, 0x00, 0x00, 0x03, 0xFF, 0xFF, 0xE0, 0x00, 0x00, 0x07, 0xFF, 0xFF,
  0xC0, 0x00, 0x00, 0x0F, 0xFF, 0xFF, 0x80, 0x00, 0x00, 0x1F, 0xFF, 0xFF,
  0x00, 0x00, 0x00, 0x3F, 0xFF, 0xFE, 0x00, 0x00, 0x00, 0x7F, 0xFF, 0xFC,
  0x00, 0x00, 0x00, 0xFF, 0xFF, 0xF8, 0x00, 0x00, 0x01, 0xFF, 0xFF, 0xF0,
  0x00, 0x00, 0x03, 0xFF, 0xFF, 0xE0, 0x00, 0x00, 0x07, 0xFF, 0xFF, 0xC0,
  0x00, 0x00, 0x0F, 0xFF, 0xFF, 0x80, 0x00, 0x00, 0x1F, 0xFF, 0xFF, 0x00,
  0x00, 0x00, 0x3F, 0xFF, 0xFE, 0x00, 0x00, 0x00, 0x7F, 0xFF, 0xFC, 0x00,
  0x00, 0x00, 0xFF, 0xFF, 0xF8, 0x00, 0x00, 0x01, 0xFF, 0xFF, 0xF0, 0x00,
  0x00, 0x03, 0xFF, 0xFF, 0xE0, 0x00, 0x00, 0x07, 0xFF, 0xFF, 0xC0, 0x00,
  0x00, 0x0F, 0xFF, 0xFF, 0x80, 0x00, 0x00, 0x1F, 0xFF, 0xFF, 0x00, 0x00,
  0x00, 0x3F, 0xFF, 0xFE, 0x00, 0x00, 0x00, 0x7F, 0xFF, 0xFC, 0x00, 0x00,
  0x00, 0xFF, 0xFF, 0xF8, 0x00, 0x00, 0x01, 0xFF, 0xFF, 0xF0, 0x00, 0x00,
  0x03, 0xFF, 0xFF, 0xE0, 0x00, 0x00, 0x07, 0xFF, 0xFF, 0xC0, 0x00, 0x00,
  0x0F, 0xFF, 0xFF, 0x80, 0x00, 0x00, 0x1F, 0xFF, 0xFF, 0x00, 0x00, 0x00,
  0x3F, 0xFF, 0xFE, 0x00, 0x00, 0x00, 0x7F, 0xFF, 0xFC, 0x00, 0x00, 0x00,
  0xFF, 0xFF, 0xF8, 0x00, 0x00, 0x01, 0xFF, 0xFF, 0xF0, 0x00, 0x00, 0x03,
  0xFF, 0xFF, 0xE0, 0x00, 0x00, 0x07, 0xFF, 0xFF, 0xC0, 0x00, 0x00, 0x0F,
  0xFF, 0xFF, 0x80, 0x00, 0x00, 0x1F, 0xFF, 0xFF, 0x00, 0x00, 0x00, 0x3F,
  0xFF, 0xFE, 0x00, 0x00, 0x00, 0x7F, 0xFF, 0xFC, 0x00, 0x00, 0x00, 0xFF,
  0xFF, 0xF8, 0x00, 0x00, 0x01, 0xFF, 0xFF, 0xF0, 0x00, 0x00, 0x03, 0xFF,
  0xFF, 0xE0, 0x00, 0x00, 0x07, 0xFF, 0xFF, 0xC0, 0x00, 0x00, 0x0F, 0xFF,
  0xFF, 0x80, 0x00, 0x00, 0x1F, 0xFF, 0xFF, 0x00, 0x00, 0x00, 0x3F, 0xFF,
  0xFE, 0x00, 0x00, 0x00, 0x7F, 0xFF, 0xFC, 0x00, 0x00, 0x00, 0xFF, 0xFF,
  0xF8, 0x00, 0x00, 0x01, 0xFF, 0xFF, 0xF0, 0x00, 0x00, 0x03, 0xFF, 0xFF,
  0xE0, 0x00, 0x00, 0x07, 0xFF, 0xFF, 0xC0, 0x00, 0x00, 0x0F, 0xFF, 0xFF,
  0x80, 0x00, 0x00, 0x1F, 0xFF, 0xFF, 0x00, 0x00, 0x00, 0x3F, 0xFF, 0xFE,
  0x00, 0x00, 0x00, 0x7F, 0xFF, 0xFC, 0x00, 0x00, 0x00, 0xFF, 0xFF, 0xF8,
  0x00, 0x00, 0x01, 0xFF, 0xFF, 0xF0, 0x00, 0x00, 0x03, 0xFF, 0xFF, 0xE0,
  0x00, 0x00, 0x07, 0xFF, 0xFF, 0xC0, 0x00, 0x00, 0x0F, 0xFF, 0xFF, 0x80,
  0x00, 0x00, 0x1F, 0xFF, 0xFF, 0x00, 0x00, 0x00, 0x3F, 0xFF, 0xFE, 0x00,
  0x00, 0x00, 0x7F, 0xFF, 0xFC, 0x00, 0x00, 0x00, 0xFF, 0xFF, 0xF8, 0x00,
  0x00, 0x01, 0xFF, 0xFF, 0xF0, 0x00, 0x00, 0x03, 0xFF, 0xFF, 0xE0, 0x7F,
  0xFF, 0xFF, 0xFF, 0xFF, 0xC3, 0xFF, 0xFF, 0xFF, 0xFF, 0xFF, 0x8F, 0xFF,
  0xFF, 0xFF, 0xFF, 0xFF, 0x3F, 0xFF, 0xFF, 0xFF, 0xFF, 0xFE, 0xFF, 0xFF,
  0xFF, 0xFF, 0xFF, 0xFD, 0xFF, 0xFF, 0xFF, 0xFF, 0xFF, 0xFB, 0xFF, 0xFF,
  0xFF, 0xFF, 0xFF, 0xF7, 0xFF, 0xFF, 0xFF, 0xFF, 0xFF, 0xFF, 0xFF, 0xFF,
  0xFF, 0xFF, 0xFF, 0xDF, 0xFF, 0xFF, 0xFF, 0xFF, 0xFF, 0xBF, 0xFF, 0xFF,
  0xFF, 0xFF, 0xFE, 0x7F, 0xFF, 0xFF, 0xFF, 0xFF, 0xFC, 0xFF, 0xFF, 0xFF,
  0xFF, 0xFF, 0xF0, 0xFF, 0xFF, 0xFF, 0xFF, 0xFF, 0xC0, 0xFF, 0xFF, 0xFF,
  0xFF, 0xFF, 0x00, 0xFF, 0xFF, 0xFF, 0xFF, 0xFC, 0x00, 0x7F, 0xFF, 0xFF,
  0xFF, 0xE0, 0x00, 0x00, 0x00, 0x01, 0x80, 0x00, 0x00, 0x00, 0x00, 0x0F,
  0xFE, 0x00, 0x00, 0x00, 0x00, 0x1F, 0xFF, 0xC0, 0x00, 0x00, 0x00, 0x1F,
  0xFF, 0xF0, 0x00, 0x00, 0x00, 0x1F, 0xFF, 0xFC, 0x00, 0x00, 0x00, 0x1F,
  0xFF, 0xFF, 0x00, 0x00, 0x00, 0x1F, 0xFF, 0xFF, 0xC0, 0x00, 0x00, 0x1F,
  0xFF, 0xFF, 0xF0, 0x00, 0x00, 0x0F, 0xFF, 0xFF, 0xF8, 0x00, 0x00, 0x0F,
  0xFF, 0xFF, 0xFE, 0x00, 0x00, 0x0F, 0xFF, 0xFF, 0xFF, 0x80, 0x00, 0x07,
  0xFF, 0xFF, 0xFF, 0xC0, 0x00, 0x07, 0xFF, 0xFF, 0xFF, 0xF0, 0x00, 0x07,
  0xFF, 0xFF, 0xFF, 0xFC, 0x00, 0x03, 0xFF, 0xFD, 0xFF, 0xFE, 0x00, 0x03,
  0xFF, 0xFC, 0x7F, 0xFF, 0x80, 0x03, 0xFF, 0xFC, 0x1F, 0xFF, 0xE0, 0x03,
  0xFF, 0xFE, 0x0F, 0xFF, 0xF8, 0x01, 0xFF, 0xFE, 0x03, 0xFF, 0xFC, 0x01,
  0xFF, 0xFE, 0x00, 0xFF, 0xFF, 0x01, 0xFF, 0xFE, 0x00, 0x3F, 0xFF, 0xC0,
  0xFF, 0xFE, 0x00, 0x1F, 0xFF, 0xE0, 0xFF, 0xFF, 0x00, 0x07, 0xFF, 0xF8,
  0xFF, 0xFF, 0x00, 0x01, 0xFF, 0xFE, 0x7F, 0xFF, 0x00, 0x00, 0x7F, 0xFF,
  0x7F, 0xFF, 0x00, 0x00, 0x1F, 0xFF, 0xFF, 0xFF, 0x00, 0x00, 0x0F, 0xFF,
  0xFF, 0xFF, 0x00, 0x00, 0x03, 0xFF, 0xFF, 0xFF, 0x00, 0x00, 0x00, 0x7F,
  0xFB, 0xFF, 0x00, 0x00, 0x00, 0x1F, 0xF8, 0xFC, 0x00, 0x00, 0x00, 0x03,
  0xF8, 0x07, 0xFF, 0xFF, 0xFF, 0xFF, 0xFF, 0xFF, 0xFF, 0xFF, 0xFF, 0xFF,
  0xFF, 0x80, 0x7F, 0xFF, 0xFF, 0xFF, 0xFF, 0xFF, 0xFF, 0xFF, 0xFF, 0xFF,
  0xFF, 0xFF, 0x83, 0xFF, 0xFF, 0xFF, 0xFF, 0xFF, 0xFF, 0xFF, 0xFF, 0xFF,
  0xFF, 0xFF, 0xFF, 0x1F, 0xFF, 0xFF, 0xFF, 0xFF, 0xFF, 0xFF, 0xFF, 0xFF,
  0xFF, 0xFF, 0xFF, 0xFE, 0x7F, 0xFF, 0xFF, 0xFF, 0xFF, 0xFF, 0xFF, 0xFF,
  0xFF, 0xFF, 0xFF, 0xFF, 0xFB, 0xFF, 0xFF, 0xFF, 0xFF, 0xFF, 0xFF, 0xFF,
  0xFF, 0xFF, 0xFF, 0xFF, 0xFF, 0xFF, 0xFF, 0xFF, 0xFF, 0xFF, 0xFF, 0xFF,
  0xFF, 0xFF, 0xFF, 0xFF, 0xFF, 0xFF, 0xFF, 0xFF, 0xFF, 0xFF, 0xFF, 0xFF,
  0xFF, 0xFF, 0xFF, 0xFF, 0xFF, 0xFF, 0xFF, 0xFF, 0xFF, 0xFF, 0xFF, 0xFF,
  0xFF, 0xFF, 0xFF, 0xFF, 0xFF, 0xFF, 0xFF, 0xFF, 0xFF, 0xFF, 0xFF, 0xFF,
  0xFF, 0xFF, 0xFF, 0xFF, 0xFF, 0xFF, 0xFF, 0xFF, 0xFF, 0xFF, 0xFF, 0xFF,
  0xFF, 0xFF, 0xFF, 0xFF, 0xFF, 0xFF, 0xFF, 0xFF, 0xFF, 0xDF, 0xFF, 0xFF,
  0xFF, 0xFF, 0xFF, 0xFF, 0xFF, 0xFF, 0xFF, 0xFF, 0xFF, 0xFE, 0x7F, 0xFF,
  0xFF, 0xFF, 0xFF, 0xFF, 0xFF, 0xFF, 0xFF, 0xFF, 0xFF, 0xFF, 0xF8, 0xFF,
  0xFF, 0xFF, 0xFF, 0xFF, 0xFF, 0xFF, 0xFF, 0xFF, 0xFF, 0xFF, 0xFF, 0xC1,
  0xFF, 0xFF, 0xFF, 0xFF, 0xFF, 0xFF, 0xFF, 0xFF, 0xFF, 0xFF, 0xFF, 0xFE,
  0x01, 0xFF, 0xFF, 0xFF, 0xFF, 0xFF, 0xFF, 0xFF, 0xFF, 0xFF, 0xFF, 0xFF,
  0xE0, 0x00, 0x00, 0x00, 0x00, 0x1F, 0xF8, 0x00, 0x03, 0xFF, 0xF0, 0x00,
  0x7F, 0xFF, 0xC0, 0x07, 0xFF, 0xFE, 0x00, 0x7F, 0xFF, 0xF8, 0x03, 0xFF,
  0xFF, 0xE0, 0x1F, 0xFF, 0xFF, 0x00, 0xFF, 0xFF, 0xFC, 0x03, 0xFF, 0xFF,
  0xF0, 0x1F, 0xFF, 0xFF, 0x80, 0x7F, 0xFF, 0xFE, 0x01, 0xFF, 0xFF, 0xF0,
  0x07, 0xFF, 0xFF, 0xC0, 0x1F, 0xFF, 0xFF, 0x00, 0x7F, 0xFF, 0xF8, 0x01,
  0xFF, 0xFF, 0xE0, 0x07, 0xFF, 0xFF, 0x80, 0x0F, 0xFF, 0xFC, 0x00, 0x3F,
  0xFF, 0xF0, 0x00, 0xFF, 0xFF, 0x80, 0x03, 0xFF, 0xFC, 0x00, 0x0F, 0xFF,
  0xE0, 0x00, 0x1F, 0xFE, 0x00, 0x00, 0x1F, 0xE0, 0x00, 0x00, 0x00, 0x3F,
  0xFF, 0xF0, 0x00, 0x00, 0x00, 0x00, 0x00, 0x3F, 0xFF, 0xFF, 0xFE, 0x00,
  0x00, 0x00, 0x00, 0x0F, 0xFF, 0xFF, 0xFF, 0xFF, 0x00, 0x00, 0x00, 0x01,
  0xFF, 0xFF, 0xFF, 0xFF, 0xFF, 0x80, 0x00, 0x00, 0x3F, 0xFF, 0xFF, 0xFF,
  0xFF, 0xFF, 0x80, 0x00, 0x01, 0xFF, 0xFF, 0xFF, 0xFF, 0xFF, 0xFF, 0x00,
  0x00, 0x0F, 0xFF, 0xFF, 0xFF, 0xFF, 0xFF, 0xFF, 0x00, 0x00, 0x7F, 0xFF,
  0xFF, 0xFF, 0xFF, 0xFF, 0xFE, 0x00, 0x01, 0xFF, 0xFF, 0xFF, 0xFF, 0xFF,
  0xFF, 0xFC, 0x00, 0x0F, 0xFF, 0xFF, 0xFF, 0xFF, 0xFF, 0xFF, 0xF8, 0x00,
  0x3F, 0xFF, 0xFF, 0xFF, 0xFF, 0xFF, 0xFF, 0xF0, 0x00, 0xFF, 0xFF, 0xFF,
  0xFF, 0xFF, 0xFF, 0xFF, 0xC0, 0x03, 0xFF, 0xFF, 0xFF, 0xFF, 0xFF, 0xFF,
  0xFF, 0x80, 0x0F, 0xFF, 0xFF, 0xFF, 0xFF, 0xFF, 0xFF, 0xFF, 0x00, 0x3F,
  0xFF, 0xFF, 0xFF, 0xFF, 0xFF, 0xFF, 0xFC, 0x00, 0x7F, 0xFF, 0xFF, 0xFF,
  0xFF, 0xFF, 0xFF, 0xF8, 0x01, 0xFF, 0xFF, 0xFF, 0xFF, 0xFF, 0xFF, 0xFF,
  0xE0, 0x03, 0xFF, 0xFF, 0xFF, 0xFF, 0xFF, 0xFF, 0xFF, 0xC0, 0x07, 0xFF,
  0xF8, 0x00, 0x3F, 0xFF, 0xFF, 0xFF, 0x00, 0x0F, 0xFC, 0x00, 0x00, 0x1F,
  0xFF, 0xFF, 0xFC, 0x00, 0x07, 0x80, 0x00, 0x00, 0x1F, 0xFF, 0xFF, 0xF8,
  0x00, 0x00, 0x00, 0x00, 0x00, 0x1F, 0xFF, 0xFF, 0xE0, 0x00, 0x00, 0x00,
  0x00, 0x00, 0x3F, 0xFF, 0xFF, 0x80, 0x00, 0x00, 0x00, 0x00, 0x00, 0xFF,
  0xFF, 0xFE, 0x00, 0x00, 0x00, 0x00, 0x00, 0x01, 0xFF, 0xFF, 0xF8, 0x00,
  0x00, 0x00, 0x00, 0x00, 0x03, 0xFF, 0xFF, 0xF0, 0x00, 0x00, 0x00, 0x00,
  0x00, 0x0F, 0xFF, 0xFF, 0xC0, 0x00, 0x00, 0x00, 0x00, 0x00, 0x3F, 0xFF,
  0xFF, 0x00, 0x00, 0x00, 0x00, 0x00, 0x00, 0xFF, 0xFF, 0xFC, 0x00, 0x00,
  0x00, 0x00, 0x00, 0x01, 0xFF, 0xFF, 0xF0, 0x00, 0x00, 0x1F, 0xFF, 0xC0,
  0x07, 0xFF, 0xFF, 0xC0, 0x00, 0x0F, 0xFF, 0xFF, 0xF8, 0x1F, 0xFF, 0xFF,
  0x00, 0x01, 0xFF, 0xFF, 0xFF, 0xFE, 0x7F, 0xFF, 0xFC, 0x00, 0x1F, 0xFF,
  0xFF, 0xFF, 0xFF, 0xFF, 0xFF, 0xF0, 0x01, 0xFF, 0xFF, 0xFF, 0xFF, 0xFF,
  0xFF, 0xFF, 0xC0, 0x1F, 0xFF, 0xFF, 0xFF, 0xFF, 0xFF, 0xFF, 0xFF, 0x00,
  0xFF, 0xFF, 0xFF, 0xFF, 0xFF, 0xFF, 0xFF, 0xFC, 0x07, 0xFF, 0xFF, 0xFF,
  0xFF, 0xFF, 0xFF, 0xFF, 0xF0, 0x3F, 0xFF, 0xFF, 0xFF, 0xFF, 0xFF, 0xFF,
  0xFF, 0xC1, 0xFF, 0xFF, 0xFF, 0xFF, 0xFF, 0xFF, 0xFF, 0xFF, 0x0F, 0xFF,
  0xFF, 0xFF, 0xFF, 0xFF, 0xFF, 0xFF, 0xFC, 0x7F, 0xFF, 0xFF, 0xFF, 0xFF,
  0xFF, 0xFF, 0xFF, 0xF1, 0xFF, 0xFF, 0xFF, 0xFF, 0xFF, 0xFF, 0xFF, 0xFF,
  0xCF, 0xFF, 0xFF, 0xFF, 0x00, 0x1F, 0xFF, 0xFF, 0xFF, 0x3F, 0xFF, 0xFF,
  0xE0, 0x00, 0x03, 0xFF, 0xFF, 0xFD, 0xFF, 0xFF, 0xFE, 0x00, 0x00, 0x03,
  0xFF, 0xFF, 0xF7, 0xFF, 0xFF, 0xF0, 0x00, 0x00, 0x07, 0xFF, 0xFF, 0xDF,
  0xFF, 0xFF, 0x80, 0x00, 0x00, 0x1F, 0xFF, 0xFF, 0x7F, 0xFF, 0xFC, 0x00,
  0x00, 0x00, 0x7F, 0xFF, 0xFF, 0xFF, 0xFF, 0xF0, 0x00, 0x00, 0x01, 0xFF,
  0xFF, 0xFF, 0xFF, 0xFF, 0x80, 0x00, 0x00, 0x07, 0xFF, 0xFF, 0xFF, 0xFF,
  0xFE, 0x00, 0x00, 0x00, 0x1F, 0xFF, 0xFF, 0xFF, 0xFF, 0xF8, 0x00, 0x00,
  0x00, 0x7F, 0xFF, 0xFF, 0xFF, 0xFF, 0xE0, 0x00, 0x00, 0x03, 0xFF, 0xFF,
  0xFF, 0xFF, 0xFF, 0x80, 0x00, 0x00, 0x0F, 0xFF, 0xFF, 0xFF, 0xFF, 0xFE,
  0x00, 0x00, 0x00, 0x3F, 0xFF, 0xFF, 0xFF, 0xFF, 0xF8, 0x00, 0x00, 0x01,
  0xFF, 0xFF, 0xFF, 0xFF, 0xFF, 0xF0, 0x00, 0x00, 0x0F, 0xFF, 0xFF, 0xFF,
  0xFF, 0xFF, 0xC0, 0x00, 0x00, 0x7F, 0xFF, 0xFF, 0xFF, 0xFF, 0xFF, 0x80,
  0x00, 0x03, 0xFF, 0xFF, 0xFF, 0x7F, 0xFF, 0xFF, 0x00, 0x00, 0x1F, 0xFF,
  0xFF, 0xFD, 0xFF, 0xFF, 0xFF, 0x00, 0x01, 0xFF, 0xFF, 0xFF, 0xF7, 0xFF,
  0xFF, 0xFF, 0x00, 0x3F, 0xFF, 0xFF, 0xFF, 0xDF, 0xFF, 0xFF, 0xFF, 0xFF,
  0xFF, 0xFF, 0xFF, 0xFF, 0x3F, 0xFF, 0xFF, 0xFF, 0xFF, 0xFF, 0xFF, 0xFF,
  0xFC, 0xFF, 0xFF, 0xFF, 0xFF, 0xFF, 0xFF, 0xFF, 0xFF, 0xF1, 0xFF, 0xFF,
  0xFF, 0xFF, 0xFF, 0xFF, 0xFF, 0xFF, 0xC7, 0xFF, 0xFF, 0xFF, 0xFF, 0xFF,
  0xFF, 0xFF, 0xFF, 0x0F, 0xFF, 0xFF, 0xFF, 0xFF, 0xFF, 0xFF, 0xFF, 0xFC,
  0x1F, 0xFF, 0xFF, 0xFF, 0xFF, 0xFD, 0xFF, 0xFF, 0xF0, 0x3F, 0xFF, 0xFF,
  0xFF, 0xFF, 0xE7, 0xFF, 0xFF, 0x80, 0x7F, 0xFF, 0xFF, 0xFF, 0xFF, 0x1F,
  0xFF, 0xFE, 0x00, 0xFF, 0xFF, 0xFF, 0xFF, 0xF0, 0x3F, 0xFF, 0xF0, 0x01,
  0xFF, 0xFF, 0xFF, 0xFF, 0x80, 0x7F, 0xFF, 0xC0, 0x01, 0xFF, 0xFF, 0xFF,
  0xF8, 0x01, 0xFF, 0xFE, 0x00, 0x01, 0xFF, 0xFF, 0xFF, 0x80, 0x01, 0xFF,
  0xF0, 0x00, 0x00, 0xFF, 0xFF, 0xF0, 0x00, 0x03, 0xFF, 0x00, 0x00, 0x00,
  0x3F, 0xFC, 0x00, 0x00, 0x00, 0x00, 0x00, 0x01, 0xFC, 0x00, 0x00, 0x00,
  0x00, 0x00, 0x00, 0x00, 0x00, 0x0F, 0xFE, 0x00, 0x00, 0x00, 0x00, 0x00,
  0x00, 0x00, 0x00, 0x3F, 0xFE, 0x00, 0x00, 0x00, 0x00, 0x00, 0x00, 0x00,
  0x00, 0xFF, 0xFE, 0x00, 0x00, 0x00, 0x00, 0x00, 0x00, 0x00, 0x03, 0xFF,
  0xFE, 0x00, 0x00, 0x00, 0x00, 0x00, 0x00, 0x00, 0x0F, 0xFF, 0xFE, 0x00,
  0x00, 0x00, 0x00, 0x00, 0x00, 0x00, 0x1F, 0xFF, 0xFC, 0x00, 0x00, 0x00,
  0x00, 0x00, 0x00, 0x00, 0x7F, 0xFF, 0xFC, 0x00, 0x00, 0x00, 0x00, 0x00,
  0x00, 0x00, 0xFF, 0xFF, 0xF8, 0x00, 0x00, 0x00, 0x00, 0x00, 0x00, 0x01,
  0xFF, 0xFF, 0xF0, 0x00, 0x00, 0x00, 0x00, 0x00, 0x00, 0x03, 0xFF, 0xFF,
  0xE0, 0x00, 0x00, 0x00, 0x00, 0x00, 0x00, 0x07, 0xFF, 0xFF, 0xC0, 0x00,
  0x00, 0x00, 0x00, 0x00, 0x00, 0x0F, 0xFF, 0xFF, 0x80, 0x00, 0x00, 0x00,
  0x00, 0x00, 0x00, 0x1F, 0xFF, 0xFF, 0x00, 0x00, 0x00, 0x00, 0x00, 0x00,
  0x00, 0x3F, 0xFF, 0xFE, 0x00, 0x00, 0x00, 0x00, 0x00, 0x00, 0x00, 0x7F,
  0xFF, 0xFC, 0x00, 0x00, 0x00, 0x00, 0x00, 0x00, 0x00, 0xFF, 0xFF, 0xF8,
  0x00, 0x00, 0x00, 0x00, 0x00, 0x00, 0x01, 0xFF, 0xFF, 0xF0, 0x00, 0x00,
  0x00, 0x00, 0x00, 0x00, 0x03, 0xFF, 0xFF, 0xE0, 0x00, 0x00, 0x00, 0x00,
  0x00, 0x00, 0x07, 0xFF, 0xFF, 0xC0, 0x00, 0x00, 0x00, 0x00, 0x00, 0x00,
  0x0F, 0xFF, 0xFF, 0x80, 0x00, 0x00, 0x00, 0x00, 0x00, 0x00, 0x1F, 0xFF,
  0xFF, 0x00, 0x00, 0x00, 0x00, 0x00, 0x00, 0x00, 0x3F, 0xFF, 0xFE, 0x00,
  0x00, 0x00, 0x00, 0x00, 0x00, 0x00, 0x7F, 0xFF, 0xFC, 0x00, 0x00, 0x00,
  0x00, 0x00, 0x00, 0x00, 0xFF, 0xFF, 0xF8, 0x00, 0x00, 0x00, 0x00, 0x00,
  0x00, 0x01, 0xFF, 0xFF, 0xF0, 0x00, 0x00, 0x00, 0x00, 0x00, 0x00, 0x03,
  0xFF, 0xFF, 0xE0, 0x00, 0x00, 0x00, 0x00, 0x00, 0x00, 0x07, 0xFF, 0xFF,
  0xC0, 0x00, 0x0F, 0xFE, 0x00, 0x00, 0x00, 0x0F, 0xFF, 0xFF, 0x80, 0x01,
  0xFF, 0xFF, 0xE0, 0x00, 0x00, 0x1F, 0xFF, 0xFF, 0x00, 0x1F, 0xFF, 0xFF,
  0xF0, 0x00, 0x00, 0x3F, 0xFF, 0xFE, 0x00, 0x7F, 0xFF, 0xFF, 0xF8, 0x00,
  0x00, 0x7F, 0xFF, 0xFC, 0x03, 0xFF, 0xFF, 0xFF, 0xFC, 0x00, 0x00, 0xFF,
  0xFF, 0xF8, 0x1F, 0xFF, 0xFF, 0xFF, 0xFE, 0x00, 0x01, 0xFF, 0xFF, 0xF0,
  0x7F, 0xFF, 0xFF, 0xFF, 0xFE, 0x00, 0x03, 0xFF, 0xFF, 0xE1, 0xFF, 0xFF,
  0xFF, 0xFF, 0xFF, 0x00, 0x07, 0xFF, 0xFF, 0xC7, 0xFF, 0xFF, 0xFF, 0xFF,
  0xFF, 0x00, 0x0F, 0xFF, 0xFF, 0x9F, 0xFF, 0xFF, 0xFF, 0xFF, 0xFF, 0x00,
  0x1F, 0xFF, 0xFF, 0x7F, 0xFF, 0xFF, 0xFF, 0xFF, 0xFF, 0x00, 0x3F, 0xFF,
  0xFF, 0xFF, 0xFF, 0xFF, 0xFF, 0xFF, 0xFF, 0x00, 0x7F, 0xFF, 0xFF, 0xFF,
  0xFF, 0xFF, 0xFF, 0xFF, 0xFF, 0x00, 0xFF, 0xFF, 0xFF, 0xFF, 0xFF, 0xFF,
  0xFF, 0xFF, 0xFE, 0x01, 0xFF, 0xFF, 0xFF, 0xFF, 0xFF, 0xFF, 0xFF, 0xFF,
  0xFE, 0x03, 0xFF, 0xFF, 0xFF, 0xFF, 0xFF, 0xFF, 0xFF, 0xFF, 0xFE, 0x07,
  0xFF, 0xFF, 0xFF, 0xFF, 0xFF, 0xFF, 0xFF, 0xFF, 0xFC, 0x0F, 0xFF, 0xFF,
  0xFF, 0xFF, 0xFF, 0xFF, 0xFF, 0xFF, 0xFC, 0x1F, 0xFF, 0xFF, 0xFF, 0xFC,
  0x01, 0xFF, 0xFF, 0xFF, 0xF8, 0x3F, 0xFF, 0xFF, 0xFF, 0xC0, 0x00, 0x7F,
  0xFF, 0xFF, 0xF8, 0x7F, 0xFF, 0xFF, 0xFE, 0x00, 0x00, 0x7F, 0xFF, 0xFF,
  0xF0, 0xFF, 0xFF, 0xFF, 0xF8, 0x00, 0x00, 0x3F, 0xFF, 0xFF, 0xF1, 0xFF,
  0xFF, 0xFF, 0xC0, 0x00, 0x00, 0x3F, 0xFF, 0xFF, 0xE3, 0xFF, 0xFF, 0xFF,
  0x00, 0x00, 0x00, 0x3F, 0xFF, 0xFF, 0xE7, 0xFF, 0xFF, 0xFC, 0x00, 0x00,
  0x00, 0x3F, 0xFF, 0xFF, 0xCF, 0xFF, 0xFF, 0xF8, 0x00, 0x00, 0x00, 0x3F,
  0xFF, 0xFF, 0x9F, 0xFF, 0xFF, 0xE0, 0x00, 0x00, 0x00, 0x3F, 0xFF, 0xFF,
  0x3F, 0xFF, 0xFF, 0x80, 0x00, 0x00, 0x00, 0x7F, 0xFF, 0xFF, 0x7F, 0xFF,
  0xFF, 0x00, 0x00, 0x00, 0x00, 0x7F, 0xFF, 0xFE, 0xFF, 0xFF, 0xFC, 0x00,
  0x00, 0x00, 0x00, 0xFF, 0xFF, 0xFD, 0xFF, 0xFF, 0xF8, 0x00, 0x00, 0x00,
  0x00, 0xFF, 0xFF, 0xFB, 0xFF, 0xFF, 0xF0, 0x00, 0x00, 0x00, 0x01, 0xFF,
  0xFF, 0xF7, 0xFF, 0xFF, 0xC0, 0x00, 0x00, 0x00, 0x03, 0xFF, 0xFF, 0xFF,
  0xFF, 0xFF, 0x80, 0x00, 0x00, 0x00, 0x07, 0xFF, 0xFF, 0xFF, 0xFF, 0xFF,
  0x00, 0x00, 0x00, 0x00, 0x07, 0xFF, 0xFF, 0xFF, 0xFF, 0xFE, 0x00, 0x00,
  0x00, 0x00, 0x0F, 0xFF, 0xFF, 0xFF, 0xFF, 0xFC, 0x00, 0x00, 0x00, 0x00,
  0x1F, 0xFF, 0xFF, 0xFF, 0xFF, 0xF8, 0x00, 0x00, 0x00, 0x00, 0x3F, 0xFF,
  0xFF, 0xFF, 0xFF, 0xF0, 0x00, 0x00, 0x00, 0x00, 0x7F, 0xFF, 0xFF, 0xFF,
  0xFF, 0xE0, 0x00, 0x00, 0x00, 0x00, 0xFF, 0xFF, 0xFF, 0xFF, 0xFF, 0xC0,
  0x00, 0x00, 0x00, 0x01, 0xFF, 0xFF, 0xFF, 0xFF, 0xFF, 0x80, 0x00, 0x00,
  0x00, 0x03, 0xFF, 0xFF, 0xFF, 0xFF, 0xFF, 0x00, 0x00, 0x00, 0x00, 0x07,
  0xFF, 0xFF, 0xFF, 0xFF, 0xFE, 0x00, 0x00, 0x00, 0x00, 0x0F, 0xFF, 0xFF,
  0xFF, 0xFF, 0xFC, 0x00, 0x00, 0x00, 0x00, 0x3F, 0xFF, 0xFF, 0xFF, 0xFF,
  0xF8, 0x00, 0x00, 0x00, 0x00, 0x7F, 0xFF, 0xFF, 0xFF, 0xFF, 0xF8, 0x00,
  0x00, 0x00, 0x00, 0xFF, 0xFF, 0xFB, 0xFF, 0xFF, 0xF0, 0x00, 0x00, 0x00,
  0x01, 0xFF, 0xFF, 0xF7, 0xFF, 0xFF, 0xE0, 0x00, 0x00, 0x00, 0x07, 0xFF,
  0xFF, 0xEF, 0xFF, 0xFF, 0xE0, 0x00, 0x00, 0x00, 0x0F, 0xFF, 0xFF, 0xDF,
  0xFF, 0xFF, 0xC0, 0x00, 0x00, 0x00, 0x3F, 0xFF, 0xFF, 0xBF, 0xFF, 0xFF,
  0xC0, 0x00, 0x00, 0x00, 0x7F, 0xFF, 0xFE, 0x7F, 0xFF, 0xFF, 0xC0, 0x00,
  0x00, 0x01, 0xFF, 0xFF, 0xFC, 0xFF, 0xFF, 0xFF, 0x80, 0x00, 0x00, 0x07,
  0xFF, 0xFF, 0xF9, 0xFF, 0xFF, 0xFF, 0x80, 0x00, 0x00, 0x1F, 0xFF, 0xFF,
  0xF3, 0xFF, 0xFF, 0xFF, 0x80, 0x00, 0x00, 0x7F, 0xFF, 0xFF, 0xC7, 0xFF,
  0xFF, 0xFF, 0xC0, 0x00, 0x01, 0xFF, 0xFF, 0xFF, 0x8F, 0xFF, 0xFF, 0xFF,
  0xC0, 0x00, 0x07, 0xFF, 0xFF, 0xFE, 0x1F, 0xFF, 0xFF, 0xFF, 0xE0, 0x00,
  0x3F, 0xFF, 0xFF, 0xFC, 0x3F, 0xFF, 0xFF, 0xFF, 0xF8, 0x03, 0xFF, 0xFF,
  0xFF, 0xF8, 0x7F, 0xFF, 0xFF, 0xFF, 0xFF, 0xFF, 0xFF, 0xFF, 0xFF, 0xE0,
  0xFF, 0xFF, 0xFF, 0xFF, 0xFF, 0xFF, 0xFF, 0xFF, 0xFF, 0x81, 0xFF, 0xFF,
  0xFF, 0xFF, 0xFF, 0xFF, 0xFF, 0xFF, 0xFF, 0x03, 0xFF, 0xFF, 0xFF, 0xFF,
  0xFF, 0xFF, 0xFF, 0xFF, 0xFC, 0x07, 0xFF, 0xFF, 0xFF, 0xFF, 0xFF, 0xFF,
  0xFF, 0xFF, 0xF8, 0x0F, 0xFF, 0xFF, 0xFF, 0xFF, 0xFF, 0xFF, 0xFF, 0xFF,
  0xE0, 0x1F, 0xFF, 0xFF, 0xFF, 0xFF, 0xFF, 0xFF, 0xFF, 0xFF, 0x80, 0x3F,
  0xFF, 0xFF, 0xFF, 0xFF, 0xFF, 0xFF, 0xFF, 0xFE, 0x00, 0x7F, 0xFF, 0xFD,
  0xFF, 0xFF, 0xFF, 0xFF, 0xFF, 0xF8, 0x00, 0xFF, 0xFF, 0xF9, 0xFF, 0xFF,
  0xFF, 0xFF, 0xFF, 0xE0, 0x01, 0xFF, 0xFF, 0xF1, 0xFF, 0xFF, 0xFF, 0xFF,
  0xFF, 0x80, 0x01, 0xFF, 0xFF, 0xC1, 0xFF, 0xFF, 0xFF, 0xFF, 0xFC, 0x00,
  0x03, 0xFF, 0xFF, 0x80, 0xFF, 0xFF, 0xFF, 0xFF, 0xF0, 0x00, 0x03, 0xFF,
  0xFE, 0x00, 0xFF, 0xFF, 0xFF, 0xFF, 0x80, 0x00, 0x03, 0xFF, 0xF8, 0x00,
  0x7F, 0xFF, 0xFF, 0xFE, 0x00, 0x00, 0x03, 0xFF, 0xE0, 0x00, 0x3F, 0xFF,
  0xFF, 0xE0, 0x00, 0x00, 0x03, 0xFF, 0x80, 0x00, 0x0F, 0xFF, 0xFF, 0x00,
  0x00, 0x00, 0x01, 0xFC, 0x00, 0x00, 0x01, 0xFF, 0xC0, 0x00, 0x00, 0x00,
  0x00, 0x00, 0x00, 0x00, 0x7F, 0xFE, 0x00, 0x00, 0x00, 0x00, 0x00, 0x00,
  0x3F, 0xFF, 0xFF, 0xC0, 0x00, 0x00, 0x00, 0x00, 0x07, 0xFF, 0xFF, 0xFF,
  0xF0, 0x00, 0x00, 0x00, 0x00, 0x7F, 0xFF, 0xFF, 0xFF, 0xF0, 0x00, 0x00,
  0x00, 0x07, 0xFF, 0xFF, 0xFF, 0xFF, 0xF0, 0x00, 0x00, 0x00, 0x7F, 0xFF,
  0xFF, 0xFF, 0xFF, 0xF0, 0x00, 0x00, 0x07, 0xFF, 0xFF, 0xFF, 0xFF, 0xFF,
  0xE0, 0x00, 0x00, 0x3F, 0xFF, 0xFF, 0xFF, 0xFF, 0xFF, 0xE0, 0x00, 0x01,
  0xFF, 0xFF, 0xFF, 0xFF, 0xFF, 0xFF, 0xC0, 0x00, 0x1F, 0xFF, 0xFF, 0xFF,
  0xFF, 0xFF, 0xFF, 0x80, 0x00, 0xFF, 0xFF, 0xFF, 0xFF, 0xFF, 0xFF, 0xFF,
  0x00, 0x07, 0xFF, 0xFF, 0xFF, 0xFF, 0xFF, 0xFF, 0xFC, 0x00, 0x3F, 0xFF,
  0xFF, 0xFF, 0xFF, 0xFF, 0xFF, 0xF8, 0x01, 0xFF, 0xFF, 0xFF, 0xFF, 0xFF,
  0xFF, 0xFF, 0xE0, 0x07, 0xFF, 0xFF, 0xFF, 0xFF, 0xFF, 0xFF, 0xFF, 0x80,
  0x3F, 0xFF, 0xFF, 0xFF, 0xFF, 0xFF, 0xFF, 0xFE, 0x01, 0xFF, 0xFF, 0xFF,
  0xFF, 0xFF, 0xFF, 0xFF, 0xF8, 0x0F, 0xFF, 0xFF, 0xFF, 0xFF, 0xFF, 0xFF,
  0xFF, 0xE0, 0x3F, 0xFF, 0xFF, 0xFE, 0x00, 0xFF, 0xFF, 0xFF, 0x81, 0xFF,
  0xFF, 0xFF, 0xC0, 0x00, 0x7F, 0xFF, 0xFC, 0x07, 0xFF, 0xFF, 0xFC, 0x00,
  0x00, 0x7F, 0xFF, 0xF0, 0x3F, 0xFF, 0xFF, 0xE0, 0x00, 0x00, 0x7F, 0xFF,
  0x80, 0xFF, 0xFF, 0xFF, 0x00, 0x00, 0x00, 0xFF, 0xFC, 0x07, 0xFF, 0xFF,
  0xF8, 0x00, 0x00, 0x00, 0xFF, 0xE0, 0x1F, 0xFF, 0xFF, 0xC0, 0x00, 0x00,
  0x00, 0xFE, 0x00, 0xFF, 0xFF, 0xFE, 0x00, 0x00, 0x00, 0x00, 0x00, 0x03,
  0xFF, 0xFF, 0xF0, 0x00, 0x00, 0x00, 0x00, 0x00, 0x0F, 0xFF, 0xFF, 0xC0,
  0x00, 0x00, 0x00, 0x00, 0x00, 0x7F, 0xFF, 0xFE, 0x00, 0x00, 0x00, 0x00,
  0x00, 0x01, 0xFF, 0xFF, 0xF8, 0x00, 0x00, 0x00, 0x00, 0x00, 0x07, 0xFF,
  0xFF, 0xC0, 0x00, 0x00, 0x00, 0x00, 0x00, 0x1F, 0xFF, 0xFF, 0x00, 0x00,
  0x00, 0x00, 0x00, 0x00, 0x7F, 0xFF, 0xFC, 0x00, 0x00, 0x00, 0x00, 0x00,
  0x03, 0xFF, 0xFF, 0xF0, 0x00, 0x00, 0x00, 0x00, 0x00, 0x0F, 0xFF, 0xFF,
  0x80, 0x00, 0x00, 0x00, 0x00, 0x00, 0x3F, 0xFF, 0xFE, 0x00, 0x00, 0x00,
  0x00, 0x00, 0x00, 0xFF, 0xFF, 0xF8, 0x00, 0x00, 0x00, 0x00, 0x00, 0x03,
  0xFF, 0xFF, 0xE0, 0x00, 0x00, 0x00, 0x00, 0x00, 0x0F, 0xFF, 0xFF, 0x80,
  0x00, 0x00, 0x00, 0x00, 0x00, 0x3F, 0xFF, 0xFE, 0x00, 0x00, 0x00, 0x00,
  0x00, 0x00, 0xFF, 0xFF, 0xF8, 0x00, 0x00, 0x00, 0x00, 0x00, 0x03, 0xFF,
  0xFF, 0xE0, 0x00, 0x00, 0x00, 0x00, 0x00, 0x0F, 0xFF, 0xFF, 0x80, 0x00,
  0x00, 0x00, 0x00, 0x00, 0x3F, 0xFF, 0xFE, 0x00, 0x00, 0x00, 0x00, 0x00,
  0x00, 0xFF, 0xFF, 0xF8, 0x00, 0x00, 0x00, 0x00, 0x00, 0x03, 0xFF, 0xFF,
  0xF0, 0x00, 0x00, 0x00, 0x00, 0x00, 0x07, 0xFF, 0xFF, 0xC0, 0x00, 0x00,
  0x00, 0x00, 0x00, 0x1F, 0xFF, 0xFF, 0x00, 0x00, 0x00, 0x00, 0x00, 0x00,
  0x7F, 0xFF, 0xFE, 0x00, 0x00, 0x00, 0x00, 0x00, 0x01, 0xFF, 0xFF, 0xF8,
  0x00, 0x00, 0x00, 0x00, 0x00, 0x07, 0xFF, 0xFF, 0xE0, 0x00, 0x00, 0x00,
  0x00, 0x00, 0x0F, 0xFF, 0xFF, 0xC0, 0x00, 0x00, 0x00, 0x00, 0x00, 0x3F,
  0xFF, 0xFF, 0x80, 0x00, 0x00, 0x00, 0x00, 0x00, 0xFF, 0xFF, 0xFE, 0x00,
  0x00, 0x00, 0x00, 0x00, 0x01, 0xFF, 0xFF, 0xFC, 0x00, 0x00, 0x00, 0x0F,
  0xF0, 0x07, 0xFF, 0xFF, 0xF8, 0x00, 0x00, 0x00, 0x7F, 0xF0, 0x0F, 0xFF,
  0xFF, 0xF0, 0x00, 0x00, 0x07, 0xFF, 0xE0, 0x3F, 0xFF, 0xFF, 0xE0, 0x00,
  0x00, 0x3F, 0xFF, 0xC0, 0x7F, 0xFF, 0xFF, 0xE0, 0x00, 0x03, 0xFF, 0xFF,
  0x81, 0xFF, 0xFF, 0xFF, 0xE0, 0x00, 0x3F, 0xFF, 0xFE, 0x03, 0xFF, 0xFF,
  0xFF, 0xF0, 0x07, 0xFF, 0xFF, 0xF8, 0x0F, 0xFF, 0xFF, 0xFF, 0xFF, 0xFF,
  0xFF, 0xFF, 0xE0, 0x1F, 0xFF, 0xFF, 0xFF, 0xFF, 0xFF, 0xFF, 0xFF, 0xC0,
  0x3F, 0xFF, 0xFF, 0xFF, 0xFF, 0xFF, 0xFF, 0xFE, 0x00, 0xFF, 0xFF, 0xFF,
  0xFF, 0xFF, 0xFF, 0xFF, 0xF8, 0x01, 0xFF, 0xFF, 0xFF, 0xFF, 0xFF, 0xFF,
  0xFF, 0xE0, 0x03, 0xFF, 0xFF, 0xFF, 0xFF, 0xFF, 0xFF, 0xFF, 0x80, 0x07,
  0xFF, 0xFF, 0xFF, 0xFF, 0xFF, 0xFF, 0xFC, 0x00, 0x0F, 0xFF, 0xFF, 0xFF,
  0xFF, 0xFF, 0xFF, 0xE0, 0x00, 0x1F, 0xFF, 0xFF, 0xFF, 0xFF, 0xFF, 0xFF,
  0x00, 0x00, 0x3F, 0xFF, 0xFF, 0xFF, 0xFF, 0xFF, 0xF8, 0x00, 0x00, 0x3F,
  0xFF, 0xFF, 0xFF, 0xFF, 0xFF, 0xC0, 0x00, 0x00, 0x7F, 0xFF, 0xFF, 0xFF,
  0xFF, 0xFC, 0x00, 0x00, 0x00, 0x7F, 0xFF, 0xFF, 0xFF, 0xFF, 0xE0, 0x00,
  0x00, 0x00, 0x7F, 0xFF, 0xFF, 0xFF, 0xFE, 0x00, 0x00, 0x00, 0x00, 0x7F,
  0xFF, 0xFF, 0xFF, 0xE0, 0x00, 0x00, 0x00, 0x00, 0x7F, 0xFF, 0xFF, 0xFC,
  0x00, 0x00, 0x00, 0x00, 0x00, 0x3F, 0xFF, 0xFF, 0xC0, 0x00, 0x00, 0x00,
  0x00, 0x00, 0x07, 0xFF, 0xC0, 0x00, 0x00, 0x00, 0x00, 0x00, 0x00, 0x00,
  0x00, 0x00, 0x00, 0x00, 0x7F, 0x00, 0x00, 0x00, 0x00, 0x00, 0x00, 0x00,
  0x00, 0x03, 0xFF, 0x80, 0x00, 0x00, 0x00, 0x00, 0x00, 0x00, 0x00, 0x0F,
  0xFF, 0x80, 0x00, 0x00, 0x00, 0x00, 0x00, 0x00, 0x00, 0x3F, 0xFF, 0x80,
  0x00, 0x00, 0x00, 0x00, 0x00, 0x00, 0x00, 0xFF, 0xFF, 0x80, 0x00, 0x00,
  0x00, 0x00, 0x00, 0x00, 0x03, 0xFF, 0xFF, 0x80, 0x00, 0x00, 0x00, 0x00,
  0x00, 0x00, 0x07, 0xFF, 0xFF, 0x00, 0x00, 0x00, 0x00, 0x00, 0x00, 0x00,
  0x1F, 0xFF, 0xFF, 0x00, 0x00, 0x00, 0x00, 0x00, 0x00, 0x00, 0x3F, 0xFF,
  0xFE, 0x00, 0x00, 0x00, 0x00, 0x00, 0x00, 0x00, 0x7F, 0xFF, 0xFC, 0x00,
  0x00, 0x00, 0x00, 0x00, 0x00, 0x00, 0xFF, 0xFF, 0xF8, 0x00, 0x00, 0x00,
  0x00, 0x00, 0x00, 0x01, 0xFF, 0xFF, 0xF0, 0x00, 0x00, 0x00, 0x00, 0x00,
  0x00, 0x03, 0xFF, 0xFF, 0xE0, 0x00, 0x00, 0x00, 0x00, 0x00, 0x00, 0x07,
  0xFF, 0xFF, 0xC0, 0x00, 0x00, 0x00, 0x00, 0x00, 0x00, 0x0F, 0xFF, 0xFF,
  0x80, 0x00, 0x00, 0x00, 0x00, 0x00, 0x00, 0x1F, 0xFF, 0xFF, 0x00, 0x00,
  0x00, 0x00, 0x00, 0x00, 0x00, 0x3F, 0xFF, 0xFE, 0x00, 0x00, 0x00, 0x00,
  0x00, 0x00, 0x00, 0x7F, 0xFF, 0xFC, 0x00, 0x00, 0x00, 0x00, 0x00, 0x00,
  0x00, 0xFF, 0xFF, 0xF8, 0x00, 0x00, 0x00, 0x00, 0x00, 0x00, 0x01, 0xFF,
  0xFF, 0xF0, 0x00, 0x00, 0x00, 0x00, 0x00, 0x00, 0x03, 0xFF, 0xFF, 0xE0,
  0x00, 0x00, 0x00, 0x00, 0x00, 0x00, 0x07, 0xFF, 0xFF, 0xC0, 0x00, 0x00,
  0x00, 0x00, 0x00, 0x00, 0x0F, 0xFF, 0xFF, 0x80, 0x00, 0x00, 0x00, 0x00,
  0x00, 0x00, 0x1F, 0xFF, 0xFF, 0x00, 0x00, 0x00, 0x00, 0x00, 0x00, 0x00,
  0x3F, 0xFF, 0xFE, 0x00, 0x00, 0x00, 0x00, 0x00, 0x00, 0x00, 0x7F, 0xFF,
  0xFC, 0x00, 0x00, 0x00, 0x00, 0x00, 0x00, 0x00, 0xFF, 0xFF, 0xF8, 0x00,
  0x00, 0x00, 0x7F, 0xF8, 0x00, 0x01, 0xFF, 0xFF, 0xF0, 0x00, 0x00, 0x0F,
  0xFF, 0xFF, 0x00, 0x03, 0xFF, 0xFF, 0xE0, 0x00, 0x00, 0x7F, 0xFF, 0xFF,
  0xC0, 0x07, 0xFF, 0xFF, 0xC0, 0x00, 0x07, 0xFF, 0xFF, 0xFF, 0xE0, 0x0F,
  0xFF, 0xFF, 0x80, 0x00, 0x1F, 0xFF, 0xFF, 0xFF, 0xE0, 0x1F, 0xFF, 0xFF,
  0x00, 0x00, 0xFF, 0xFF, 0xFF, 0xFF, 0xF0, 0x3F, 0xFF, 0xFE, 0x00, 0x03,
  0xFF, 0xFF, 0xFF, 0xFF, 0xF0, 0x7F, 0xFF, 0xFC, 0x00, 0x1F, 0xFF, 0xFF,
  0xFF, 0xFF, 0xF0, 0xFF, 0xFF, 0xF8, 0x00, 0x7F, 0xFF, 0xFF, 0xFF, 0xFF,
  0xF1, 0xFF, 0xFF, 0xF0, 0x01, 0xFF, 0xFF, 0xFF, 0xFF, 0xFF, 0xF3, 0xFF,
  0xFF, 0xE0, 0x07, 0xFF, 0xFF, 0xFF, 0xFF, 0xFF, 0xF7, 0xFF, 0xFF, 0xC0,
  0x1F, 0xFF, 0xFF, 0xFF, 0xFF, 0xFF, 0xFF, 0xFF, 0xFF, 0x80, 0x7F, 0xFF,
  0xFF, 0xFF, 0xFF, 0xFF, 0xFF, 0xFF, 0xFF, 0x01, 0xFF, 0xFF, 0xFF, 0xFF,
  0xFF, 0xFF, 0xFF, 0xFF, 0xFE, 0x03, 0xFF, 0xFF, 0xFF, 0xFF, 0xFF, 0xFF,
  0xFF, 0xFF, 0xFC, 0x0F, 0xFF, 0xFF, 0xFF, 0xFF, 0xFF, 0xFF, 0xFF, 0xFF,
  0xF8, 0x1F, 0xFF, 0xFF, 0xFF, 0xFF, 0xFF, 0xFF, 0xFF, 0xFF, 0xF0, 0x7F,
  0xFF, 0xFF, 0xFF, 0xFF, 0xFF, 0xFF, 0xFF, 0xFF, 0xE1, 0xFF, 0xFF, 0xFF,
  0xFE, 0x01, 0xFF, 0xFF, 0xFF, 0xFF, 0xC3, 0xFF, 0xFF, 0xFF, 0xC0, 0x00,
  0x7F, 0xFF, 0xFF, 0xFF, 0x87, 0xFF, 0xFF, 0xFE, 0x00, 0x00, 0x3F, 0xFF,
  0xFF, 0xFF, 0x1F, 0xFF, 0xFF, 0xF8, 0x00, 0x00, 0x3F, 0xFF, 0xFF, 0xFE,
  0x3F, 0xFF, 0xFF, 0xE0, 0x00, 0x00, 0x3F, 0xFF, 0xFF, 0xFC, 0xFF, 0xFF,
  0xFF, 0x80, 0x00, 0x00, 0x1F, 0xFF, 0xFF, 0xF9, 0xFF, 0xFF, 0xFE, 0x00,
  0x00, 0x00, 0x3F, 0xFF, 0xFF, 0xF3, 0xFF, 0xFF, 0xF8, 0x00, 0x00, 0x00,
  0x3F, 0xFF, 0xFF, 0xEF, 0xFF, 0xFF, 0xE0, 0x00, 0x00, 0x00, 0x3F, 0xFF,
  0xFF, 0xDF, 0xFF, 0xFF, 0xC0, 0x00, 0x00, 0x00, 0x7F, 0xFF, 0xFF, 0xBF,
  0xFF, 0xFF, 0x00, 0x00, 0x00, 0x00, 0x7F, 0xFF, 0xFF, 0x7F, 0xFF, 0xFE,
  0x00, 0x00, 0x00, 0x00, 0xFF, 0xFF, 0xFE, 0xFF, 0xFF, 0xF8, 0x00, 0x00,
  0x00, 0x00, 0xFF, 0xFF, 0xFF, 0xFF, 0xFF, 0xF0, 0x00, 0x00, 0x00, 0x01,
  0xFF, 0xFF, 0xFF, 0xFF, 0xFF, 0xE0, 0x00, 0x00, 0x00, 0x03, 0xFF, 0xFF,
  0xFF, 0xFF, 0xFF, 0x80, 0x00, 0x00, 0x00, 0x03, 0xFF, 0xFF, 0xFF, 0xFF,
  0xFF, 0x00, 0x00, 0x00, 0x00, 0x07, 0xFF, 0xFF, 0xFF, 0xFF, 0xFE, 0x00,
  0x00, 0x00, 0x00, 0x0F, 0xFF, 0xFF, 0xFF, 0xFF, 0xFC, 0x00, 0x00, 0x00,
  0x00, 0x1F, 0xFF, 0xFF, 0xFF, 0xFF, 0xF8, 0x00, 0x00, 0x00, 0x00, 0x3F,
  0xFF, 0xFF, 0xFF, 0xFF, 0xF0, 0x00, 0x00, 0x00, 0x00, 0x7F, 0xFF, 0xFF,
  0xFF, 0xFF, 0xE0, 0x00, 0x00, 0x00, 0x00, 0xFF, 0xFF, 0xFF, 0xFF, 0xFF,
  0xC0, 0x00, 0x00, 0x00, 0x01, 0xFF, 0xFF, 0xFF, 0xFF, 0xFF, 0x80, 0x00,
  0x00, 0x00, 0x03, 0xFF, 0xFF, 0xFF, 0xFF, 0xFF, 0x00, 0x00, 0x00, 0x00,
  0x07, 0xFF, 0xFF, 0xFF, 0xFF, 0xFE, 0x00, 0x00, 0x00, 0x00, 0x0F, 0xFF,
  0xFF, 0xFF, 0xFF, 0xFE, 0x00, 0x00, 0x00, 0x00, 0x1F, 0xFF, 0xFF, 0xFF,
  0xFF, 0xFC, 0x00, 0x00, 0x00, 0x00, 0x3F, 0xFF, 0xFF, 0xFF, 0xFF, 0xF8,
  0x00, 0x00, 0x00, 0x00, 0xFF, 0xFF, 0xFD, 0xFF, 0xFF, 0xF0, 0x00, 0x00,
  0x00, 0x01, 0xFF, 0xFF, 0xFB, 0xFF, 0xFF, 0xF0, 0x00, 0x00, 0x00, 0x03,
  0xFF, 0xFF, 0xF7, 0xFF, 0xFF, 0xE0, 0x00, 0x00, 0x00, 0x0F, 0xFF, 0xFF,
  0xEF, 0xFF, 0xFF, 0xE0, 0x00, 0x00, 0x00, 0x1F, 0xFF, 0xFF, 0xDF, 0xFF,
  0xFF, 0xC0, 0x00, 0x00, 0x00, 0x7F, 0xFF, 0xFF, 0x9F, 0xFF, 0xFF, 0xC0,
  0x00, 0x00, 0x01, 0xFF, 0xFF, 0xFF, 0x3F, 0xFF, 0xFF, 0xC0, 0x00, 0x00,
  0x07, 0xFF, 0xFF, 0xFE, 0x7F, 0xFF, 0xFF, 0xC0, 0x00, 0x00, 0x0F, 0xFF,
  0xFF, 0xFC, 0x7F, 0xFF, 0xFF, 0xC0, 0x00, 0x00, 0x3F, 0xFF, 0xFF, 0xF8,
  0xFF, 0xFF, 0xFF, 0xC0, 0x00, 0x01, 0xFF, 0xFF, 0xFF, 0xF0, 0xFF, 0xFF,
  0xFF, 0xE0, 0x00, 0x07, 0xFF, 0xFF, 0xFF, 0xE1, 0xFF, 0xFF, 0xFF, 0xE0,
  0x00, 0x3F, 0xFF, 0xFF, 0xFF, 0xC1, 0xFF, 0xFF, 0xFF, 0xF8, 0x03, 0xFF,
  0xFF, 0xFF, 0xFF, 0x83, 0xFF, 0xFF, 0xFF, 0xFF, 0xFF, 0xFF, 0xFF, 0xFF,
  0xFF, 0x03, 0xFF, 0xFF, 0xFF, 0xFF, 0xFF, 0xFF, 0xFF, 0xFF, 0xFE, 0x07,
  0xFF, 0xFF, 0xFF, 0xFF, 0xFF, 0xFF, 0xFF, 0xFF, 0xFC, 0x07, 0xFF, 0xFF,
  0xFF, 0xFF, 0xFF, 0xFF, 0xFF, 0xFF, 0xF8, 0x07, 0xFF, 0xFF, 0xFF, 0xFF,
  0xFF, 0xFF, 0xFF, 0xFF, 0xF0, 0x0F, 0xFF, 0xFF, 0xFF, 0xFF, 0xFF, 0xFF,
  0xFF, 0xFF, 0xE0, 0x0F, 0xFF, 0xFF, 0xFF, 0xFF, 0xFF, 0xFF, 0xFF, 0xFF,
  0xC0, 0x0F, 0xFF, 0xFF, 0xFF, 0xFF, 0xFF, 0xEF, 0xFF, 0xFF, 0x80, 0x0F,
  0xFF, 0xFF, 0xFF, 0xFF, 0xFF, 0x9F, 0xFF, 0xFF, 0x00, 0x0F, 0xFF, 0xFF,
  0xFF, 0xFF, 0xFE, 0x3F, 0xFF, 0xFE, 0x00, 0x0F, 0xFF, 0xFF, 0xFF, 0xFF,
  0xF8, 0x7F, 0xFF, 0xFC, 0x00, 0x07, 0xFF, 0xFF, 0xFF, 0xFF, 0xE0, 0x7F,
  0xFF, 0xF0, 0x00, 0x07, 0xFF, 0xFF, 0xFF, 0xFF, 0x80, 0xFF, 0xFF, 0xE0,
  0x00, 0x03, 0xFF, 0xFF, 0xFF, 0xFC, 0x00, 0xFF, 0xFF, 0x80, 0x00, 0x01,
  0xFF, 0xFF, 0xFF, 0xF0, 0x00, 0xFF, 0xFE, 0x00, 0x00, 0x00, 0xFF, 0xFF,
  0xFF, 0x80, 0x00, 0xFF, 0xF8, 0x00, 0x00, 0x00, 0x7F, 0xFF, 0xF8, 0x00,
  0x00, 0xFF, 0xE0, 0x00, 0x00, 0x00, 0x07, 0xFF, 0x00, 0x00, 0x00, 0x7F,
  0x00, 0x00, 0x00, 0x00, 0x01, 0xFF, 0xF0, 0x00, 0x00, 0x00, 0x00, 0x00,
  0x00, 0x07, 0xFF, 0xFF, 0xE0, 0x00, 0x00, 0x00, 0x00, 0x00, 0x0F, 0xFF,
  0xFF, 0xFF, 0x00, 0x00, 0x00, 0x00, 0x00, 0x1F, 0xFF, 0xFF, 0xFF, 0xF0,
  0x00, 0x00, 0x00, 0x00, 0x0F, 0xFF, 0xFF, 0xFF, 0xFF, 0x00, 0x00, 0x00,
  0x00, 0x0F, 0xFF, 0xFF, 0xFF, 0xFF, 0xF0, 0x00, 0x00, 0x00, 0x0F, 0xFF,
  0xFF, 0xFF, 0xFF, 0xFE, 0x00, 0x00, 0x00, 0x07, 0xFF, 0xFF, 0xFF, 0xFF,
  0xFF, 0xC0, 0x00, 0x00, 0x03, 0xFF, 0xFF, 0xFF, 0xFF, 0xFF, 0xFC, 0x00,
  0x00, 0x01, 0xFF, 0xFF, 0xFF, 0xFF, 0xFF, 0xFF, 0x80, 0x00, 0x00, 0xFF,
  0xFF, 0xFF, 0xFF, 0xFF, 0xFF, 0xF0, 0x00, 0x00, 0x7F, 0xFF, 0xFF, 0xFF,
  0xFF, 0xFF, 0xFE, 0x00, 0x00, 0x3F, 0xFF, 0xFF, 0xFF, 0xFF, 0xFF, 0xFF,
  0x80, 0x00, 0x1F, 0xFF, 0xFF, 0xFF, 0xFF, 0xFF, 0xFF, 0xF0, 0x00, 0x0F,
  0xFF, 0xFF, 0xFF, 0xFF, 0xFF, 0xFF, 0xFE, 0x00, 0x07, 0xFF, 0xFF, 0xFF,
  0xFF, 0xFF, 0xFF, 0xFF, 0xC0, 0x01, 0xFF, 0xFF, 0xFF, 0xFF, 0xFF, 0xFF,
  0xFF, 0xF0, 0x00, 0xFF, 0xFF, 0xFF, 0xE0, 0x0F, 0xFF, 0xFF, 0xFE, 0x00,
  0x7F, 0xFF, 0xFF, 0xE0, 0x00, 0xFF, 0xFF, 0xFF, 0x80, 0x1F, 0xFF, 0xFF,
  0xE0, 0x00, 0x0F, 0xFF, 0xFF, 0xF0, 0x0F, 0xFF, 0xFF, 0xF0, 0x00, 0x01,
  0xFF, 0xFF, 0xFC, 0x03, 0xFF, 0xFF, 0xF8, 0x00, 0x00, 0x3F, 0xFF, 0xFF,
  0x81, 0xFF, 0xFF, 0xFC, 0x00, 0x00, 0x07, 0xFF, 0xFF, 0xE0, 0x7F, 0xFF,
  0xFE, 0x00, 0x00, 0x00, 0xFF, 0xFF, 0xFC, 0x1F, 0xFF, 0xFF, 0x00, 0x00,
  0x00, 0x3F, 0xFF, 0xFF, 0x0F, 0xFF, 0xFF, 0xC0, 0x00, 0x00, 0x07, 0xFF,
  0xFF, 0xC3, 0xFF, 0xFF, 0xE0, 0x00, 0x00, 0x01, 0xFF, 0xFF, 0xF8, 0xFF,
  0xFF, 0xF8, 0x00, 0x00, 0x00, 0x3F, 0xFF, 0xFE, 0x7F, 0xFF, 0xFC, 0x00,
  0x00, 0x00, 0x0F, 0xFF, 0xFF, 0x9F, 0xFF, 0xFF, 0x00, 0x00, 0x00, 0x01,
  0xFF, 0xFF, 0xE7, 0xFF, 0xFF, 0xC0, 0x00, 0x00, 0x00, 0x7F, 0xFF, 0xF9,
  0xFF, 0xFF, 0xF0, 0x00, 0x00, 0x00, 0x1F, 0xFF, 0xFF, 0xFF, 0xFF, 0xF8,
  0x00, 0x00, 0x00, 0x07, 0xFF, 0xFF, 0xFF, 0xFF, 0xFE, 0x00, 0x00, 0x00,
  0x01, 0xFF, 0xFF, 0xFF, 0xFF, 0xFF, 0xFF, 0xFF, 0xFF, 0xFF, 0xFF, 0xFF,
  0xFF, 0xFF, 0xFF, 0xFF, 0xFF, 0xFF, 0xFF, 0xFF, 0xFF, 0xFF, 0xFF, 0xFF,
  0xFF, 0xFF, 0xFF, 0xFF, 0xFF, 0xFF, 0xFF, 0xFF, 0xFF, 0xFF, 0xFF, 0xFF,
  0xFF, 0xFF, 0xFF, 0xFF, 0xFF, 0xFF, 0xFF, 0xFF, 0xFF, 0xFF, 0xFF, 0xFF,
  0xFF, 0xFF, 0xFF, 0xFF, 0xFF, 0xFF, 0xFF, 0xFF, 0xFF, 0xFF, 0xFF, 0xFF,
  0xFF, 0xFF, 0xFF, 0xFF, 0xFF, 0xFF, 0xFF, 0xFF, 0xBF, 0xFF, 0xFF, 0xFF,
  0xFF, 0xFF, 0xFF, 0xFF, 0xFF, 0xEF, 0xFF, 0xFF, 0xFF, 0xFF, 0xFF, 0xFF,
  0xFF, 0xFF, 0xF3, 0xFF, 0xFF, 0xFF, 0xFF, 0xFF, 0xFF, 0xFF, 0xFF, 0xFC,
  0xFF, 0xFF, 0xFF, 0xFF, 0xFF, 0xFF, 0xFF, 0xFF, 0xFE, 0x3F, 0xFF, 0xFF,
  0xFF, 0xFF, 0xFF, 0xFF, 0xFF, 0xFE, 0x0F, 0xFF, 0xFF, 0xFF, 0xFF, 0xFF,
  0xFF, 0xFF, 0xFE, 0x01, 0xFF, 0xFF, 0xE0, 0x00, 0x00, 0x00, 0x00, 0x00,
  0x00, 0x7F, 0xFF, 0xFC, 0x00, 0x00, 0x00, 0x00, 0x00, 0x00, 0x1F, 0xFF,
  0xFF, 0x00, 0x00, 0x00, 0x00, 0x00, 0x00, 0x07, 0xFF, 0xFF, 0xC0, 0x00,
  0x00, 0x00, 0x00, 0x00, 0x01, 0xFF, 0xFF, 0xF8, 0x00, 0x00, 0x00, 0x00,
  0x00, 0x00, 0x3F, 0xFF, 0xFE, 0x00, 0x00, 0x00, 0x00, 0x00, 0x00, 0x0F,
  0xFF, 0xFF, 0xC0, 0x00, 0x00, 0x00, 0x00, 0x00, 0x03, 0xFF, 0xFF, 0xF0,
  0x00, 0x00, 0x00, 0x00, 0x00, 0x00, 0x7F, 0xFF, 0xFE, 0x00, 0x00, 0x00,
  0x00, 0xF8, 0x00, 0x1F, 0xFF, 0xFF, 0xC0, 0x00, 0x00, 0x00, 0xFF, 0x80,
  0x03, 0xFF, 0xFF, 0xF8, 0x00, 0x00, 0x00, 0xFF, 0xF8, 0x00, 0xFF, 0xFF,
  0xFF, 0x00, 0x00, 0x00, 0x7F, 0xFE, 0x00, 0x1F, 0xFF, 0xFF, 0xF0, 0x00,
  0x00, 0x7F, 0xFF, 0xC0, 0x07, 0xFF, 0xFF, 0xFF, 0x00, 0x00, 0x7F, 0xFF,
  0xF0, 0x00, 0xFF, 0xFF, 0xFF, 0xF8, 0x01, 0xFF, 0xFF, 0xFE, 0x00, 0x3F,
  0xFF, 0xFF, 0xFF, 0xFF, 0xFF, 0xFF, 0xFF, 0x80, 0x07, 0xFF, 0xFF, 0xFF,
  0xFF, 0xFF, 0xFF, 0xFF, 0xE0, 0x00, 0xFF, 0xFF, 0xFF, 0xFF, 0xFF, 0xFF,
  0xFF, 0xF8, 0x00, 0x1F, 0xFF, 0xFF, 0xFF, 0xFF, 0xFF, 0xFF, 0xFC, 0x00,
  0x03, 0xFF, 0xFF, 0xFF, 0xFF, 0xFF, 0xFF, 0xFF, 0x00, 0x00, 0x7F, 0xFF,
  0xFF, 0xFF, 0xFF, 0xFF, 0xFF, 0xC0, 0x00, 0x0F, 0xFF, 0xFF, 0xFF, 0xFF,
  0xFF, 0xFF, 0xE0, 0x00, 0x01, 0xFF, 0xFF, 0xFF, 0xFF, 0xFF, 0xFF, 0xF0,
  0x00, 0x00, 0x3F, 0xFF, 0xFF, 0xFF, 0xFF, 0xFF, 0xF8, 0x00, 0x00, 0x07,
  0xFF, 0xFF, 0xFF, 0xFF, 0xFF, 0xFC, 0x00, 0x00, 0x00, 0x7F, 0xFF, 0xFF,
  0xFF, 0xFF, 0xFC, 0x00, 0x00, 0x00, 0x0F, 0xFF, 0xFF, 0xFF, 0xFF, 0xFE,
  0x00, 0x00, 0x00, 0x00, 0xFF, 0xFF, 0xFF, 0xFF, 0xFE, 0x00, 0x00, 0x00,
  0x00, 0x0F, 0xFF, 0xFF, 0xFF, 0xFE, 0x00, 0x00, 0x00, 0x00, 0x00, 0xFF,
  0xFF, 0xFF, 0xFC, 0x00, 0x00, 0x00, 0x00, 0x00, 0x03, 0xFF, 0xFF, 0xF8,
  0x00, 0x00, 0x00, 0x00, 0x00, 0x00, 0x0F, 0xFF, 0xC0, 0x00, 0x00, 0x00,
  0x00, 0x00, 0x00, 0x1F, 0xFF, 0x80, 0x00, 0x00, 0x00, 0xFF, 0xFF, 0xFC,
  0x00, 0x00, 0x01, 0xFF, 0xFF, 0xFF, 0x00, 0x00, 0x03, 0xFF, 0xFF, 0xFF,
  0xC0, 0x00, 0x03, 0xFF, 0xFF, 0xFF, 0xF0, 0x00, 0x07, 0xFF, 0xFF, 0xFF,
  0xF8, 0x00, 0x07, 0xFF, 0xFF, 0xFF, 0xFE, 0x00, 0x03, 0xFF, 0xFF, 0xFF,
  0xFF, 0x00, 0x03, 0xFF, 0xFF, 0xFF, 0xFF, 0x80, 0x03, 0xFF, 0xFF, 0xFF,
  0xFF, 0xC0, 0x01, 0xFF, 0xFF, 0xFF, 0xFF, 0xE0, 0x01, 0xFF, 0xFF, 0xFF,
  0xFF, 0xF0, 0x00, 0xFF, 0xFF, 0xFF, 0xFF, 0xF0, 0x00, 0x7F, 0xFF, 0xFF,
  0xFF, 0xF8, 0x00, 0x7F, 0xFF, 0xFF, 0xFF, 0xF8, 0x00, 0x3F, 0xFF, 0xFF,
  0xFF, 0xF8, 0x00, 0x1F, 0xFF, 0xFF, 0xFF, 0xF8, 0x00, 0x0F, 0xFF, 0xFF,
  0xFF, 0xF8, 0x00, 0x0F, 0xFF, 0xFF, 0xF8, 0x00, 0x00, 0x07, 0xFF, 0xFF,
  0xF0, 0x00, 0x00, 0x03, 0xFF, 0xFF, 0xF0, 0x00, 0x00, 0x01, 0xFF, 0xFF,
  0xF8, 0x00, 0x00, 0x00, 0xFF, 0xFF, 0xF8, 0x00, 0x00, 0x00, 0x7F, 0xFF,
  0xFC, 0x00, 0x00, 0x00, 0x3F, 0xFF, 0xFE, 0x00, 0x00, 0x00, 0x1F, 0xFF,
  0xFF, 0x00, 0x00, 0x00, 0x0F, 0xFF, 0xFF, 0x80, 0x00, 0x00, 0x07, 0xFF,
  0xFF, 0xC0, 0x00, 0x00, 0x03, 0xFF, 0xFF, 0xE0, 0x00, 0x00, 0x1F, 0xFF,
  0xFF, 0xFF, 0xFF, 0x00, 0x3F, 0xFF, 0xFF, 0xFF, 0xFF, 0xE0, 0x3F, 0xFF,
  0xFF, 0xFF, 0xFF, 0xF8, 0x3F, 0xFF, 0xFF, 0xFF, 0xFF, 0xFE, 0x3F, 0xFF,
  0xFF, 0xFF, 0xFF, 0xFF, 0x9F, 0xFF, 0xFF, 0xFF, 0xFF, 0xFF, 0xDF, 0xFF,
  0xFF, 0xFF, 0xFF, 0xFF, 0xFF, 0xFF, 0xFF, 0xFF, 0xFF, 0xFF, 0xFF, 0xFF,
  0xFF, 0xFF, 0xFF, 0xFF, 0xFF, 0xFF, 0xFF, 0xFF, 0xFF, 0xFF, 0xFF, 0xFF,
  0xFF, 0xFF, 0xFF, 0xFF, 0xFF, 0xFF, 0xFF, 0xFF, 0xFF, 0xFF, 0xFF, 0x3F,
  0xFF, 0xFF, 0xFF, 0xFF, 0xFF, 0x8F, 0xFF, 0xFF, 0xFF, 0xFF, 0xFF, 0x83,
  0xFF, 0xFF, 0xFF, 0xFF, 0xFF, 0x80, 0xFF, 0xFF, 0xFF, 0xFF, 0xFF, 0x80,
  0x1F, 0xFF, 0xFF, 0xFF, 0xFF, 0x00, 0x00, 0xFF, 0xFF, 0xF8, 0x00, 0x00,
  0x00, 0x7F, 0xFF, 0xFC, 0x00, 0x00, 0x00, 0x3F, 0xFF, 0xFE, 0x00, 0x00,
  0x00, 0x1F, 0xFF, 0xFF, 0x00, 0x00, 0x00, 0x0F, 0xFF, 0xFF, 0x80, 0x00,
  0x00, 0x07, 0xFF, 0xFF, 0xC0, 0x00, 0x00, 0x03, 0xFF, 0xFF, 0xE0, 0x00,
  0x00, 0x01, 0xFF, 0xFF, 0xF0, 0x00, 0x00, 0x00, 0xFF, 0xFF, 0xF8, 0x00,
  0x00, 0x00, 0x7F, 0xFF, 0xFC, 0x00, 0x00, 0x00, 0x3F, 0xFF, 0xFE, 0x00,
  0x00, 0x00, 0x1F, 0xFF, 0xFF, 0x00, 0x00, 0x00, 0x0F, 0xFF, 0xFF, 0x80,
  0x00, 0x00, 0x07, 0xFF, 0xFF, 0xC0, 0x00, 0x00, 0x03, 0xFF, 0xFF, 0xE0,
  0x00, 0x00, 0x01, 0xFF, 0xFF, 0xF0, 0x00, 0x00, 0x00, 0xFF, 0xFF, 0xF8,
  0x00, 0x00, 0x00, 0x7F, 0xFF, 0xFC, 0x00, 0x00, 0x00, 0x3F, 0xFF, 0xFE,
  0x00, 0x00, 0x00, 0x1F, 0xFF, 0xFF, 0x00, 0x00, 0x00, 0x0F, 0xFF, 0xFF,
  0x80, 0x00, 0x00, 0x07, 0xFF, 0xFF, 0xC0, 0x00, 0x00, 0x03, 0xFF, 0xFF,
  0xE0, 0x00, 0x00, 0x01, 0xFF, 0xFF, 0xF0, 0x00, 0x00, 0x00, 0xFF, 0xFF,
  0xF8, 0x00, 0x00, 0x00, 0x7F, 0xFF, 0xFC, 0x00, 0x00, 0x00, 0x3F, 0xFF,
  0xFE, 0x00, 0x00, 0x00, 0x1F, 0xFF, 0xFF, 0x00, 0x00, 0x00, 0x0F, 0xFF,
  0xFF, 0x80, 0x00, 0x00, 0x07, 0xFF, 0xFF, 0xC0, 0x00, 0x00, 0x03, 0xFF,
  0xFF, 0xE0, 0x00, 0x00, 0x01, 0xFF, 0xFF, 0xF0, 0x00, 0x00, 0x00, 0xFF,
  0xFF, 0xF8, 0x00, 0x00, 0x00, 0x7F, 0xFF, 0xFC, 0x00, 0x00, 0x00, 0x3F,
  0xFF, 0xFE, 0x00, 0x00, 0x00, 0x1F, 0xFF, 0xFF, 0x00, 0x00, 0x00, 0x0F,
  0xFF, 0xFF, 0x80, 0x00, 0x00, 0x07, 0xFF, 0xFF, 0xC0, 0x00, 0x00, 0x03,
  0xFF, 0xFF, 0xE0, 0x00, 0x00, 0x01, 0xFF, 0xFF, 0xF0, 0x00, 0x00, 0x00,
  0xFF, 0xFF, 0xF8, 0x00, 0x00, 0x00, 0x7F, 0xFF, 0xFC, 0x00, 0x00, 0x00,
  0x3F, 0xFF, 0xFE, 0x00, 0x00, 0x00, 0x1F, 0xFF, 0xFF, 0x00, 0x00, 0x00,
  0x0F, 0xFF, 0xFF, 0x80, 0x00, 0x00, 0x07, 0xFF, 0xFF, 0xC0, 0x00, 0x00,
  0x03, 0xFF, 0xFF, 0xE0, 0x00, 0x00, 0x01, 0xFF, 0xFF, 0xF0, 0x00, 0x00,
  0x00, 0xFF, 0xFF, 0xF8, 0x00, 0x00, 0x00, 0x7F, 0xFF, 0xFC, 0x00, 0x00,
  0x00, 0x3F, 0xFF, 0xFE, 0x00, 0x00, 0x00, 0x1F, 0xFF, 0xFF, 0x00, 0x00,
  0x00, 0x07, 0xFF, 0xFF, 0x00, 0x00, 0x00, 0x03, 0xFF, 0xFF, 0x80, 0x00,
  0x00, 0x00, 0xFF, 0xFF, 0x80, 0x00, 0x00, 0x00, 0x3F, 0xFF, 0x80, 0x00,
  0x00, 0x00, 0x0F, 0xFF, 0x80, 0x00, 0x00, 0x00, 0x03, 0xFF, 0x80, 0x00,
  0x00, 0x00, 0x00, 0x7F, 0x00, 0x00, 0x00, 0x00, 0x00, 0x00, 0x00, 0x0F,
  0xFF, 0x00, 0x00, 0x00, 0x00, 0x00, 0x00, 0x00, 0x01, 0xFF, 0xFF, 0xE0,
  0x00, 0x01, 0xFF, 0x00, 0x00, 0x00, 0x1F, 0xFF, 0xFF, 0xF0, 0x00, 0x0F,
  0xFF, 0x80, 0x00, 0x01, 0xFF, 0xFF, 0xFF, 0xF8, 0x00, 0x3F, 0xFF, 0x80,
  0x00, 0x07, 0xFF, 0xFF, 0xFF, 0xFC, 0x00, 0xFF, 0xFF, 0x80, 0x00, 0x3F,
  0xFF, 0xFF, 0xFF, 0xFC, 0x01, 0xFF, 0xFF, 0x00, 0x01, 0xFF, 0xFF, 0xFF,
  0xFF, 0xFE, 0x07, 0xFF, 0xFF, 0x00, 0x07, 0xFF, 0xFF, 0xFF, 0xFF, 0xFE,
  0x0F, 0xFF, 0xFE, 0x00, 0x1F, 0xFF, 0xFF, 0xFF, 0xFF, 0xFE, 0x3F, 0xFF,
  0xFE, 0x00, 0x7F, 0xFF, 0xFF, 0xFF, 0xFF, 0xFE, 0x7F, 0xFF, 0xFC, 0x01,
  0xFF, 0xFF, 0xFF, 0xFF, 0xFF, 0xFE, 0xFF, 0xFF, 0xF8, 0x07, 0xFF, 0xFF,
  0xFF, 0xFF, 0xFF, 0xFF, 0xFF, 0xFF, 0xF0, 0x1F, 0xFF, 0xFF, 0xFF, 0xFF,
  0xFF, 0xFF, 0xFF, 0xFF, 0xE0, 0x7F, 0xFF, 0xFF, 0xFF, 0xFF, 0xFF, 0xFF,
  0xFF, 0xFF, 0xC0, 0xFF, 0xFF, 0xFF, 0xFF, 0xFF, 0xFF, 0xFF, 0xFF, 0xFF,
  0x83, 0xFF, 0xFF, 0xFF, 0xFF, 0xFF, 0xFF, 0xFF, 0xFF, 0xFF, 0x07, 0xFF,
  0xFF, 0xFF, 0xFF, 0xFF, 0xFF, 0xFF, 0xFF, 0xFE, 0x1F, 0xFF, 0xFF, 0xFF,
  0xFF, 0xFF, 0xFF, 0xFF, 0xFF, 0xFC, 0x3F, 0xFF, 0xFF, 0xFF, 0x80, 0x3F,
  0xFF, 0xFF, 0xFF, 0xF8, 0xFF, 0xFF, 0xFF, 0xF0, 0x00, 0x07, 0xFF, 0xFF,
  0xFF, 0xF1, 0xFF, 0xFF, 0xFF, 0x80, 0x00, 0x03, 0xFF, 0xFF, 0xFF, 0xE7,
  0xFF, 0xFF, 0xFE, 0x00, 0x00, 0x03, 0xFF, 0xFF, 0xFF, 0xCF, 0xFF, 0xFF,
  0xF8, 0x00, 0x00, 0x03, 0xFF, 0xFF, 0xFF, 0x9F, 0xFF, 0xFF, 0xE0, 0x00,
  0x00, 0x01, 0xFF, 0xFF, 0xFF, 0x7F, 0xFF, 0xFF, 0x80, 0x00, 0x00, 0x03,
  0xFF, 0xFF, 0xFE, 0xFF, 0xFF, 0xFE, 0x00, 0x00, 0x00, 0x03, 0xFF, 0xFF,
  0xFD, 0xFF, 0xFF, 0xF8, 0x00, 0x00, 0x00, 0x03, 0xFF, 0xFF, 0xFB, 0xFF,
  0xFF, 0xF0, 0x00, 0x00, 0x00, 0x07, 0xFF, 0xFF, 0xF7, 0xFF, 0xFF, 0xC0,
  0x00, 0x00, 0x00, 0x07, 0xFF, 0xFF, 0xFF, 0xFF, 0xFF, 0x80, 0x00, 0x00,
  0x00, 0x0F, 0xFF, 0xFF, 0xFF, 0xFF, 0xFF, 0x00, 0x00, 0x00, 0x00, 0x0F,
  0xFF, 0xFF, 0xFF, 0xFF, 0xFC, 0x00, 0x00, 0x00, 0x00, 0x1F, 0xFF, 0xFF,
  0xFF, 0xFF, 0xF8, 0x00, 0x00, 0x00, 0x00, 0x3F, 0xFF, 0xFF, 0xFF, 0xFF,
  0xF0, 0x00, 0x00, 0x00, 0x00, 0x7F, 0xFF, 0xFF, 0xFF, 0xFF, 0xE0, 0x00,
  0x00, 0x00, 0x00, 0xFF, 0xFF, 0xFF, 0xFF, 0xFF, 0xC0, 0x00, 0x00, 0x00,
  0x01, 0xFF, 0xFF, 0xFF, 0xFF, 0xFF, 0x80, 0x00, 0x00, 0x00, 0x03, 0xFF,
  0xFF, 0xFF, 0xFF, 0xFF, 0x00, 0x00, 0x00, 0x00, 0x07, 0xFF, 0xFF, 0xFF,
  0xFF, 0xFE, 0x00, 0x00, 0x00, 0x00, 0x0F, 0xFF, 0xFF, 0xFF, 0xFF, 0xFC,
  0x00, 0x00, 0x00, 0x00, 0x1F, 0xFF, 0xFF, 0xFF, 0xFF, 0xFC, 0x00, 0x00,
  0x00, 0x00, 0x3F, 0xFF, 0xFF, 0xFF, 0xFF, 0xF8, 0x00, 0x00, 0x00, 0x00,
  0xFF, 0xFF, 0xFF, 0xFF, 0xFF, 0xF0, 0x00, 0x00, 0x00, 0x01, 0xFF, 0xFF,
  0xFB, 0xFF, 0xFF, 0xF0, 0x00, 0x00, 0x00, 0x07, 0xFF, 0xFF, 0xF7, 0xFF,
  0xFF, 0xE0, 0x00, 0x00, 0x00, 0x0F, 0xFF, 0xFF, 0xEF, 0xFF, 0xFF, 0xE0,
  0x00, 0x00, 0x00, 0x3F, 0xFF, 0xFF, 0xDF, 0xFF, 0xFF, 0xE0, 0x00, 0x00,
  0x00, 0xFF, 0xFF, 0xFF, 0x9F, 0xFF, 0xFF, 0xC0, 0x00, 0x00, 0x01, 0xFF,
  0xFF, 0xFF, 0x3F, 0xFF, 0xFF, 0xE0, 0x00, 0x00, 0x0F, 0xFF, 0xFF, 0xFE,
  0x7F, 0xFF, 0xFF, 0xE0, 0x00, 0x00, 0x3F, 0xFF, 0xFF, 0xFC, 0x7F, 0xFF,
  0xFF, 0xE0, 0x00, 0x00, 0xFF, 0xFF, 0xFF, 0xF8, 0xFF, 0xFF, 0xFF, 0xF0,
  0x00, 0x07, 0xFF, 0xFF, 0xFF, 0xF0, 0xFF, 0xFF, 0xFF, 0xFE, 0x00, 0xFF,
  0xFF, 0xFF, 0xFF, 0xE1, 0xFF, 0xFF, 0xFF, 0xFF, 0xFF, 0xFF, 0xFF, 0xFF,
  0xFF, 0xC1, 0xFF, 0xFF, 0xFF, 0xFF, 0xFF, 0xFF, 0xFF, 0xFF, 0xFF, 0x83,
  0xFF, 0xFF, 0xFF, 0xFF, 0xFF, 0xFF, 0xFF, 0xFF, 0xFF, 0x03, 0xFF, 0xFF,
  0xFF, 0xFF, 0xFF, 0xFF, 0xFF, 0xFF, 0xFE, 0x07, 0xFF, 0xFF, 0xFF, 0xFF,
  0xFF, 0xFF, 0xFF, 0xFF, 0xFC, 0x07, 0xFF, 0xFF, 0xFF, 0xFF, 0xFF, 0xFF,
  0xFF, 0xFF, 0xF8, 0x07, 0xFF, 0xFF, 0xFF, 0xFF, 0xFF, 0xFD, 0xFF, 0xFF,
  0xF0, 0x07, 0xFF, 0xFF, 0xFF, 0xFF, 0xFF, 0xFB, 0xFF, 0xFF, 0xE0, 0x07,
  0xFF, 0xFF, 0xFF, 0xFF, 0xFF, 0xE7, 0xFF, 0xFF, 0xC0, 0x07, 0xFF, 0xFF,
  0xFF, 0xFF, 0xFF, 0x8F, 0xFF, 0xFF, 0x80, 0x07, 0xFF, 0xFF, 0xFF, 0xFF,
  0xFE, 0x1F, 0xFF, 0xFF, 0x00, 0x07, 0xFF, 0xFF, 0xFF, 0xFF, 0xF8, 0x3F,
  0xFF, 0xFE, 0x00, 0x03, 0xFF, 0xFF, 0xFF, 0xFF, 0xC0, 0x7F, 0xFF, 0xFC,
  0x00, 0x03, 0xFF, 0xFF, 0xFF, 0xFF, 0x00, 0xFF, 0xFF, 0xF8, 0x00, 0x01,
  0xFF, 0xFF, 0xFF, 0xF8, 0x01, 0xFF, 0xFF, 0xF0, 0x00, 0x00, 0xFF, 0xFF,
  0xFF, 0xC0, 0x03, 0xFF, 0xFF, 0xC0, 0x00, 0x00, 0x3F, 0xFF, 0xFE, 0x00,
  0x0F, 0xFF, 0xFF, 0x80, 0x00, 0x00, 0x07, 0xFF, 0xC0, 0x00, 0x1F, 0xFF,
  0xFF, 0x00, 0x00, 0x00, 0x00, 0x00, 0x00, 0x00, 0x3F, 0xFF, 0xFE, 0x00,
  0x00, 0x00, 0x00, 0x00, 0x00, 0x00, 0xFF, 0xFF, 0xFC, 0x00, 0x00, 0x00,
  0x00, 0x00, 0x00, 0x01, 0xFF, 0xFF, 0xF8, 0x00, 0x00, 0x00, 0x00, 0x00,
  0x00, 0x07, 0xFF, 0xFF, 0xE0, 0x00, 0x00, 0x00, 0x00, 0x00, 0x00, 0x0F,
  0xFF, 0xFF, 0xC0, 0x00, 0x00, 0x00, 0x00, 0x00, 0x00, 0x3F, 0xFF, 0xFF,
  0x80, 0x00, 0x00, 0x00, 0x00, 0x00, 0x00, 0xFF, 0xFF, 0xFF, 0x00, 0x3F,
  0xC0, 0x00, 0x00, 0x00, 0x03, 0xFF, 0xFF, 0xFC, 0x00, 0xFF, 0xE0, 0x00,
  0x00, 0x00, 0x0F, 0xFF, 0xFF, 0xF8, 0x03, 0xFF, 0xF8, 0x00, 0x00, 0x00,
  0x7F, 0xFF, 0xFF, 0xF0, 0x0F, 0xFF, 0xFE, 0x00, 0x00, 0x03, 0xFF, 0xFF,
  0xFF, 0xC0, 0x3F, 0xFF, 0xFF, 0xF0, 0x00, 0x7F, 0xFF, 0xFF, 0xFF, 0x80,
  0x7F, 0xFF, 0xFF, 0xFF, 0xFF, 0xFF, 0xFF, 0xFF, 0xFE, 0x00, 0xFF, 0xFF,
  0xFF, 0xFF, 0xFF, 0xFF, 0xFF, 0xFF, 0xFC, 0x03, 0xFF, 0xFF, 0xFF, 0xFF,
  0xFF, 0xFF, 0xFF, 0xFF, 0xF0, 0x07, 0xFF, 0xFF, 0xFF, 0xFF, 0xFF, 0xFF,
  0xFF, 0xFF, 0xC0, 0x0F, 0xFF, 0xFF, 0xFF, 0xFF, 0xFF, 0xFF, 0xFF, 0xFF,
  0x00, 0x0F, 0xFF, 0xFF, 0xFF, 0xFF, 0xFF, 0xFF, 0xFF, 0xFE, 0x00, 0x1F,
  0xFF, 0xFF, 0xFF, 0xFF, 0xFF, 0xFF, 0xFF, 0xF8, 0x00, 0x3F, 0xFF, 0xFF,
  0xFF, 0xFF, 0xFF, 0xFF, 0xFF, 0xE0, 0x00, 0x3F, 0xFF, 0xFF, 0xFF, 0xFF,
  0xFF, 0xFF, 0xFF, 0x80, 0x00, 0x3F, 0xFF, 0xFF, 0xFF, 0xFF, 0xFF, 0xFF,
  0xFC, 0x00, 0x00, 0x3F, 0xFF, 0xFF, 0xFF, 0xFF, 0xFF, 0xFF, 0xF0, 0x00,
  0x00, 0x1F, 0xFF, 0xFF, 0xFF, 0xFF, 0xFF, 0xFF, 0x80, 0x00, 0x00, 0x0F,
  0xFF, 0xFF, 0xFF, 0xFF, 0xFF, 0xFC, 0x00, 0x00, 0x00, 0x03, 0xFF, 0xFF,
  0xFF, 0xFF, 0xFF, 0xE0, 0x00, 0x00, 0x00, 0x00, 0x7F, 0xFF, 0xFF, 0xFF,
  0xFE, 0x00, 0x00, 0x00, 0x00, 0x00, 0x0F, 0xFF, 0xFF, 0xFF, 0xE0, 0x00,
  0x00, 0x00, 0x00, 0x00, 0x00, 0x7F, 0xFF, 0xE0, 0x00, 0x00, 0x00, 0x00,
  0x01, 0xFC, 0x00, 0x00, 0x00, 0x00, 0x00, 0x00, 0x00, 0x3F, 0xF8, 0x00,
  0x00, 0x00, 0x00, 0x00, 0x00, 0x03, 0xFF, 0xE0, 0x00, 0x00, 0x00, 0x00,
  0x00, 0x00, 0x3F, 0xFF, 0x80, 0x00, 0x00, 0x00, 0x00, 0x00, 0x03, 0xFF,
  0xFE, 0x00, 0x00, 0x00, 0x00, 0x00, 0x00, 0x3F, 0xFF, 0xF8, 0x00, 0x00,
  0x00, 0x00, 0x00, 0x01, 0xFF, 0xFF, 0xC0, 0x00, 0x00, 0x00, 0x00, 0x00,
  0x1F, 0xFF, 0xFF, 0x00, 0x00, 0x00, 0x00, 0x00, 0x00, 0xFF, 0xFF, 0xF8,
  0x00, 0x00, 0x00, 0x00, 0x00, 0x07, 0xFF, 0xFF, 0xC0, 0x00, 0x00, 0x00,
  0x00, 0x00, 0x3F, 0xFF, 0xFE, 0x00, 0x00, 0x00, 0x00, 0x00, 0x01, 0xFF,
  0xFF, 0xF0, 0x00, 0x00, 0x00, 0x00, 0x00, 0x0F, 0xFF, 0xFF, 0x80, 0x00,
  0x00, 0x00, 0x00, 0x00, 0x7F, 0xFF, 0xFC, 0x00, 0x00, 0x00, 0x00, 0x00,
  0x03, 0xFF, 0xFF, 0xE0, 0x00, 0x00, 0x00, 0x00, 0x00, 0x1F, 0xFF, 0xFF,
  0x00, 0x00, 0x00, 0x00, 0x00, 0x00, 0xFF, 0xFF, 0xF8, 0x00, 0x00, 0x00,
  0x00, 0x00, 0x07, 0xFF, 0xFF, 0xC0, 0x00, 0x00, 0x00, 0x00, 0x00, 0x3F,
  0xFF, 0xFE, 0x00, 0x00, 0x00, 0x00, 0x00, 0x01, 0xFF, 0xFF, 0xF0, 0x00,
  0x00, 0x00, 0x00, 0x00, 0x0F, 0xFF, 0xFF, 0x80, 0x00, 0x00, 0x00, 0x00,
  0x00, 0x7F, 0xFF, 0xFC, 0x00, 0x00, 0x00, 0x00, 0x00, 0x03, 0xFF, 0xFF,
  0xE0, 0x00, 0x00, 0x00, 0x00, 0x00, 0x1F, 0xFF, 0xFF, 0x00, 0x00, 0x00,
  0x00, 0x00, 0x00, 0xFF, 0xFF, 0xF8, 0x00, 0x00, 0x00, 0x00, 0x00, 0x07,
  0xFF, 0xFF, 0xC0, 0x00, 0x00, 0x00, 0x00, 0x00, 0x3F, 0xFF, 0xFE, 0x00,
  0x00, 0x00, 0x00, 0x00, 0x01, 0xFF, 0xFF, 0xF0, 0x00, 0x00, 0x00, 0x00,
  0x00, 0x0F, 0xFF, 0xFF, 0x80, 0x00, 0x7F, 0xF8, 0x00, 0x00, 0x7F, 0xFF,
  0xFC, 0x00, 0x1F, 0xFF, 0xFC, 0x00, 0x03, 0xFF, 0xFF, 0xE0, 0x03, 0xFF,
  0xFF, 0xFC, 0x00, 0x1F, 0xFF, 0xFF, 0x00, 0x7F, 0xFF, 0xFF, 0xF8, 0x00,
  0xFF, 0xFF, 0xF8, 0x0F, 0xFF, 0xFF, 0xFF, 0xE0, 0x07, 0xFF, 0xFF, 0xC0,
  0xFF, 0xFF, 0xFF, 0xFF, 0x80, 0x3F, 0xFF, 0xFE, 0x0F, 0xFF, 0xFF, 0xFF,
  0xFE, 0x01, 0xFF, 0xFF, 0xF0, 0xFF, 0xFF, 0xFF, 0xFF, 0xF8, 0x0F, 0xFF,
  0xFF, 0x8F, 0xFF, 0xFF, 0xFF, 0xFF, 0xE0, 0x7F, 0xFF, 0xFC, 0xFF, 0xFF,
  0xFF, 0xFF, 0xFF, 0x83, 0xFF, 0xFF, 0xEF, 0xFF, 0xFF, 0xFF, 0xFF, 0xFE,
  0x1F, 0xFF, 0xFF, 0xFF, 0xFF, 0xFF, 0xFF, 0xFF, 0xF0, 0xFF, 0xFF, 0xFF,
  0xFF, 0xFF, 0xFF, 0xFF, 0xFF, 0xC7, 0xFF, 0xFF, 0xFF, 0xFF, 0xFF, 0xFF,
  0xFF, 0xFE, 0x3F, 0xFF, 0xFF, 0xFF, 0xFF, 0xFF, 0xFF, 0xFF, 0xF9, 0xFF,
  0xFF, 0xFF, 0xFF, 0xFF, 0xFF, 0xFF, 0xFF, 0xCF, 0xFF, 0xFF, 0xFF, 0xFF,
  0xFF, 0xFF, 0xFF, 0xFE, 0x7F, 0xFF, 0xFF, 0xFF, 0xFF, 0xFF, 0xFF, 0xFF,
  0xFB, 0xFF, 0xFF, 0xFF, 0xF0, 0x07, 0xFF, 0xFF, 0xFF, 0xDF, 0xFF, 0xFF,
  0xFE, 0x00, 0x0F, 0xFF, 0xFF, 0xFE, 0xFF, 0xFF, 0xFF, 0xC0, 0x00, 0x1F,
  0xFF, 0xFF, 0xF7, 0xFF, 0xFF, 0xFC, 0x00, 0x00, 0x7F, 0xFF, 0xFF, 0xFF,
  0xFF, 0xFF, 0xC0, 0x00, 0x01, 0xFF, 0xFF, 0xFF, 0xFF, 0xFF, 0xFC, 0x00,
  0x00, 0x07, 0xFF, 0xFF, 0xFF, 0xFF, 0xFF, 0xE0, 0x00, 0x00, 0x3F, 0xFF,
  0xFF, 0xFF, 0xFF, 0xFE, 0x00, 0x00, 0x00, 0xFF, 0xFF, 0xFF, 0xFF, 0xFF,
  0xF0, 0x00, 0x00, 0x07, 0xFF, 0xFF, 0xFF, 0xFF, 0xFF, 0x80, 0x00, 0x00,
  0x3F, 0xFF, 0xFF, 0xFF, 0xFF, 0xF8, 0x00, 0x00, 0x00, 0xFF, 0xFF, 0xFF,
  0xFF, 0xFF, 0xC0, 0x00, 0x00, 0x07, 0xFF, 0xFF, 0xFF, 0xFF, 0xFE, 0x00,
  0x00, 0x00, 0x3F, 0xFF, 0xFF, 0xFF, 0xFF, 0xF0, 0x00, 0x00, 0x01, 0xFF,
  0xFF, 0xFF, 0xFF, 0xFF, 0x80, 0x00, 0x00, 0x0F, 0xFF, 0xFF, 0xFF, 0xFF,
  0xFC, 0x00, 0x00, 0x00, 0x7F, 0xFF, 0xFF, 0xFF, 0xFF, 0xE0, 0x00, 0x00,
  0x03, 0xFF, 0xFF, 0xFF, 0xFF, 0xFF, 0x00, 0x00, 0x00, 0x1F, 0xFF, 0xFF,
  0xFF, 0xFF, 0xF8, 0x00, 0x00, 0x00, 0xFF, 0xFF, 0xFF, 0xFF, 0xFF, 0xC0,
  0x00, 0x00, 0x07, 0xFF, 0xFF, 0xFF, 0xFF, 0xFE, 0x00, 0x00, 0x00, 0x3F,
  0xFF, 0xFF, 0xFF, 0xFF, 0xF0, 0x00, 0x00, 0x01, 0xFF, 0xFF, 0xFF, 0xFF,
  0xFF, 0x80, 0x00, 0x00, 0x0F, 0xFF, 0xFF, 0xFF, 0xFF, 0xFC, 0x00, 0x00,
  0x00, 0x7F, 0xFF, 0xFF, 0xFF, 0xFF, 0xE0, 0x00, 0x00, 0x03, 0xFF, 0xFF,
  0xFF, 0xFF, 0xFF, 0x00, 0x00, 0x00, 0x1F, 0xFF, 0xFF, 0xFF, 0xFF, 0xF8,
  0x00, 0x00, 0x00, 0xFF, 0xFF, 0xFF, 0xFF, 0xFF, 0xC0, 0x00, 0x00, 0x07,
  0xFF, 0xFF, 0xFF, 0xFF, 0xFE, 0x00, 0x00, 0x00, 0x3F, 0xFF, 0xFF, 0xFF,
  0xFF, 0xF0, 0x00, 0x00, 0x01, 0xFF, 0xFF, 0xFF, 0xFF, 0xFF, 0x80, 0x00,
  0x00, 0x0F, 0xFF, 0xFF, 0xFF, 0xFF, 0xFC, 0x00, 0x00, 0x00, 0x7F, 0xFF,
  0xFF, 0xFF, 0xFF, 0xE0, 0x00, 0x00, 0x03, 0xFF, 0xFF, 0xFF, 0xFF, 0xFF,
  0x00, 0x00, 0x00, 0x1F, 0xFF, 0xFF, 0xFF, 0xFF, 0xF8, 0x00, 0x00, 0x00,
  0xFF, 0xFF, 0xFF, 0xFF, 0xFF, 0xC0, 0x00, 0x00, 0x07, 0xFF, 0xFF, 0xFF,
  0xFF, 0xFE, 0x00, 0x00, 0x00, 0x3F, 0xFF, 0xFF, 0xFF, 0xFF, 0xF0, 0x00,
  0x00, 0x01, 0xFF, 0xFF, 0xFF, 0xFF, 0xFF, 0x80, 0x00, 0x00, 0x0F, 0xFF,
  0xFF, 0xFF, 0xFF, 0xFC, 0x00, 0x00, 0x00, 0x7F, 0xFF, 0xFF, 0xFF, 0xFF,
  0xE0, 0x00, 0x00, 0x03, 0xFF, 0xFF, 0xFF, 0xFF, 0xFF, 0x00, 0x00, 0x00,
  0x1F, 0xFF, 0xFF, 0xFF, 0xFF, 0xF8, 0x00, 0x00, 0x00, 0xFF, 0xFF, 0xFF,
  0xFF, 0xFF, 0xC0, 0x00, 0x00, 0x07, 0xFF, 0xFF, 0xFF, 0xFF, 0xFE, 0x00,
  0x00, 0x00, 0x3F, 0xFF, 0xFF, 0xFF, 0xFF, 0xF0, 0x00, 0x00, 0x01, 0xFF,
  0xFF, 0xFF, 0xFF, 0xFF, 0x80, 0x00, 0x00, 0x0F, 0xFF, 0xFF, 0xFF, 0xFF,
  0xFC, 0x00, 0x00, 0x00, 0x7F, 0xFF, 0xFF, 0xFF, 0xFF, 0xE0, 0x00, 0x00,
  0x03, 0xFF, 0xFF, 0xFF, 0xFF, 0xFF, 0x00, 0x00, 0x00, 0x1F, 0xFF, 0xFF,
  0xFF, 0xFF, 0xF8, 0x00, 0x00, 0x00, 0xFF, 0xFF, 0xFF, 0xFF, 0xFF, 0xC0,
  0x00, 0x00, 0x07, 0xFF, 0xFF, 0xDF, 0xFF, 0xFC, 0x00, 0x00, 0x00, 0x1F,
  0xFF, 0xFC, 0xFF, 0xFF, 0xE0, 0x00, 0x00, 0x00, 0xFF, 0xFF, 0xE3, 0xFF,
  0xFE, 0x00, 0x00, 0x00, 0x03, 0xFF, 0xFE, 0x0F, 0xFF, 0xE0, 0x00, 0x00,
  0x00, 0x0F, 0xFF, 0xE0, 0x3F, 0xFE, 0x00, 0x00, 0x00, 0x00, 0x3F, 0xFE,
  0x00, 0xFF, 0xE0, 0x00, 0x00, 0x00, 0x00, 0xFF, 0xE0, 0x01, 0xFC, 0x00,
  0x00, 0x00, 0x00, 0x01, 0xFC, 0x00, 0x00, 0xFF, 0x00, 0x07, 0xFF, 0xE0,
  0x0F, 0xFF, 0xF0, 0x3F, 0xFF, 0xFC, 0x3F, 0xFF, 0xFC, 0x7F, 0xFF, 0xFE,
  0x7F, 0xFF, 0xFE, 0xFF, 0xFF, 0xFF, 0xFF, 0xFF, 0xFF, 0xFF, 0xFF, 0xFF,
  0xFF, 0xFF, 0xFF, 0xFF, 0xFF, 0xFF, 0xFF, 0xFF, 0xFF, 0x7F, 0xFF, 0xFE,
  0x7F, 0xFF, 0xFE, 0x3F, 0xFF, 0xFC, 0x1F, 0xFF, 0xF8, 0x0F, 0xFF, 0xF0,
  0x07, 0xFF, 0xE0, 0x00, 0xFF, 0x00, 0x00, 0x00, 0x00, 0x00, 0x00, 0x00,
  0x00, 0x00, 0x00, 0x00, 0x00, 0x00, 0x00, 0x00, 0x00, 0x00, 0x00, 0x00,
  0x00, 0x00, 0x00, 0x00, 0x7F, 0x00, 0x01, 0xFF, 0xC0, 0x03, 0xFF, 0xE0,
  0x07, 0xFF, 0xF0, 0x0F, 0xFF, 0xF8, 0x1F, 0xFF, 0xFC, 0x1F, 0xFF, 0xFC,
  0x3F, 0xFF, 0xFE, 0x3F, 0xFF, 0xFE, 0x3F, 0xFF, 0xFE, 0x3F, 0xFF, 0xFE,
  0x3F, 0xFF, 0xFE, 0x3F, 0xFF, 0xFE, 0x3F, 0xFF, 0xFE, 0x3F, 0xFF, 0xFE,
  0x3F, 0xFF, 0xFE, 0x3F, 0xFF, 0xFE, 0x3F, 0xFF, 0xFE, 0x3F, 0xFF, 0xFE,
  0x3F, 0xFF, 0xFE, 0x3F, 0xFF, 0xFE, 0x3F, 0xFF, 0xFE, 0x3F, 0xFF, 0xFE,
  0x3F, 0xFF, 0xFE, 0x3F, 0xFF, 0xFE, 0x3F, 0xFF, 0xFE, 0x3F, 0xFF, 0xFE,
  0x3F, 0xFF, 0xFE, 0x3F, 0xFF, 0xFE, 0x3F, 0xFF, 0xFE, 0x3F, 0xFF, 0xFE,
  0x3F, 0xFF, 0xFE, 0x3F, 0xFF, 0xFE, 0x3F, 0xFF, 0xFE, 0x3F, 0xFF, 0xFE,
  0x3F, 0xFF, 0xFE, 0x3F, 0xFF, 0xFE, 0x3F, 0xFF, 0xFE, 0x3F, 0xFF, 0xFE,
  0x3F, 0xFF, 0xFE, 0x3F, 0xFF, 0xFE, 0x3F, 0xFF, 0xFE, 0x3F, 0xFF, 0xFE,
  0x3F, 0xFF, 0xFE, 0x3F, 0xFF, 0xFE, 0x3F, 0xFF, 0xFE, 0x3F, 0xFF, 0xFE,
  0x3F, 0xFF, 0xFE, 0x3F, 0xFF, 0xFE, 0x3F, 0xFF, 0xFE, 0x3F, 0xFF, 0xFE,
  0x3F, 0xFF, 0xFE, 0x3F, 0xFF, 0xFE, 0x3F, 0xFF, 0xFE, 0x3F, 0xFF, 0xFE,
  0x3F, 0xFF, 0xFE, 0x3F, 0xFF, 0xFE, 0x3F, 0xFF, 0xFE, 0x3F, 0xFF, 0xFE,
  0x3F, 0xFF, 0xFE, 0x3F, 0xFF, 0xFE, 0x3F, 0xFF, 0xFE, 0x3F, 0xFF, 0xFE,
  0x3F, 0xFF, 0xFE, 0x3F, 0xFF, 0xFE, 0x3F, 0xFF, 0xFE, 0x3F, 0xFF, 0xFE,
  0x3F, 0xFF, 0xFE, 0x3F, 0xFF, 0xFE, 0x3F, 0xFF, 0xFE, 0x1F, 0xFF, 0xFC,
  0x1F, 0xFF, 0xFC, 0x0F, 0xFF, 0xF8, 0x07, 0xFF, 0xF0, 0x03, 0xFF, 0xE0,
  0x01, 0xFF, 0xC0, 0x00, 0x7F, 0x00, 0x00, 0x00, 0x07, 0xF8, 0x00, 0x00,
  0x01, 0xFF, 0xF8, 0x00, 0x00, 0x1F, 0xFF, 0xE0, 0x00, 0x03, 0xFF, 0xFF,
  0xC0, 0x00, 0x1F, 0xFF, 0xFE, 0x00, 0x01, 0xFF, 0xFF, 0xF8, 0x00, 0x0F,
  0xFF, 0xFF, 0xC0, 0x00, 0xFF, 0xFF, 0xFF, 0x00, 0x07, 0xFF, 0xFF, 0xF8,
  0x00, 0x3F, 0xFF, 0xFF, 0xC0, 0x01, 0xFF, 0xFF, 0xFE, 0x00, 0x0F, 0xFF,
  0xFF, 0xF0, 0x00, 0x7F, 0xFF, 0xFF, 0x80, 0x01, 0xFF, 0xFF, 0xF8, 0x00,
  0x0F, 0xFF, 0xFF, 0xC0, 0x00, 0x3F, 0xFF, 0xFC, 0x00, 0x00, 0xFF, 0xFF,
  0xC0, 0x00, 0x03, 0xFF, 0xFC, 0x00, 0x00, 0x0F, 0xFF, 0xC0, 0x00, 0x00,
  0x0F, 0xF0, 0x00, 0x00, 0x00, 0x00, 0x00, 0x00, 0x00, 0x00, 0x00, 0x00,
  0x00, 0x00, 0x00, 0x00, 0x00, 0x00, 0x00, 0x00, 0x00, 0x00, 0x00, 0x00,
  0x00, 0x00, 0x00, 0x00, 0x00, 0x00, 0x00, 0x00, 0x00, 0x00, 0x00, 0x00,
  0x00, 0x07, 0xF0, 0x00, 0x00, 0x00, 0xFF, 0xE0, 0x00, 0x00, 0x1F, 0xFF,
  0x80, 0x00, 0x00, 0xFF, 0xFE, 0x00, 0x00, 0x0F, 0xFF, 0xF8, 0x00, 0x00,
  0xFF, 0xFF, 0xE0, 0x00, 0x07, 0xFF, 0xFF, 0x00, 0x00, 0x7F, 0xFF, 0xFC,
  0x00, 0x03, 0xFF, 0xFF, 0xE0, 0x00, 0x1F, 0xFF, 0xFF, 0x00, 0x00, 0xFF,
  0xFF, 0xF8, 0x00, 0x07, 0xFF, 0xFF, 0xC0, 0x00, 0x3F, 0xFF, 0xFE, 0x00,
  0x01, 0xFF, 0xFF, 0xF0, 0x00, 0x0F, 0xFF, 0xFF, 0x80, 0x00, 0x7F, 0xFF,
  0xFC, 0x00, 0x03, 0xFF, 0xFF, 0xE0, 0x00, 0x1F, 0xFF, 0xFF, 0x00, 0x00,
  0xFF, 0xFF, 0xF8, 0x00, 0x07, 0xFF, 0xFF, 0xC0, 0x00, 0x3F, 0xFF, 0xFE,
  0x00, 0x01, 0xFF, 0xFF, 0xF0, 0x00, 0x0F, 0xFF, 0xFF, 0x80, 0x00, 0x7F,
  0xFF, 0xFC, 0x00, 0x03, 0xFF, 0xFF, 0xE0, 0x00, 0x1F, 0xFF, 0xFF, 0x00,
  0x00, 0xFF, 0xFF, 0xF8, 0x00, 0x07, 0xFF, 0xFF, 0xC0, 0x00, 0x3F, 0xFF,
  0xFE, 0x00, 0x01, 0xFF, 0xFF, 0xF0, 0x00, 0x0F, 0xFF, 0xFF, 0x80, 0x00,
  0x7F, 0xFF, 0xFC, 0x00, 0x03, 0xFF, 0xFF, 0xE0, 0x00, 0x1F, 0xFF, 0xFF,
  0x00, 0x00, 0xFF, 0xFF, 0xF8, 0x00, 0x07, 0xFF, 0xFF, 0xC0, 0x00, 0x3F,
  0xFF, 0xFE, 0x00, 0x01, 0xFF, 0xFF, 0xF0, 0x00, 0x0F, 0xFF, 0xFF, 0x80,
  0x00, 0x7F, 0xFF, 0xFC, 0x00, 0x03, 0xFF, 0xFF, 0xE0, 0x00, 0x1F, 0xFF,
  0xFF, 0x00, 0x00, 0xFF, 0xFF, 0xF8, 0x00, 0x07, 0xFF, 0xFF, 0xC0, 0x00,
  0x3F, 0xFF, 0xFE, 0x00, 0x01, 0xFF, 0xFF, 0xF0, 0x00, 0x0F, 0xFF, 0xFF,
  0x80, 0x00, 0x7F, 0xFF, 0xFC, 0x00, 0x03, 0xFF, 0xFF, 0xE0, 0x00, 0x1F,
  0xFF, 0xFF, 0x00, 0x00, 0xFF, 0xFF, 0xF8, 0x00, 0x07, 0xFF, 0xFF, 0xC0,
  0x00, 0x3F, 0xFF, 0xFE, 0x00, 0x01, 0xFF, 0xFF, 0xF0, 0x00, 0x0F, 0xFF,
  0xFF, 0x80, 0x00, 0x7F, 0xFF, 0xFC, 0x00, 0x03, 0xFF, 0xFF, 0xE0, 0x00,
  0x1F, 0xFF, 0xFF, 0x00, 0x00, 0xFF, 0xFF, 0xF8, 0x00, 0x07, 0xFF, 0xFF,
  0xC0, 0x00, 0x3F, 0xFF, 0xFE, 0x00, 0x01, 0xFF, 0xFF, 0xF0, 0x00, 0x0F,
  0xFF, 0xFF, 0x80, 0x00, 0x7F, 0xFF, 0xFC, 0x00, 0x03, 0xFF, 0xFF, 0xE0,
  0x00, 0x1F, 0xFF, 0xFF, 0x00, 0x00, 0xFF, 0xFF, 0xF8, 0x00, 0x07, 0xFF,
  0xFF, 0xC0, 0x00, 0x3F, 0xFF, 0xFE, 0x00, 0x01, 0xFF, 0xFF, 0xF0, 0x00,
  0x0F, 0xFF, 0xFF, 0x80, 0x00, 0x7F, 0xFF, 0xFC, 0x00, 0x03, 0xFF, 0xFF,
  0xE0, 0x00, 0x1F, 0xFF, 0xFF, 0x00, 0x00, 0xFF, 0xFF, 0xF8, 0x00, 0x07,
  0xFF, 0xFF, 0xC0, 0x00, 0x3F, 0xFF, 0xFE, 0x00, 0x01, 0xFF, 0xFF, 0xF0,
  0x00, 0x0F, 0xFF, 0xFF, 0x80, 0x00, 0xFF, 0xFF, 0xFC, 0x00, 0x07, 0xFF,
  0xFF, 0xE0, 0x00, 0x7F, 0xFF, 0xFF, 0x00, 0x07, 0xFF, 0xFF, 0xF0, 0x0F,
  0xFF, 0xFF, 0xFF, 0x81, 0xFF, 0xFF, 0xFF, 0xFC, 0x1F, 0xFF, 0xFF, 0xFF,
  0xE1, 0xFF, 0xFF, 0xFF, 0xFE, 0x1F, 0xFF, 0xFF, 0xFF, 0xF0, 0xFF, 0xFF,
  0xFF, 0xFF, 0x87, 0xFF, 0xFF, 0xFF, 0xF8, 0x3F, 0xFF, 0xFF, 0xFF, 0xC3,
  0xFF, 0xFF, 0xFF, 0xFC, 0x0F, 0xFF, 0xFF, 0xFF, 0xC0, 0x7F, 0xFF, 0xFF,
  0xFC, 0x03, 0xFF, 0xFF, 0xFF, 0xC0, 0x1F, 0xFF, 0xFF, 0xFC, 0x00, 0x7F,
  0xFF, 0xFF, 0xC0, 0x01, 0xFF, 0xFF, 0xF8, 0x00, 0x03, 0xFF, 0xFF, 0x00,
  0x00, 0x03, 0xFF, 0x80, 0x00, 0x00, 0x01, 0xFC, 0x00, 0x00, 0x00, 0x00,
  0x00, 0x00, 0x00, 0x7F, 0xF0, 0x00, 0x00, 0x00, 0x00, 0x00, 0x00, 0x0F,
  0xFF, 0x80, 0x00, 0x00, 0x00, 0x00, 0x00, 0x01, 0xFF, 0xFC, 0x00, 0x00,
  0x00, 0x00, 0x00, 0x00, 0x3F, 0xFF, 0xE0, 0x00, 0x00, 0x00, 0x00, 0x00,
  0x07, 0xFF, 0xFF, 0x00, 0x00, 0x00, 0x00, 0x00, 0x00, 0x7F, 0xFF, 0xF0,
  0x00, 0x00, 0x00, 0x00, 0x00, 0x0F, 0xFF, 0xFF, 0x80, 0x00, 0x00, 0x00,
  0x00, 0x00, 0xFF, 0xFF, 0xF8, 0x00, 0x00, 0x00, 0x00, 0x00, 0x0F, 0xFF,
  0xFF, 0x80, 0x00, 0x00, 0x00, 0x00, 0x00, 0xFF, 0xFF, 0xF8, 0x00, 0x00,
  0x00, 0x00, 0x00, 0x0F, 0xFF, 0xFF, 0x80, 0x00, 0x00, 0x00, 0x00, 0x00,
  0xFF, 0xFF, 0xF8, 0x00, 0x00, 0x00, 0x00, 0x00, 0x0F, 0xFF, 0xFF, 0x80,
  0x00, 0x00, 0x00, 0x00, 0x00, 0xFF, 0xFF, 0xF8, 0x00, 0x00, 0x00, 0x00,
  0x00, 0x0F, 0xFF, 0xFF, 0x80, 0x00, 0x00, 0x00, 0x00, 0x00, 0xFF, 0xFF,
  0xF8, 0x00, 0x00, 0x00, 0x00, 0x00, 0x0F, 0xFF, 0xFF, 0x80, 0x00, 0x00,
  0x00, 0x00, 0x00, 0xFF, 0xFF, 0xF8, 0x00, 0x00, 0x00, 0x00, 0x00, 0x0F,
  0xFF, 0xFF, 0x80, 0x00, 0x00, 0x00, 0x00, 0x00, 0xFF, 0xFF, 0xF8, 0x00,
  0x00, 0x00, 0x00, 0x00, 0x0F, 0xFF, 0xFF, 0x80, 0x00, 0x00, 0x00, 0x00,
  0x00, 0xFF, 0xFF, 0xF8, 0x00, 0x00, 0x00, 0x00, 0x00, 0x0F, 0xFF, 0xFF,
  0x80, 0x00, 0x00, 0x00, 0x00, 0x00, 0xFF, 0xFF, 0xF8, 0x00, 0x00, 0x00,
  0x00, 0x00, 0x0F, 0xFF, 0xFF, 0x80, 0x00, 0x00, 0x00, 0x00, 0x00, 0xFF,
  0xFF, 0xF8, 0x00, 0x00, 0x00, 0x00, 0x00, 0x0F, 0xFF, 0xFF, 0x80, 0x00,
  0x00, 0x00, 0x00, 0x00, 0xFF, 0xFF, 0xF8, 0x00, 0x00, 0x00, 0x03, 0xF8,
  0x0F, 0xFF, 0xFF, 0x80, 0x00, 0x00, 0x00, 0xFF, 0xE0, 0xFF, 0xFF, 0xF8,
  0x00, 0x00, 0x00, 0x1F, 0xFF, 0x0F, 0xFF, 0xFF, 0x80, 0x00, 0x00, 0x07,
  0xFF, 0xF8, 0xFF, 0xFF, 0xF8, 0x00, 0x00, 0x00, 0xFF, 0xFF, 0xCF, 0xFF,
  0xFF, 0x80, 0x00, 0x00, 0x1F, 0xFF, 0xFC, 0xFF, 0xFF, 0xF8, 0x00, 0x00,
  0x03, 0xFF, 0xFF, 0xEF, 0xFF, 0xFF, 0x80, 0x00, 0x00, 0x7F, 0xFF, 0xFE,
  0xFF, 0xFF, 0xF8, 0x00, 0x00, 0x0F, 0xFF, 0xFF, 0xEF, 0xFF, 0xFF, 0x80,
  0x00, 0x01, 0xFF, 0xFF, 0xFE, 0xFF, 0xFF, 0xF8, 0x00, 0x00, 0x3F, 0xFF,
  0xFF, 0xEF, 0xFF, 0xFF, 0x80, 0x00, 0x07, 0xFF, 0xFF, 0xFE, 0xFF, 0xFF,
  0xF8, 0x00, 0x00, 0xFF, 0xFF, 0xFF, 0xCF, 0xFF, 0xFF, 0x80, 0x00, 0x1F,
  0xFF, 0xFF, 0xFC, 0xFF, 0xFF, 0xF8, 0x00, 0x03, 0xFF, 0xFF, 0xFF, 0xCF,
  0xFF, 0xFF, 0x80, 0x00, 0x7F, 0xFF, 0xFF, 0xF8, 0xFF, 0xFF, 0xF8, 0x00,
  0x1F, 0xFF, 0xFF, 0xFF, 0x0F, 0xFF, 0xFF, 0x80, 0x03, 0xFF, 0xFF, 0xFF,
  0xE0, 0xFF, 0xFF, 0xF8, 0x00, 0x7F, 0xFF, 0xFF, 0xFC, 0x0F, 0xFF, 0xFF,
  0x80, 0x0F, 0xFF, 0xFF, 0xFF, 0x80, 0xFF, 0xFF, 0xF8, 0x01, 0xFF, 0xFF,
  0xFF, 0xF0, 0x0F, 0xFF, 0xFF, 0x80, 0x3F, 0xFF, 0xFF, 0xFE, 0x00, 0xFF,
  0xFF, 0xF8, 0x07, 0xFF, 0xFF, 0xFF, 0xC0, 0x0F, 0xFF, 0xFF, 0x80, 0xFF,
  0xFF, 0xFF, 0xF0, 0x00, 0xFF, 0xFF, 0xF8, 0x1F, 0xFF, 0xFF, 0xFE, 0x00,
  0x0F, 0xFF, 0xFF, 0x83, 0xFF, 0xFF, 0xFF, 0xC0, 0x00, 0xFF, 0xFF, 0xF8,
  0x7F, 0xFF, 0xFF, 0xF8, 0x00, 0x0F, 0xFF, 0xFF, 0x8F, 0xFF, 0xFF, 0xFF,
  0x00, 0x00, 0xFF, 0xFF, 0xF9, 0xFF, 0xFF, 0xFF, 0xE0, 0x00, 0x0F, 0xFF,
  0xFF, 0xBF, 0xFF, 0xFF, 0xF8, 0x00, 0x00, 0xFF, 0xFF, 0xFF, 0xFF, 0xFF,
  0xFF, 0x00, 0x00, 0x0F, 0xFF, 0xFF, 0xFF, 0xFF, 0xFF, 0xE0, 0x00, 0x00,
  0xFF, 0xFF, 0xFF, 0xFF, 0xFF, 0xFC, 0x00, 0x00, 0x0F, 0xFF, 0xFF, 0xFF,
  0xFF, 0xFF, 0x80, 0x00, 0x00, 0xFF, 0xFF, 0xFF, 0xFF, 0xFF, 0xFC, 0x00,
  0x00, 0x0F, 0xFF, 0xFF, 0xFF, 0xFF, 0xFF, 0xE0, 0x00, 0x00, 0xFF, 0xFF,
  0xFF, 0xFF, 0xFF, 0xFE, 0x00, 0x00, 0x0F, 0xFF, 0xFF, 0xFF, 0xFF, 0xFF,
  0xF0, 0x00, 0x00, 0xFF, 0xFF, 0xFF, 0xFF, 0xFF, 0xFF, 0x80, 0x00, 0x0F,
  0xFF, 0xFF, 0xFF, 0xFF, 0xFF, 0xFC, 0x00, 0x00, 0xFF, 0xFF, 0xFF, 0xFF,
  0xFF, 0xFF, 0xC0, 0x00, 0x0F, 0xFF, 0xFF, 0xFF, 0xFF, 0xFF, 0xFE, 0x00,
  0x00, 0xFF, 0xFF, 0xFF, 0xFF, 0xFF, 0xFF, 0xF0, 0x00, 0x0F, 0xFF, 0xFF,
  0xFF, 0xFF, 0xFF, 0xFF, 0x80, 0x00, 0xFF, 0xFF, 0xFF, 0xFF, 0xFF, 0xFF,
  0xF8, 0x00, 0x0F, 0xFF, 0xFF, 0xFF, 0xFF, 0xFF, 0xFF, 0xC0, 0x00, 0xFF,
  0xFF, 0xFF, 0xFF, 0xFF, 0xFF, 0xFE, 0x00, 0x0F, 0xFF, 0xFF, 0xFF, 0x3F,
  0xFF, 0xFF, 0xF0, 0x00, 0xFF, 0xFF, 0xFF, 0xE1, 0xFF, 0xFF, 0xFF, 0x00,
  0x0F, 0xFF, 0xFF, 0xFC, 0x0F, 0xFF, 0xFF, 0xF8, 0x00, 0xFF, 0xFF, 0xFF,
  0x80, 0x7F, 0xFF, 0xFF, 0xC0, 0x0F, 0xFF, 0xFF, 0xF0, 0x07, 0xFF, 0xFF,
  0xFE, 0x00, 0xFF, 0xFF, 0xFE, 0x00, 0x3F, 0xFF, 0xFF, 0xE0, 0x0F, 0xFF,
  0xFF, 0xC0, 0x01, 0xFF, 0xFF, 0xFF, 0x00, 0xFF, 0xFF, 0xF8, 0x00, 0x0F,
  0xFF, 0xFF, 0xF8, 0x0F, 0xFF, 0xFF, 0x80, 0x00, 0xFF, 0xFF, 0xFF, 0xC0,
  0xFF, 0xFF, 0xF8, 0x00, 0x07, 0xFF, 0xFF, 0xFC, 0x0F, 0xFF, 0xFF, 0x80,
  0x00, 0x3F, 0xFF, 0xFF, 0xE0, 0xFF, 0xFF, 0xF8, 0x00, 0x01, 0xFF, 0xFF,
  0xFF, 0x0F, 0xFF, 0xFF, 0x80, 0x00, 0x1F, 0xFF, 0xFF, 0xF8, 0xFF, 0xFF,
  0xF8, 0x00, 0x00, 0xFF, 0xFF, 0xFF, 0x8F, 0xFF, 0xFF, 0x80, 0x00, 0x07,
  0xFF, 0xFF, 0xFC, 0xFF, 0xFF, 0xF8, 0x00, 0x00, 0x7F, 0xFF, 0xFF, 0xEF,
  0xFF, 0xFF, 0x80, 0x00, 0x03, 0xFF, 0xFF, 0xFE, 0xFF, 0xFF, 0xF8, 0x00,
  0x00, 0x1F, 0xFF, 0xFF, 0xFF, 0xFF, 0xFF, 0x80, 0x00, 0x00, 0xFF, 0xFF,
  0xFF, 0xFF, 0xFF, 0xF8, 0x00, 0x00, 0x0F, 0xFF, 0xFF, 0xFF, 0xFF, 0xFF,
  0x80, 0x00, 0x00, 0x7F, 0xFF, 0xFF, 0xFF, 0xFF, 0xF8, 0x00, 0x00, 0x03,
  0xFF, 0xFF, 0xFF, 0xFF, 0xFF, 0x80, 0x00, 0x00, 0x1F, 0xFF, 0xFF, 0x7F,
  0xFF, 0xF0, 0x00, 0x00, 0x01, 0xFF, 0xFF, 0xF7, 0xFF, 0xFF, 0x00, 0x00,
  0x00, 0x0F, 0xFF, 0xFE, 0x3F, 0xFF, 0xE0, 0x00, 0x00, 0x00, 0x7F, 0xFF,
  0xE1, 0xFF, 0xFC, 0x00, 0x00, 0x00, 0x03, 0xFF, 0xFC, 0x0F, 0xFF, 0x80,
  0x00, 0x00, 0x00, 0x1F, 0xFF, 0x80, 0x7F, 0xF0, 0x00, 0x00, 0x00, 0x00,
  0xFF, 0xE0, 0x01, 0xFC, 0x00, 0x00, 0x00, 0x00, 0x03, 0xF8, 0x00, 0x01,
  0xFC, 0x00, 0x3F, 0xF8, 0x03, 0xFF, 0xE0, 0x3F, 0xFF, 0x83, 0xFF, 0xFE,
  0x3F, 0xFF, 0xF9, 0xFF, 0xFF, 0xDF, 0xFF, 0xFF, 0xFF, 0xFF, 0xFF, 0xFF,
  0xFF, 0xFF, 0xFF, 0xFF, 0xFF, 0xFF, 0xFF, 0xFF, 0xFF, 0xFF, 0xFF, 0xFF,
  0xFF, 0xFF, 0xFF, 0xFF, 0xFF, 0xFF, 0xFF, 0xFF, 0xFF, 0xFF, 0xFF, 0xFF,
  0xFF, 0xFF, 0xFF, 0xFF, 0xFF, 0xFF, 0xFF, 0xFF, 0xFF, 0xFF, 0xFF, 0xFF,
  0xFF, 0xFF, 0xFF, 0xFF, 0xFF, 0xFF, 0xFF, 0xFF, 0xFF, 0xFF, 0xFF, 0xFF,
  0xFF, 0xFF, 0xFF, 0xFF, 0xFF, 0xFF, 0xFF, 0xFF, 0xFF, 0xFF, 0xFF, 0xFF,
  0xFF, 0xFF, 0xFF, 0xFF, 0xFF, 0xFF, 0xFF, 0xFF, 0xFF, 0xFF, 0xFF, 0xFF,
  0xFF, 0xFF, 0xFF, 0xFF, 0xFF, 0xFF, 0xFF, 0xFF, 0xFF, 0xFF, 0xFF, 0xFF,
  0xFF, 0xFF, 0xFF, 0xFF, 0xFF, 0xFF, 0xFF, 0xFF, 0xFF, 0xFF, 0xFF, 0xFF,
  0xFF, 0xFF, 0xFF, 0xFF, 0xFF, 0xFF, 0xFF, 0xFF, 0xFF, 0xFF, 0xFF, 0xFF,
  0xFF, 0xFF, 0xFF, 0xFF, 0xFF, 0xFF, 0xFF, 0xFF, 0xFF, 0xFF, 0xFF, 0xFF,
  0xFF, 0xFF, 0xFF, 0xFF, 0xFF, 0xFF, 0xFF, 0xFF, 0xFF, 0xFF, 0xFF, 0xFF,
  0xFF, 0xFF, 0xFF, 0xFF, 0xFF, 0xFF, 0xFF, 0xFF, 0xFF, 0xFF, 0xFF, 0xFF,
  0xFF, 0xFF, 0xFF, 0xFF, 0xFF, 0xFF, 0xFF, 0xFF, 0xFF, 0xFF, 0xFF, 0xFF,
  0xFF, 0xFF, 0xFF, 0xFF, 0xFF, 0xFF, 0xFF, 0xFF, 0xFF, 0xFF, 0xFF, 0xFF,
  0xFF, 0xFF, 0xFF, 0xFF, 0xFF, 0xFF, 0xFF, 0xFF, 0xFF, 0xFF, 0xFF, 0xFF,
  0xFF, 0xFF, 0xFF, 0xFF, 0xFF, 0xFF, 0xFF, 0xFF, 0xFF, 0xFF, 0xFF, 0xFF,
  0xFF, 0xFF, 0xFF, 0xFF, 0xFF, 0xFF, 0xFF, 0xFF, 0xFF, 0xFF, 0xFF, 0xFF,
  0xFF, 0xFF, 0xFF, 0xFF, 0xFF, 0xFF, 0xFF, 0xFF, 0xFF, 0xFF, 0xFF, 0xFF,
  0xFF, 0xFF, 0xFF, 0xFF, 0xFF, 0xFF, 0xFF, 0xFF, 0xFF, 0xFF, 0xFF, 0xFF,
  0xFF, 0xFF, 0xFF, 0xFF, 0xDF, 0xFF, 0xFC, 0xFF, 0xFF, 0xE3, 0xFF, 0xFE,
  0x0F, 0xFF, 0xE0, 0x3F, 0xFE, 0x00, 0xFF, 0xE0, 0x01, 0xFC, 0x00, 0x01,
  0xFC, 0x00, 0x00, 0x03, 0xFF, 0xC0, 0x00, 0x00, 0x00, 0x1F, 0xFF, 0x00,
  0x00, 0x00, 0xFF, 0xE0, 0x00, 0x07, 0xFF, 0xFF, 0x00, 0x00, 0x00, 0x3F,
  0xFF, 0xFE, 0x00, 0x00, 0x3F, 0xFE, 0x00, 0x07, 0xFF, 0xFF, 0xFC, 0x00,
  0x00, 0x3F, 0xFF, 0xFF, 0xF0, 0x00, 0x0F, 0xFF, 0xF0, 0x01, 0xFF, 0xFF,
  0xFF, 0xE0, 0x00, 0x1F, 0xFF, 0xFF, 0xFF, 0x80, 0x03, 0xFF, 0xFE, 0x00,
  0xFF, 0xFF, 0xFF, 0xFE, 0x00, 0x0F, 0xFF, 0xFF, 0xFF, 0xF8, 0x00, 0xFF,
  0xFF, 0xE0, 0x3F, 0xFF, 0xFF, 0xFF, 0xE0, 0x03, 0xFF, 0xFF, 0xFF, 0xFF,
  0xC0, 0x1F, 0xFF, 0xFC, 0x0F, 0xFF, 0xFF, 0xFF, 0xFE, 0x01, 0xFF, 0xFF,
  0xFF, 0xFF, 0xFC, 0x07, 0xFF, 0xFF, 0xC7, 0xFF, 0xFF, 0xFF, 0xFF, 0xE0,
  0x7F, 0xFF, 0xFF, 0xFF, 0xFF, 0xC0, 0xFF, 0xFF, 0xF9, 0xFF, 0xFF, 0xFF,
  0xFF, 0xFE, 0x1F, 0xFF, 0xFF, 0xFF, 0xFF, 0xFC, 0x1F, 0xFF, 0xFF, 0x7F,
  0xFF, 0xFF, 0xFF, 0xFF, 0xE7, 0xFF, 0xFF, 0xFF, 0xFF, 0xFF, 0x83, 0xFF,
  0xFF, 0xFF, 0xFF, 0xFF, 0xFF, 0xFF, 0xFD, 0xFF, 0xFF, 0xFF, 0xFF, 0xFF,
  0xF8, 0x7F, 0xFF, 0xFF, 0xFF, 0xFF, 0xFF, 0xFF, 0xFF, 0xFF, 0xFF, 0xFF,
  0xFF, 0xFF, 0xFF, 0x8F, 0xFF, 0xFF, 0xFF, 0xFF, 0xFF, 0xFF, 0xFF, 0xFF,
  0xFF, 0xFF, 0xFF, 0xFF, 0xFF, 0xF1, 0xFF, 0xFF, 0xFF, 0xFF, 0xFF, 0xFF,
  0xFF, 0xFF, 0xFF, 0xFF, 0xFF, 0xFF, 0xFF, 0xFE, 0x3F, 0xFF, 0xFF, 0xFF,
  0xFF, 0xFF, 0xFF, 0xFF, 0xFF, 0xFF, 0xFF, 0xFF, 0xFF, 0xFF, 0xE7, 0xFF,
  0xFF, 0xFF, 0xFF, 0xFF, 0xFF, 0xFF, 0xFF, 0xFF, 0xFF, 0xFF, 0xFF, 0xFF,
  0xFC, 0xFF, 0xFF, 0xFF, 0xFF, 0xFF, 0xFF, 0xFF, 0xFF, 0xFF, 0xFF, 0xFF,
  0xFF, 0xFF, 0xFF, 0xDF, 0xFF, 0xFF, 0xFF, 0xFF, 0xFF, 0xFF, 0xFF, 0xFF,
  0xFF, 0xFF, 0xFF, 0xFF, 0xFF, 0xFB, 0xFF, 0xFF, 0xFF, 0xF0, 0x0F, 0xFF,
  0xFF, 0xFF, 0xFF, 0xE0, 0x1F, 0xFF, 0xFF, 0xFF, 0x7F, 0xFF, 0xFF, 0xF8,
  0x00, 0x3F, 0xFF, 0xFF, 0xFF, 0xF0, 0x00, 0x7F, 0xFF, 0xFF, 0xEF, 0xFF,
  0xFF, 0xFC, 0x00, 0x03, 0xFF, 0xFF, 0xFF, 0xF8, 0x00, 0x07, 0xFF, 0xFF,
  0xFD, 0xFF, 0xFF, 0xFF, 0x00, 0x00, 0x3F, 0xFF, 0xFF, 0xFE, 0x00, 0x00,
  0x7F, 0xFF, 0xFF, 0xFF, 0xFF, 0xFF, 0xC0, 0x00, 0x03, 0xFF, 0xFF, 0xFF,
  0x80, 0x00, 0x07, 0xFF, 0xFF, 0xFF, 0xFF, 0xFF, 0xF0, 0x00, 0x00, 0x3F,
  0xFF, 0xFF, 0xE0, 0x00, 0x00, 0x7F, 0xFF, 0xFF, 0xFF, 0xFF, 0xFE, 0x00,
  0x00, 0x07, 0xFF, 0xFF, 0xFC, 0x00, 0x00, 0x0F, 0xFF, 0xFF, 0xFF, 0xFF,
  0xFF, 0x80, 0x00, 0x00, 0x7F, 0xFF, 0xFF, 0x00, 0x00, 0x00, 0xFF, 0xFF,
  0xFF, 0xFF, 0xFF, 0xF0, 0x00, 0x00, 0x0F, 0xFF, 0xFF, 0xE0, 0x00, 0x00,
  0x1F, 0xFF, 0xFF, 0xFF, 0xFF, 0xFE, 0x00, 0x00, 0x01, 0xFF, 0xFF, 0xFC,
  0x00, 0x00, 0x03, 0xFF, 0xFF, 0xFF, 0xFF, 0xFF, 0x80, 0x00, 0x00, 0x1F,
  0xFF, 0xFF, 0x00, 0x00, 0x00, 0x3F, 0xFF, 0xFF, 0xFF, 0xFF, 0xF0, 0x00,
  0x00, 0x03, 0xFF, 0xFF, 0xE0, 0x00, 0x00, 0x07, 0xFF, 0xFF, 0xFF, 0xFF,
  0xFE, 0x00, 0x00, 0x00, 0x7F, 0xFF, 0xFC, 0x00, 0x00, 0x00, 0xFF, 0xFF,
  0xFF, 0xFF, 0xFF, 0xC0, 0x00, 0x00, 0x0F, 0xFF, 0xFF, 0x80, 0x00, 0x00,
  0x1F, 0xFF, 0xFF, 0xFF, 0xFF, 0xF8, 0x00, 0x00, 0x01, 0xFF, 0xFF, 0xF0,
  0x00, 0x00, 0x03, 0xFF, 0xFF, 0xFF, 0xFF, 0xFF, 0x00, 0x00, 0x00, 0x3F,
  0xFF, 0xFE, 0x00, 0x00, 0x00, 0x7F, 0xFF, 0xFF, 0xFF, 0xFF, 0xE0, 0x00,
  0x00, 0x07, 0xFF, 0xFF, 0xC0, 0x00, 0x00, 0x0F, 0xFF, 0xFF, 0xFF, 0xFF,
  0xFC, 0x00, 0x00, 0x00, 0xFF, 0xFF, 0xF8, 0x00, 0x00, 0x01, 0xFF, 0xFF,
  0xFF, 0xFF, 0xFF, 0x80, 0x00, 0x00, 0x1F, 0xFF, 0xFF, 0x00, 0x00, 0x00,
  0x3F, 0xFF, 0xFF, 0xFF, 0xFF, 0xF0, 0x00, 0x00, 0x03, 0xFF, 0xFF, 0xE0,
  0x00, 0x00, 0x07, 0xFF, 0xFF, 0xFF, 0xFF, 0xFE, 0x00, 0x00, 0x00, 0x7F,
  0xFF, 0xFC, 0x00, 0x00, 0x00, 0xFF, 0xFF, 0xFF, 0xFF, 0xFF, 0xC0, 0x00,
  0x00, 0x0F, 0xFF, 0xFF, 0x80, 0x00, 0x00, 0x1F, 0xFF, 0xFF, 0xFF, 0xFF,
  0xF8, 0x00, 0x00, 0x01, 0xFF, 0xFF, 0xF0, 0x00, 0x00, 0x03, 0xFF, 0xFF,
  0xFF, 0xFF, 0xFF, 0x00, 0x00, 0x00, 0x3F, 0xFF, 0xFE, 0x00, 0x00, 0x00,
  0x7F, 0xFF, 0xFF, 0xFF, 0xFF, 0xE0, 0x00, 0x00, 0x07, 0xFF, 0xFF, 0xC0,
  0x00, 0x00, 0x0F, 0xFF, 0xFF, 0xFF, 0xFF, 0xFC, 0x00, 0x00, 0x00, 0xFF,
  0xFF, 0xF8, 0x00, 0x00, 0x01, 0xFF, 0xFF, 0xFF, 0xFF, 0xFF, 0x80, 0x00,
  0x00, 0x1F, 0xFF, 0xFF, 0x00, 0x00, 0x00, 0x3F, 0xFF, 0xFF, 0xFF, 0xFF,
  0xF0, 0x00, 0x00, 0x03, 0xFF, 0xFF, 0xE0, 0x00, 0x00, 0x07, 0xFF, 0xFF,
  0xFF, 0xFF, 0xFE, 0x00, 0x00, 0x00, 0x7F, 0xFF, 0xFC, 0x00, 0x00, 0x00,
  0xFF, 0xFF, 0xFF, 0xFF, 0xFF, 0xC0, 0x00, 0x00, 0x0F, 0xFF, 0xFF, 0x80,
  0x00, 0x00, 0x1F, 0xFF, 0xFF, 0xFF, 0xFF, 0xF8, 0x00, 0x00, 0x01, 0xFF,
  0xFF, 0xF0, 0x00, 0x00, 0x03, 0xFF, 0xFF, 0xFF, 0xFF, 0xFF, 0x00, 0x00,
  0x00, 0x3F, 0xFF, 0xFE, 0x00, 0x00, 0x00, 0x7F, 0xFF, 0xFF, 0xFF, 0xFF,
  0xE0, 0x00, 0x00, 0x07, 0xFF, 0xFF, 0xC0, 0x00, 0x00, 0x0F, 0xFF, 0xFF,
  0xFF, 0xFF, 0xFC, 0x00, 0x00, 0x00, 0xFF, 0xFF, 0xF8, 0x00, 0x00, 0x01,
  0xFF, 0xFF, 0xFF, 0xFF, 0xFF, 0x80, 0x00, 0x00, 0x1F, 0xFF, 0xFF, 0x00,
  0x00, 0x00, 0x3F, 0xFF, 0xFF, 0xFF, 0xFF, 0xF0, 0x00, 0x00, 0x03, 0xFF,
  0xFF, 0xE0, 0x00, 0x00, 0x07, 0xFF, 0xFF, 0xFF, 0xFF, 0xFE, 0x00, 0x00,
  0x00, 0x7F, 0xFF, 0xFC, 0x00, 0x00, 0x00, 0xFF, 0xFF, 0xFF, 0xFF, 0xFF,
  0xC0, 0x00, 0x00, 0x0F, 0xFF, 0xFF, 0x80, 0x00, 0x00, 0x1F, 0xFF, 0xFF,
  0xFF, 0xFF, 0xF8, 0x00, 0x00, 0x01, 0xFF, 0xFF, 0xF0, 0x00, 0x00, 0x03,
  0xFF, 0xFF, 0xFF, 0xFF, 0xFF, 0x00, 0x00, 0x00, 0x3F, 0xFF, 0xFE, 0x00,
  0x00, 0x00, 0x7F, 0xFF, 0xFF, 0xFF, 0xFF, 0xE0, 0x00, 0x00, 0x07, 0xFF,
  0xFF, 0xC0, 0x00, 0x00, 0x0F, 0xFF, 0xFF, 0xFF, 0xFF, 0xFC, 0x00, 0x00,
  0x00, 0xFF, 0xFF, 0xF8, 0x00, 0x00, 0x01, 0xFF, 0xFF, 0xFF, 0xFF, 0xFF,
  0x80, 0x00, 0x00, 0x1F, 0xFF, 0xFF, 0x00, 0x00, 0x00, 0x3F, 0xFF, 0xFF,
  0xFF, 0xFF, 0xF0, 0x00, 0x00, 0x03, 0xFF, 0xFF, 0xE0, 0x00, 0x00, 0x07,
  0xFF, 0xFF, 0xFF, 0xFF, 0xFE, 0x00, 0x00, 0x00, 0x7F, 0xFF, 0xFC, 0x00,
  0x00, 0x00, 0xFF, 0xFF, 0xFF, 0xFF, 0xFF, 0xC0, 0x00, 0x00, 0x0F, 0xFF,
  0xFF, 0x80, 0x00, 0x00, 0x1F, 0xFF, 0xFF, 0xFF, 0xFF, 0xF8, 0x00, 0x00,
  0x01, 0xFF, 0xFF, 0xF0, 0x00, 0x00, 0x03, 0xFF, 0xFF, 0xFF, 0xFF, 0xFF,
  0x00, 0x00, 0x00, 0x3F, 0xFF, 0xFE, 0x00, 0x00, 0x00, 0x7F, 0xFF, 0xFF,
  0xFF, 0xFF, 0xE0, 0x00, 0x00, 0x07, 0xFF, 0xFF, 0xC0, 0x00, 0x00, 0x0F,
  0xFF, 0xFF, 0xFF, 0xFF, 0xFC, 0x00, 0x00, 0x00, 0xFF, 0xFF, 0xF8, 0x00,
  0x00, 0x01, 0xFF, 0xFF, 0xFF, 0xFF, 0xFF, 0x80, 0x00, 0x00, 0x1F, 0xFF,
  0xFF, 0x00, 0x00, 0x00, 0x3F, 0xFF, 0xFF, 0xFF, 0xFF, 0xF0, 0x00, 0x00,
  0x03, 0xFF, 0xFF, 0xE0, 0x00, 0x00, 0x07, 0xFF, 0xFF, 0xDF, 0xFF, 0xFC,
  0x00, 0x00, 0x00, 0x3F, 0xFF, 0xF8, 0x00, 0x00, 0x00, 0x7F, 0xFF, 0xF3,
  0xFF, 0xFF, 0x80, 0x00, 0x00, 0x07, 0xFF, 0xFF, 0x00, 0x00, 0x00, 0x0F,
  0xFF, 0xFE, 0x3F, 0xFF, 0xE0, 0x00, 0x00, 0x00, 0x7F, 0xFF, 0xC0, 0x00,
  0x00, 0x00, 0xFF, 0xFF, 0x83, 0xFF, 0xF8, 0x00, 0x00, 0x00, 0x07, 0xFF,
  0xF0, 0x00, 0x00, 0x00, 0x0F, 0xFF, 0xE0, 0x3F, 0xFE, 0x00, 0x00, 0x00,
  0x00, 0x7F, 0xFC, 0x00, 0x00, 0x00, 0x00, 0xFF, 0xF8, 0x03, 0xFF, 0x80,
  0x00, 0x00, 0x00, 0x07, 0xFF, 0x00, 0x00, 0x00, 0x00, 0x0F, 0xFE, 0x00,
  0x1F, 0xC0, 0x00, 0x00, 0x00, 0x00, 0x3F, 0x80, 0x00, 0x00, 0x00, 0x00,
  0x7F, 0x00, 0x01, 0xFC, 0x00, 0x00, 0x07, 0xFF, 0x80, 0x00, 0x00, 0x3F,
  0xF8, 0x00, 0x01, 0xFF, 0xFF, 0xC0, 0x00, 0x03, 0xFF, 0xE0, 0x00, 0x7F,
  0xFF, 0xFF, 0xC0, 0x00, 0x3F, 0xFF, 0xC0, 0x07, 0xFF, 0xFF, 0xFF, 0x80,
  0x03, 0xFF, 0xFE, 0x00, 0xFF, 0xFF, 0xFF, 0xFE, 0x00, 0x3F, 0xFF, 0xF8,
  0x0F, 0xFF, 0xFF, 0xFF, 0xF8, 0x01, 0xFF, 0xFF, 0xC0, 0xFF, 0xFF, 0xFF,
  0xFF, 0xE0, 0x1F, 0xFF, 0xFF, 0x1F, 0xFF, 0xFF, 0xFF, 0xFF, 0x80, 0xFF,
  0xFF, 0xF9, 0xFF, 0xFF, 0xFF, 0xFF, 0xFE, 0x07, 0xFF, 0xFF, 0xDF, 0xFF,
  0xFF, 0xFF, 0xFF, 0xF8, 0x3F, 0xFF, 0xFF, 0xFF, 0xFF, 0xFF, 0xFF, 0xFF,
  0xE1, 0xFF, 0xFF, 0xFF, 0xFF, 0xFF, 0xFF, 0xFF, 0xFF, 0x0F, 0xFF, 0xFF,
  0xFF, 0xFF, 0xFF, 0xFF, 0xFF, 0xFC, 0x7F, 0xFF, 0xFF, 0xFF, 0xFF, 0xFF,
  0xFF, 0xFF, 0xE3, 0xFF, 0xFF, 0xFF, 0xFF, 0xFF, 0xFF, 0xFF, 0xFF, 0x9F,
  0xFF, 0xFF, 0xFF, 0xFF, 0xFF, 0xFF, 0xFF, 0xFC, 0xFF, 0xFF, 0xFF, 0xFF,
  0xFF, 0xFF, 0xFF, 0xFF, 0xE7, 0xFF, 0xFF, 0xFF, 0xFF, 0xFF, 0xFF, 0xFF,
  0xFF, 0xBF, 0xFF, 0xFF, 0xFF, 0x00, 0x7F, 0xFF, 0xFF, 0xFD, 0xFF, 0xFF,
  0xFF, 0xE0, 0x00, 0xFF, 0xFF, 0xFF, 0xEF, 0xFF, 0xFF, 0xFC, 0x00, 0x01,
  0xFF, 0xFF, 0xFF, 0x7F, 0xFF, 0xFF, 0xC0, 0x00, 0x07, 0xFF, 0xFF, 0xFF,
  0xFF, 0xFF, 0xFC, 0x00, 0x00, 0x1F, 0xFF, 0xFF, 0xFF, 0xFF, 0xFF, 0xC0,
  0x00, 0x00, 0x7F, 0xFF, 0xFF, 0xFF, 0xFF, 0xFE, 0x00, 0x00, 0x03, 0xFF,
  0xFF, 0xFF, 0xFF, 0xFF, 0xE0, 0x00, 0x00, 0x0F, 0xFF, 0xFF, 0xFF, 0xFF,
  0xFF, 0x00, 0x00, 0x00, 0x7F, 0xFF, 0xFF, 0xFF, 0xFF, 0xF8, 0x00, 0x00,
  0x03, 0xFF, 0xFF, 0xFF, 0xFF, 0xFF, 0x80, 0x00, 0x00, 0x0F, 0xFF, 0xFF,
  0xFF, 0xFF, 0xFC, 0x00, 0x00, 0x00, 0x7F, 0xFF, 0xFF, 0xFF, 0xFF, 0xE0,
  0x00, 0x00, 0x03, 0xFF, 0xFF, 0xFF, 0xFF, 0xFF, 0x00, 0x00, 0x00, 0x1F,
  0xFF, 0xFF, 0xFF, 0xFF, 0xF8, 0x00, 0x00, 0x00, 0xFF, 0xFF, 0xFF, 0xFF,
  0xFF, 0xC0, 0x00, 0x00, 0x07, 0xFF, 0xFF, 0xFF, 0xFF, 0xFE, 0x00, 0x00,
  0x00, 0x3F, 0xFF, 0xFF, 0xFF, 0xFF, 0xF0, 0x00, 0x00, 0x01, 0xFF, 0xFF,
  0xFF, 0xFF, 0xFF, 0x80, 0x00, 0x00, 0x0F, 0xFF, 0xFF, 0xFF, 0xFF, 0xFC,
  0x00, 0x00, 0x00, 0x7F, 0xFF, 0xFF, 0xFF, 0xFF, 0xE0, 0x00, 0x00, 0x03,
  0xFF, 0xFF, 0xFF, 0xFF, 0xFF, 0x00, 0x00, 0x00, 0x1F, 0xFF, 0xFF, 0xFF,
  0xFF, 0xF8, 0x00, 0x00, 0x00, 0xFF, 0xFF, 0xFF, 0xFF, 0xFF, 0xC0, 0x00,
  0x00, 0x07, 0xFF, 0xFF, 0xFF, 0xFF, 0xFE, 0x00, 0x00, 0x00, 0x3F, 0xFF,
  0xFF, 0xFF, 0xFF, 0xF0, 0x00, 0x00, 0x01, 0xFF, 0xFF, 0xFF, 0xFF, 0xFF,
  0x80, 0x00, 0x00, 0x0F, 0xFF, 0xFF, 0xFF, 0xFF, 0xFC, 0x00, 0x00, 0x00,
  0x7F, 0xFF, 0xFF, 0xFF, 0xFF, 0xE0, 0x00, 0x00, 0x03, 0xFF, 0xFF, 0xFF,
  0xFF, 0xFF, 0x00, 0x00, 0x00, 0x1F, 0xFF, 0xFF, 0xFF, 0xFF, 0xF8, 0x00,
  0x00, 0x00, 0xFF, 0xFF, 0xFF, 0xFF, 0xFF, 0xC0, 0x00, 0x00, 0x07, 0xFF,
  0xFF, 0xFF, 0xFF, 0xFE, 0x00, 0x00, 0x00, 0x3F, 0xFF, 0xFF, 0xFF, 0xFF,
  0xF0, 0x00, 0x00, 0x01, 0xFF, 0xFF, 0xFF, 0xFF, 0xFF, 0x80, 0x00, 0x00,
  0x0F, 0xFF, 0xFF, 0xFF, 0xFF, 0xFC, 0x00, 0x00, 0x00, 0x7F, 0xFF, 0xFF,
  0xFF, 0xFF, 0xE0, 0x00, 0x00, 0x03, 0xFF, 0xFF, 0xFF, 0xFF, 0xFF, 0x00,
  0x00, 0x00, 0x1F, 0xFF, 0xFF, 0xFF, 0xFF, 0xF8, 0x00, 0x00, 0x00, 0xFF,
  0xFF, 0xFF, 0xFF, 0xFF, 0xC0, 0x00, 0x00, 0x07, 0xFF, 0xFF, 0xFF, 0xFF,
  0xFE, 0x00, 0x00, 0x00, 0x3F, 0xFF, 0xFF, 0xFF, 0xFF, 0xF0, 0x00, 0x00,
  0x01, 0xFF, 0xFF, 0xFF, 0xFF, 0xFF, 0x80, 0x00, 0x00, 0x0F, 0xFF, 0xFF,
  0xFF, 0xFF, 0xFC, 0x00, 0x00, 0x00, 0x7F, 0xFF, 0xFF, 0xFF, 0xFF, 0xE0,
  0x00, 0x00, 0x03, 0xFF, 0xFF, 0xFF, 0xFF, 0xFF, 0x00, 0x00, 0x00, 0x1F,
  0xFF, 0xFF, 0xFF, 0xFF, 0xF8, 0x00, 0x00, 0x00, 0xFF, 0xFF, 0xFF, 0xFF,
  0xFF, 0xC0, 0x00, 0x00, 0x07, 0xFF, 0xFF, 0xFF, 0xFF, 0xFE, 0x00, 0x00,
  0x00, 0x3F, 0xFF, 0xFF, 0xFF, 0xFF, 0xF0, 0x00, 0x00, 0x01, 0xFF, 0xFF,
  0xFF, 0xFF, 0xFF, 0x80, 0x00, 0x00, 0x0F, 0xFF, 0xFF, 0xFF, 0xFF, 0xFC,
  0x00, 0x00, 0x00, 0x7F, 0xFF, 0xFD, 0xFF, 0xFF, 0xC0, 0x00, 0x00, 0x01,
  0xFF, 0xFF, 0xCF, 0xFF, 0xFE, 0x00, 0x00, 0x00, 0x0F, 0xFF, 0xFE, 0x3F,
  0xFF, 0xE0, 0x00, 0x00, 0x00, 0x3F, 0xFF, 0xE0, 0xFF, 0xFE, 0x00, 0x00,
  0x00, 0x00, 0xFF, 0xFE, 0x03, 0xFF, 0xE0, 0x00, 0x00, 0x00, 0x03, 0xFF,
  0xE0, 0x0F, 0xFE, 0x00, 0x00, 0x00, 0x00, 0x0F, 0xFE, 0x00, 0x1F, 0xC0,
  0x00, 0x00, 0x00, 0x00, 0x1F, 0xC0, 0x00, 0x00, 0x00, 0x00, 0x00, 0x3F,
  0xFF, 0x00, 0x00, 0x00, 0x00, 0x00, 0x00, 0x00, 0x00, 0xFF, 0xFF, 0xFE,
  0x00, 0x00, 0x00, 0x00, 0x00, 0x00, 0x03, 0xFF, 0xFF, 0xFF, 0xF0, 0x00,
  0x00, 0x00, 0x00, 0x00, 0x03, 0xFF, 0xFF, 0xFF, 0xFF, 0x80, 0x00, 0x00,
  0x00, 0x00, 0x03, 0xFF, 0xFF, 0xFF, 0xFF, 0xF8, 0x00, 0x00, 0x00, 0x00,
  0x03, 0xFF, 0xFF, 0xFF, 0xFF, 0xFF, 0x80, 0x00, 0x00, 0x00, 0x03, 0xFF,
  0xFF, 0xFF, 0xFF, 0xFF, 0xF0, 0x00, 0x00, 0x00, 0x01, 0xFF, 0xFF, 0xFF,
  0xFF, 0xFF, 0xFF, 0x00, 0x00, 0x00, 0x01, 0xFF, 0xFF, 0xFF, 0xFF, 0xFF,
  0xFF, 0xE0, 0x00, 0x00, 0x00, 0xFF, 0xFF, 0xFF, 0xFF, 0xFF, 0xFF, 0xFC,
  0x00, 0x00, 0x00, 0x7F, 0xFF, 0xFF, 0xFF, 0xFF, 0xFF, 0xFF, 0x80, 0x00,
  0x00, 0x3F, 0xFF, 0xFF, 0xFF, 0xFF, 0xFF, 0xFF, 0xF8, 0x00, 0x00, 0x1F,
  0xFF, 0xFF, 0xFF, 0xFF, 0xFF, 0xFF, 0xFF, 0x00, 0x00, 0x0F, 0xFF, 0xFF,
  0xFF, 0xFF, 0xFF, 0xFF, 0xFF, 0xC0, 0x00, 0x07, 0xFF, 0xFF, 0xFF, 0xFF,
  0xFF, 0xFF, 0xFF, 0xF8, 0x00, 0x03, 0xFF, 0xFF, 0xFF, 0xFF, 0xFF, 0xFF,
  0xFF, 0xFF, 0x00, 0x01, 0xFF, 0xFF, 0xFF, 0xFF, 0xFF, 0xFF, 0xFF, 0xFF,
  0xE0, 0x00, 0x7F, 0xFF, 0xFF, 0xFF, 0xFF, 0xFF, 0xFF, 0xFF, 0xFC, 0x00,
  0x3F, 0xFF, 0xFF, 0xFF, 0x00, 0x7F, 0xFF, 0xFF, 0xFF, 0x00, 0x1F, 0xFF,
  0xFF, 0xFE, 0x00, 0x01, 0xFF, 0xFF, 0xFF, 0xE0, 0x07, 0xFF, 0xFF, 0xFE,
  0x00, 0x00, 0x1F, 0xFF, 0xFF, 0xF8, 0x03, 0xFF, 0xFF, 0xFE, 0x00, 0x00,
  0x03, 0xFF, 0xFF, 0xFF, 0x00, 0xFF, 0xFF, 0xFF, 0x00, 0x00, 0x00, 0x7F,
  0xFF, 0xFF, 0xC0, 0x7F, 0xFF, 0xFF, 0x80, 0x00, 0x00, 0x0F, 0xFF, 0xFF,
  0xF8, 0x1F, 0xFF, 0xFF, 0xC0, 0x00, 0x00, 0x01, 0xFF, 0xFF, 0xFE, 0x07,
  0xFF, 0xFF, 0xE0, 0x00, 0x00, 0x00, 0x3F, 0xFF, 0xFF, 0xC3, 0xFF, 0xFF,
  0xF8, 0x00, 0x00, 0x00, 0x07, 0xFF, 0xFF, 0xF0, 0xFF, 0xFF, 0xFC, 0x00,
  0x00, 0x00, 0x00, 0xFF, 0xFF, 0xFC, 0x3F, 0xFF, 0xFE, 0x00, 0x00, 0x00,
  0x00, 0x3F, 0xFF, 0xFF, 0x9F, 0xFF, 0xFF, 0x80, 0x00, 0x00, 0x00, 0x07,
  0xFF, 0xFF, 0xE7, 0xFF, 0xFF, 0xC0, 0x00, 0x00, 0x00, 0x01, 0xFF, 0xFF,
  0xF9, 0xFF, 0xFF, 0xF0, 0x00, 0x00, 0x00, 0x00, 0x3F, 0xFF, 0xFE, 0x7F,
  0xFF, 0xFC, 0x00, 0x00, 0x00, 0x00, 0x0F, 0xFF, 0xFF, 0xBF, 0xFF, 0xFF,
  0x00, 0x00, 0x00, 0x00, 0x03, 0xFF, 0xFF, 0xFF, 0xFF, 0xFF, 0x80, 0x00,
  0x00, 0x00, 0x00, 0xFF, 0xFF, 0xFF, 0xFF, 0xFF, 0xE0, 0x00, 0x00, 0x00,
  0x00, 0x1F, 0xFF, 0xFF, 0xFF, 0xFF, 0xF8, 0x00, 0x00, 0x00, 0x00, 0x07,
  0xFF, 0xFF, 0xFF, 0xFF, 0xFE, 0x00, 0x00, 0x00, 0x00, 0x01, 0xFF, 0xFF,
  0xFF, 0xFF, 0xFF, 0x80, 0x00, 0x00, 0x00, 0x00, 0x7F, 0xFF, 0xFF, 0xFF,
  0xFF, 0xE0, 0x00, 0x00, 0x00, 0x00, 0x1F, 0xFF, 0xFF, 0xFF, 0xFF, 0xF8,
  0x00, 0x00, 0x00, 0x00, 0x07, 0xFF, 0xFF, 0xFF, 0xFF, 0xFE, 0x00, 0x00,
  0x00, 0x00, 0x01, 0xFF, 0xFF, 0xFF, 0xFF, 0xFF, 0x80, 0x00, 0x00, 0x00,
  0x00, 0x7F, 0xFF, 0xFF, 0xFF, 0xFF, 0xE0, 0x00, 0x00, 0x00, 0x00, 0x1F,
  0xFF, 0xFF, 0xFF, 0xFF, 0xF8, 0x00, 0x00, 0x00, 0x00, 0x07, 0xFF, 0xFF,
  0xFF, 0xFF, 0xFF, 0x00, 0x00, 0x00, 0x00, 0x03, 0xFF, 0xFF, 0xF7, 0xFF,
  0xFF, 0xC0, 0x00, 0x00, 0x00, 0x00, 0xFF, 0xFF, 0xF9, 0xFF, 0xFF, 0xF0,
  0x00, 0x00, 0x00, 0x00, 0x3F, 0xFF, 0xFE, 0x7F, 0xFF, 0xFE, 0x00, 0x00,
  0x00, 0x00, 0x1F, 0xFF, 0xFF, 0x9F, 0xFF, 0xFF, 0x80, 0x00, 0x00, 0x00,
  0x07, 0xFF, 0xFF, 0xE7, 0xFF, 0xFF, 0xF0, 0x00, 0x00, 0x00, 0x01, 0xFF,
  0xFF, 0xF8, 0xFF, 0xFF, 0xFC, 0x00, 0x00, 0x00, 0x00, 0xFF, 0xFF, 0xFC,
  0x3F, 0xFF, 0xFF, 0x80, 0x00, 0x00, 0x00, 0x7F, 0xFF, 0xFF, 0x0F, 0xFF,
  0xFF, 0xF0, 0x00, 0x00, 0x00, 0x1F, 0xFF, 0xFF, 0x81, 0xFF, 0xFF, 0xFE,
  0x00, 0x00, 0x00, 0x0F, 0xFF, 0xFF, 0xE0, 0x7F, 0xFF, 0xFF, 0x80, 0x00,
  0x00, 0x07, 0xFF, 0xFF, 0xF8, 0x0F, 0xFF, 0xFF, 0xF8, 0x00, 0x00, 0x03,
  0xFF, 0xFF, 0xFC, 0x03, 0xFF, 0xFF, 0xFF, 0x00, 0x00, 0x01, 0xFF, 0xFF,
  0xFF, 0x00, 0x7F, 0xFF, 0xFF, 0xE0, 0x00, 0x01, 0xFF, 0xFF, 0xFF, 0x80,
  0x1F, 0xFF, 0xFF, 0xFE, 0x00, 0x01, 0xFF, 0xFF, 0xFF, 0xE0, 0x03, 0xFF,
  0xFF, 0xFF, 0xF8, 0x03, 0xFF, 0xFF, 0xFF, 0xF0, 0x00, 0xFF, 0xFF, 0xFF,
  0xFF, 0xFF, 0xFF, 0xFF, 0xFF, 0xF8, 0x00, 0x1F, 0xFF, 0xFF, 0xFF, 0xFF,
  0xFF, 0xFF, 0xFF, 0xFE, 0x00, 0x03, 0xFF, 0xFF, 0xFF, 0xFF, 0xFF, 0xFF,
  0xFF, 0xFF, 0x00, 0x00, 0x7F, 0xFF, 0xFF, 0xFF, 0xFF, 0xFF, 0xFF, 0xFF,
  0x80, 0x00, 0x0F, 0xFF, 0xFF, 0xFF, 0xFF, 0xFF, 0xFF, 0xFF, 0xC0, 0x00,
  0x03, 0xFF, 0xFF, 0xFF, 0xFF, 0xFF, 0xFF, 0xFF, 0xE0, 0x00, 0x00, 0x7F,
  0xFF, 0xFF, 0xFF, 0xFF, 0xFF, 0xFF, 0xF0, 0x00, 0x00, 0x07, 0xFF, 0xFF,
  0xFF, 0xFF, 0xFF, 0xFF, 0xF8, 0x00, 0x00, 0x00, 0xFF, 0xFF, 0xFF, 0xFF,
  0xFF, 0xFF, 0xFC, 0x00, 0x00, 0x00, 0x1F, 0xFF, 0xFF, 0xFF, 0xFF, 0xFF,
  0xFE, 0x00, 0x00, 0x00, 0x03, 0xFF, 0xFF, 0xFF, 0xFF, 0xFF, 0xFE, 0x00,
  0x00, 0x00, 0x00, 0x3F, 0xFF, 0xFF, 0xFF, 0xFF, 0xFF, 0x00, 0x00, 0x00,
  0x00, 0x07, 0xFF, 0xFF, 0xFF, 0xFF, 0xFF, 0x00, 0x00, 0x00, 0x00, 0x00,
  0x7F, 0xFF, 0xFF, 0xFF, 0xFF, 0x00, 0x00, 0x00, 0x00, 0x00, 0x07, 0xFF,
  0xFF, 0xFF, 0xFF, 0x00, 0x00, 0x00, 0x00, 0x00, 0x00, 0x3F, 0xFF, 0xFF,
  0xFF, 0x00, 0x00, 0x00, 0x00, 0x00, 0x00, 0x01, 0xFF, 0xFF, 0xFC, 0x00,
  0x00, 0x00, 0x00, 0x00, 0x00, 0x00, 0x03, 0xFF, 0xF0, 0x00, 0x00, 0x00,
  0x00, 0x00, 0x00, 0x00, 0x00, 0x01, 0xFF, 0xC0, 0x00, 0x00, 0x00, 0x03,
  0xF8, 0x00, 0x00, 0x3F, 0xFF, 0xF8, 0x00, 0x00, 0x00, 0x1F, 0xFC, 0x00,
  0x01, 0xFF, 0xFF, 0xFE, 0x00, 0x00, 0x00, 0x7F, 0xFC, 0x00, 0x0F, 0xFF,
  0xFF, 0xFF, 0x00, 0x00, 0x01, 0xFF, 0xFC, 0x00, 0x7F, 0xFF, 0xFF, 0xFF,
  0x80, 0x00, 0x07, 0xFF, 0xFC, 0x01, 0xFF, 0xFF, 0xFF, 0xFF, 0xC0, 0x00,
  0x1F, 0xFF, 0xFC, 0x0F, 0xFF, 0xFF, 0xFF, 0xFF, 0xC0, 0x00, 0x3F, 0xFF,
  0xF8, 0x3F, 0xFF, 0xFF, 0xFF, 0xFF, 0xE0, 0x00, 0xFF, 0xFF, 0xF8, 0xFF,
  0xFF, 0xFF, 0xFF, 0xFF, 0xE0, 0x01, 0xFF, 0xFF, 0xF3, 0xFF, 0xFF, 0xFF,
  0xFF, 0xFF, 0xE0, 0x03, 0xFF, 0xFF, 0xEF, 0xFF, 0xFF, 0xFF, 0xFF, 0xFF,
  0xE0, 0x07, 0xFF, 0xFF, 0xDF, 0xFF, 0xFF, 0xFF, 0xFF, 0xFF, 0xE0, 0x0F,
  0xFF, 0xFF, 0xFF, 0xFF, 0xFF, 0xFF, 0xFF, 0xFF, 0xE0, 0x1F, 0xFF, 0xFF,
  0xFF, 0xFF, 0xFF, 0xFF, 0xFF, 0xFF, 0xC0, 0x3F, 0xFF, 0xFF, 0xFF, 0xFF,
  0xFF, 0xFF, 0xFF, 0xFF, 0xC0, 0x7F, 0xFF, 0xFF, 0xFF, 0xFF, 0xFF, 0xFF,
  0xFF, 0xFF, 0xC0, 0xFF, 0xFF, 0xFF, 0xFF, 0xFF, 0xFF, 0xFF, 0xFF, 0xFF,
  0x81, 0xFF, 0xFF, 0xFF, 0xFF, 0xFF, 0xFF, 0xFF, 0xFF, 0xFF, 0x83, 0xFF,
  0xFF, 0xFF, 0xFF, 0x80, 0x3F, 0xFF, 0xFF, 0xFF, 0x07, 0xFF, 0xFF, 0xFF,
  0xF8, 0x00, 0x0F, 0xFF, 0xFF, 0xFF, 0x0F, 0xFF, 0xFF, 0xFF, 0xC0, 0x00,
  0x0F, 0xFF, 0xFF, 0xFE, 0x1F, 0xFF, 0xFF, 0xFF, 0x00, 0x00, 0x07, 0xFF,
  0xFF, 0xFE, 0x3F, 0xFF, 0xFF, 0xFC, 0x00, 0x00, 0x07, 0xFF, 0xFF, 0xFC,
  0x7F, 0xFF, 0xFF, 0xF0, 0x00, 0x00, 0x07, 0xFF, 0xFF, 0xF8, 0xFF, 0xFF,
  0xFF, 0xC0, 0x00, 0x00, 0x07, 0xFF, 0xFF, 0xF9, 0xFF, 0xFF, 0xFF, 0x00,
  0x00, 0x00, 0x07, 0xFF, 0xFF, 0xF3, 0xFF, 0xFF, 0xFC, 0x00, 0x00, 0x00,
  0x0F, 0xFF, 0xFF, 0xE7, 0xFF, 0xFF, 0xF0, 0x00, 0x00, 0x00, 0x0F, 0xFF,
  0xFF, 0xEF, 0xFF, 0xFF, 0xE0, 0x00, 0x00, 0x00, 0x0F, 0xFF, 0xFF, 0xDF,
  0xFF, 0xFF, 0x80, 0x00, 0x00, 0x00, 0x1F, 0xFF, 0xFF, 0xBF, 0xFF, 0xFF,
  0x00, 0x00, 0x00, 0x00, 0x3F, 0xFF, 0xFF, 0x7F, 0xFF, 0xFE, 0x00, 0x00,
  0x00, 0x00, 0x3F, 0xFF, 0xFE, 0xFF, 0xFF, 0xF8, 0x00, 0x00, 0x00, 0x00,
  0x7F, 0xFF, 0xFF, 0xFF, 0xFF, 0xF0, 0x00, 0x00, 0x00, 0x00, 0xFF, 0xFF,
  0xFF, 0xFF, 0xFF, 0xE0, 0x00, 0x00, 0x00, 0x00, 0xFF, 0xFF, 0xFF, 0xFF,
  0xFF, 0xC0, 0x00, 0x00, 0x00, 0x01, 0xFF, 0xFF, 0xFF, 0xFF, 0xFF, 0x80,
  0x00, 0x00, 0x00, 0x03, 0xFF, 0xFF, 0xFF, 0xFF, 0xFF, 0x00, 0x00, 0x00,
  0x00, 0x07, 0xFF, 0xFF, 0xFF, 0xFF, 0xFE, 0x00, 0x00, 0x00, 0x00, 0x0F,
  0xFF, 0xFF, 0xFF, 0xFF, 0xFC, 0x00, 0x00, 0x00, 0x00, 0x1F, 0xFF, 0xFF,
  0xFF, 0xFF, 0xF8, 0x00, 0x00, 0x00, 0x00, 0x3F, 0xFF, 0xFF, 0xFF, 0xFF,
  0xF0, 0x00, 0x00, 0x00, 0x00, 0x7F, 0xFF, 0xFF, 0xFF, 0xFF, 0xE0, 0x00,
  0x00, 0x00, 0x00, 0xFF, 0xFF, 0xFF, 0xFF, 0xFF, 0xC0, 0x00, 0x00, 0x00,
  0x01, 0xFF, 0xFF, 0xFF, 0xFF, 0xFF, 0x80, 0x00, 0x00, 0x00, 0x03, 0xFF,
  0xFF, 0xFF, 0xFF, 0xFF, 0x00, 0x00, 0x00, 0x00, 0x0F, 0xFF, 0xFF, 0xFF,
  0xFF, 0xFE, 0x00, 0x00, 0x00, 0x00, 0x1F, 0xFF, 0xFF, 0xFF, 0xFF, 0xFE,
  0x00, 0x00, 0x00, 0x00, 0x3F, 0xFF, 0xFE, 0xFF, 0xFF, 0xFC, 0x00, 0x00,
  0x00, 0x00, 0x7F, 0xFF, 0xFD, 0xFF, 0xFF, 0xFC, 0x00, 0x00, 0x00, 0x01,
  0xFF, 0xFF, 0xFB, 0xFF, 0xFF, 0xF8, 0x00, 0x00, 0x00, 0x03, 0xFF, 0xFF,
  0xF7, 0xFF, 0xFF, 0xF8, 0x00, 0x00, 0x00, 0x0F, 0xFF, 0xFF, 0xEF, 0xFF,
  0xFF, 0xF0, 0x00, 0x00, 0x00, 0x1F, 0xFF, 0xFF, 0x9F, 0xFF, 0xFF, 0xF0,
  0x00, 0x00, 0x00, 0x7F, 0xFF, 0xFF, 0x3F, 0xFF, 0xFF, 0xF0, 0x00, 0x00,
  0x01, 0xFF, 0xFF, 0xFE, 0x7F, 0xFF, 0xFF, 0xF0, 0x00, 0x00, 0x07, 0xFF,
  0xFF, 0xFC, 0xFF, 0xFF, 0xFF, 0xF0, 0x00, 0x00, 0x1F, 0xFF, 0xFF, 0xF1,
  0xFF, 0xFF, 0xFF, 0xF0, 0x00, 0x00, 0x7F, 0xFF, 0xFF, 0xE3, 0xFF, 0xFF,
  0xFF, 0xF0, 0x00, 0x03, 0xFF, 0xFF, 0xFF, 0x87, 0xFF, 0xFF, 0xFF, 0xF8,
  0x00, 0x0F, 0xFF, 0xFF, 0xFF, 0x0F, 0xFF, 0xFF, 0xFF, 0xFE, 0x00, 0xFF,
  0xFF, 0xFF, 0xFC, 0x1F, 0xFF, 0xFF, 0xFF, 0xFF, 0xFF, 0xFF, 0xFF, 0xFF,
  0xF8, 0x3F, 0xFF, 0xFF, 0xFF, 0xFF, 0xFF, 0xFF, 0xFF, 0xFF, 0xE0, 0x7F,
  0xFF, 0xFF, 0xFF, 0xFF, 0xFF, 0xFF, 0xFF, 0xFF, 0xC0, 0xFF, 0xFF, 0xFF,
  0xFF, 0xFF, 0xFF, 0xFF, 0xFF, 0xFF, 0x01, 0xFF, 0xFF, 0xFF, 0xFF, 0xFF,
  0xFF, 0xFF, 0xFF, 0xFC, 0x03, 0xFF, 0xFF, 0xFF, 0xFF, 0xFF, 0xFF, 0xFF,
  0xFF, 0xF8, 0x07, 0xFF, 0xFF, 0xFF, 0xFF, 0xFF, 0xFF, 0xFF, 0xFF, 0xE0,
  0x0F, 0xFF, 0xFF, 0xFF, 0xFF, 0xFF, 0xFF, 0xFF, 0xFF, 0x80, 0x1F, 0xFF,
  0xFF, 0x7F, 0xFF, 0xFF, 0xFF, 0xFF, 0xFE, 0x00, 0x3F, 0xFF, 0xFE, 0x7F,
  0xFF, 0xFF, 0xFF, 0xFF, 0xF8, 0x00, 0x7F, 0xFF, 0xFC, 0x7F, 0xFF, 0xFF,
  0xFF, 0xFF, 0xE0, 0x00, 0xFF, 0xFF, 0xF8, 0x3F, 0xFF, 0xFF, 0xFF, 0xFF,
  0x00, 0x01, 0xFF, 0xFF, 0xF0, 0x3F, 0xFF, 0xFF, 0xFF, 0xFC, 0x00, 0x03,
  0xFF, 0xFF, 0xE0, 0x3F, 0xFF, 0xFF, 0xFF, 0xE0, 0x00, 0x07, 0xFF, 0xFF,
  0xC0, 0x1F, 0xFF, 0xFF, 0xFF, 0x00, 0x00, 0x0F, 0xFF, 0xFF, 0x80, 0x0F,
  0xFF, 0xFF, 0xF8, 0x00, 0x00, 0x1F, 0xFF, 0xFF, 0x00, 0x03, 0xFF, 0xFF,
  0xC0, 0x00, 0x00, 0x3F, 0xFF, 0xFE, 0x00, 0x00, 0x7F, 0xF0, 0x00, 0x00,
  0x00, 0x7F, 0xFF, 0xFC, 0x00, 0x00, 0x00, 0x00, 0x00, 0x00, 0x00, 0xFF,
  0xFF, 0xF8, 0x00, 0x00, 0x00, 0x00, 0x00, 0x00, 0x01, 0xFF, 0xFF, 0xF0,
  0x00, 0x00, 0x00, 0x00, 0x00, 0x00, 0x03, 0xFF, 0xFF, 0xE0, 0x00, 0x00,
  0x00, 0x00, 0x00, 0x00, 0x07, 0xFF, 0xFF, 0xC0, 0x00, 0x00, 0x00, 0x00,
  0x00, 0x00, 0x0F, 0xFF, 0xFF, 0x80, 0x00, 0x00, 0x00, 0x00, 0x00, 0x00,
  0x1F, 0xFF, 0xFF, 0x00, 0x00, 0x00, 0x00, 0x00, 0x00, 0x00, 0x3F, 0xFF,
  0xFE, 0x00, 0x00, 0x00, 0x00, 0x00, 0x00, 0x00, 0x7F, 0xFF, 0xFC, 0x00,
  0x00, 0x00, 0x00, 0x00, 0x00, 0x00, 0xFF, 0xFF, 0xF8, 0x00, 0x00, 0x00,
  0x00, 0x00, 0x00, 0x01, 0xFF, 0xFF, 0xF0, 0x00, 0x00, 0x00, 0x00, 0x00,
  0x00, 0x03, 0xFF, 0xFF, 0xE0, 0x00, 0x00, 0x00, 0x00, 0x00, 0x00, 0x07,
  0xFF, 0xFF, 0xC0, 0x00, 0x00, 0x00, 0x00, 0x00, 0x00, 0x0F, 0xFF, 0xFF,
  0x80, 0x00, 0x00, 0x00, 0x00, 0x00, 0x00, 0x1F, 0xFF, 0xFF, 0x00, 0x00,
  0x00, 0x00, 0x00, 0x00, 0x00, 0x1F, 0xFF, 0xFC, 0x00, 0x00, 0x00, 0x00,
  0x00, 0x00, 0x00, 0x3F, 0xFF, 0xF8, 0x00, 0x00, 0x00, 0x00, 0x00, 0x00,
  0x00, 0x3F, 0xFF, 0xE0, 0x00, 0x00, 0x00, 0x00, 0x00, 0x00, 0x00, 0x3F,
  0xFF, 0x80, 0x00, 0x00, 0x00, 0x00, 0x00, 0x00, 0x00, 0x3F, 0xFE, 0x00,
  0x00, 0x00, 0x00, 0x00, 0x00, 0x00, 0x00, 0x3F, 0xF8, 0x00, 0x00, 0x00,
  0x00, 0x00, 0x00, 0x00, 0x00, 0x1F, 0xC0, 0x00, 0x00, 0x00, 0x00, 0x00,
  0x00, 0x00, 0x00, 0x00, 0x00, 0x00, 0x07, 0xFF, 0x00, 0x00, 0x00, 0x00,
  0x00, 0x00, 0x00, 0x01, 0xFF, 0xFF, 0xE0, 0x00, 0x00, 0xFE, 0x00, 0x00,
  0x00, 0x0F, 0xFF, 0xFF, 0xF8, 0x00, 0x07, 0xFF, 0x00, 0x00, 0x00, 0x7F,
  0xFF, 0xFF, 0xFC, 0x00, 0x1F, 0xFF, 0x00, 0x00, 0x03, 0xFF, 0xFF, 0xFF,
  0xFC, 0x00, 0x7F, 0xFF, 0x00, 0x00, 0x1F, 0xFF, 0xFF, 0xFF, 0xFE, 0x01,
  0xFF, 0xFF, 0x00, 0x00, 0x7F, 0xFF, 0xFF, 0xFF, 0xFE, 0x07, 0xFF, 0xFF,
  0x00, 0x03, 0xFF, 0xFF, 0xFF, 0xFF, 0xFE, 0x0F, 0xFF, 0xFE, 0x00, 0x0F,
  0xFF, 0xFF, 0xFF, 0xFF, 0xFE, 0x3F, 0xFF, 0xFE, 0x00, 0x3F, 0xFF, 0xFF,
  0xFF, 0xFF, 0xFE, 0x7F, 0xFF, 0xFC, 0x00, 0xFF, 0xFF, 0xFF, 0xFF, 0xFF,
  0xFE, 0xFF, 0xFF, 0xF8, 0x03, 0xFF, 0xFF, 0xFF, 0xFF, 0xFF, 0xFF, 0xFF,
  0xFF, 0xF0, 0x0F, 0xFF, 0xFF, 0xFF, 0xFF, 0xFF, 0xFF, 0xFF, 0xFF, 0xE0,
  0x1F, 0xFF, 0xFF, 0xFF, 0xFF, 0xFF, 0xFF, 0xFF, 0xFF, 0xC0, 0x7F, 0xFF,
  0xFF, 0xFF, 0xFF, 0xFF, 0xFF, 0xFF, 0xFF, 0x81, 0xFF, 0xFF, 0xFF, 0xFF,
  0xFF, 0xFF, 0xFF, 0xFF, 0xFF, 0x03, 0xFF, 0xFF, 0xFF, 0xFF, 0xFF, 0xFF,
  0xFF, 0xFF, 0xFE, 0x0F, 0xFF, 0xFF, 0xFF, 0xFF, 0xFF, 0xFF, 0xFF, 0xFF,
  0xFC, 0x1F, 0xFF, 0xFF, 0xFF, 0xC0, 0x3F, 0xFF, 0xFF, 0xFF, 0xF8, 0x7F,
  0xFF, 0xFF, 0xF8, 0x00, 0x0F, 0xFF, 0xFF, 0xFF, 0xF0, 0xFF, 0xFF, 0xFF,
  0xE0, 0x00, 0x07, 0xFF, 0xFF, 0xFF, 0xE3, 0xFF, 0xFF, 0xFF, 0x00, 0x00,
  0x07, 0xFF, 0xFF, 0xFF, 0xC7, 0xFF, 0xFF, 0xFC, 0x00, 0x00, 0x07, 0xFF,
  0xFF, 0xFF, 0x9F, 0xFF, 0xFF, 0xF0, 0x00, 0x00, 0x07, 0xFF, 0xFF, 0xFF,
  0x3F, 0xFF, 0xFF, 0xC0, 0x00, 0x00, 0x07, 0xFF, 0xFF, 0xFE, 0x7F, 0xFF,
  0xFF, 0x00, 0x00, 0x00, 0x07, 0xFF, 0xFF, 0xFC, 0xFF, 0xFF, 0xFC, 0x00,
  0x00, 0x00, 0x07, 0xFF, 0xFF, 0xFB, 0xFF, 0xFF, 0xF8, 0x00, 0x00, 0x00,
  0x0F, 0xFF, 0xFF, 0xF7, 0xFF, 0xFF, 0xE0, 0x00, 0x00, 0x00, 0x0F, 0xFF,
  0xFF, 0xEF, 0xFF, 0xFF, 0xC0, 0x00, 0x00, 0x00, 0x1F, 0xFF, 0xFF, 0xDF,
  0xFF, 0xFF, 0x00, 0x00, 0x00, 0x00, 0x1F, 0xFF, 0xFF, 0xBF, 0xFF, 0xFE,
  0x00, 0x00, 0x00, 0x00, 0x3F, 0xFF, 0xFF, 0xFF, 0xFF, 0xFC, 0x00, 0x00,
  0x00, 0x00, 0x7F, 0xFF, 0xFF, 0xFF, 0xFF, 0xF8, 0x00, 0x00, 0x00, 0x00,
  0x7F, 0xFF, 0xFF, 0xFF, 0xFF, 0xE0, 0x00, 0x00, 0x00, 0x00, 0xFF, 0xFF,
  0xFF, 0xFF, 0xFF, 0xC0, 0x00, 0x00, 0x00, 0x01, 0xFF, 0xFF, 0xFF, 0xFF,
  0xFF, 0x80, 0x00, 0x00, 0x00, 0x03, 0xFF, 0xFF, 0xFF, 0xFF, 0xFF, 0x00,
  0x00, 0x00, 0x00, 0x07, 0xFF, 0xFF, 0xFF, 0xFF, 0xFE, 0x00, 0x00, 0x00,
  0x00, 0x0F, 0xFF, 0xFF, 0xFF, 0xFF, 0xFC, 0x00, 0x00, 0x00, 0x00, 0x1F,
  0xFF, 0xFF, 0xFF, 0xFF, 0xF8, 0x00, 0x00, 0x00, 0x00, 0x3F, 0xFF, 0xFF,
  0xFF, 0xFF, 0xF0, 0x00, 0x00, 0x00, 0x00, 0x7F, 0xFF, 0xFF, 0xFF, 0xFF,
  0xE0, 0x00, 0x00, 0x00, 0x00, 0xFF, 0xFF, 0xFF, 0xFF, 0xFF, 0xC0, 0x00,
  0x00, 0x00, 0x01, 0xFF, 0xFF, 0xFF, 0xFF, 0xFF, 0x80, 0x00, 0x00, 0x00,
  0x03, 0xFF, 0xFF, 0xFF, 0xFF, 0xFF, 0x80, 0x00, 0x00, 0x00, 0x07, 0xFF,
  0xFF, 0xFF, 0xFF, 0xFF, 0x00, 0x00, 0x00, 0x00, 0x1F, 0xFF, 0xFF, 0xBF,
  0xFF, 0xFE, 0x00, 0x00, 0x00, 0x00, 0x3F, 0xFF, 0xFF, 0x7F, 0xFF, 0xFC,
  0x00, 0x00, 0x00, 0x00, 0x7F, 0xFF, 0xFE, 0xFF, 0xFF, 0xFC, 0x00, 0x00,
  0x00, 0x01, 0xFF, 0xFF, 0xFD, 0xFF, 0xFF, 0xF8, 0x00, 0x00, 0x00, 0x03,
  0xFF, 0xFF, 0xFB, 0xFF, 0xFF, 0xF8, 0x00, 0x00, 0x00, 0x0F, 0xFF, 0xFF,
  0xF3, 0xFF, 0xFF, 0xF8, 0x00, 0x00, 0x00, 0x1F, 0xFF, 0xFF, 0xE7, 0xFF,
  0xFF, 0xF0, 0x00, 0x00, 0x00, 0x7F, 0xFF, 0xFF, 0xCF, 0xFF, 0xFF, 0xF0,
  0x00, 0x00, 0x01, 0xFF, 0xFF, 0xFF, 0x9F, 0xFF, 0xFF, 0xF0, 0x00, 0x00,
  0x07, 0xFF, 0xFF, 0xFF, 0x1F, 0xFF, 0xFF, 0xF0, 0x00, 0x00, 0x1F, 0xFF,
  0xFF, 0xFE, 0x3F, 0xFF, 0xFF, 0xF0, 0x00, 0x00, 0x7F, 0xFF, 0xFF, 0xFC,
  0x3F, 0xFF, 0xFF, 0xF8, 0x00, 0x01, 0xFF, 0xFF, 0xFF, 0xF8, 0x7F, 0xFF,
  0xFF, 0xFC, 0x00, 0x0F, 0xFF, 0xFF, 0xFF, 0xF0, 0x7F, 0xFF, 0xFF, 0xFE,
  0x00, 0xFF, 0xFF, 0xFF, 0xFF, 0xE0, 0xFF, 0xFF, 0xFF, 0xFF, 0xFF, 0xFF,
  0xFF, 0xFF, 0xFF, 0xC0, 0xFF, 0xFF, 0xFF, 0xFF, 0xFF, 0xFF, 0xFF, 0xFF,
  0xFF, 0x81, 0xFF, 0xFF, 0xFF, 0xFF, 0xFF, 0xFF, 0xFF, 0xFF, 0xFF, 0x01,
  0xFF, 0xFF, 0xFF, 0xFF, 0xFF, 0xFF, 0xFF, 0xFF, 0xFE, 0x01, 0xFF, 0xFF,
  0xFF, 0xFF, 0xFF, 0xFF, 0xFF, 0xFF, 0xFC, 0x03, 0xFF, 0xFF, 0xFF, 0xFF,
  0xFF, 0xFF, 0xFF, 0xFF, 0xF8, 0x03, 0xFF, 0xFF, 0xFF, 0xFF, 0xFF, 0xFD,
  0xFF, 0xFF, 0xF0, 0x03, 0xFF, 0xFF, 0xFF, 0xFF, 0xFF, 0xFB, 0xFF, 0xFF,
  0xE0, 0x03, 0xFF, 0xFF, 0xFF, 0xFF, 0xFF, 0xE7, 0xFF, 0xFF, 0xC0, 0x03,
  0xFF, 0xFF, 0xFF, 0xFF, 0xFF, 0x8F, 0xFF, 0xFF, 0x80, 0x03, 0xFF, 0xFF,
  0xFF, 0xFF, 0xFE, 0x1F, 0xFF, 0xFF, 0x00, 0x01, 0xFF, 0xFF, 0xFF, 0xFF,
  0xF8, 0x3F, 0xFF, 0xFE, 0x00, 0x01, 0xFF, 0xFF, 0xFF, 0xFF, 0xC0, 0x7F,
  0xFF, 0xFC, 0x00, 0x00, 0xFF, 0xFF, 0xFF, 0xFF, 0x00, 0xFF, 0xFF, 0xF8,
  0x00, 0x00, 0x7F, 0xFF, 0xFF, 0xF8, 0x01, 0xFF, 0xFF, 0xF0, 0x00, 0x00,
  0x3F, 0xFF, 0xFF, 0xC0, 0x03, 0xFF, 0xFF, 0xE0, 0x00, 0x00, 0x0F, 0xFF,
  0xFE, 0x00, 0x07, 0xFF, 0xFF, 0xC0, 0x00, 0x00, 0x01, 0xFF, 0xC0, 0x00,
  0x0F, 0xFF, 0xFF, 0x80, 0x00, 0x00, 0x00, 0x00, 0x00, 0x00, 0x1F, 0xFF,
  0xFF, 0x00, 0x00, 0x00, 0x00, 0x00, 0x00, 0x00, 0x3F, 0xFF, 0xFE, 0x00,
  0x00, 0x00, 0x00, 0x00, 0x00, 0x00, 0x7F, 0xFF, 0xFC, 0x00, 0x00, 0x00,
  0x00, 0x00, 0x00, 0x00, 0xFF, 0xFF, 0xF8, 0x00, 0x00, 0x00, 0x00, 0x00,
  0x00, 0x01, 0xFF, 0xFF, 0xF0, 0x00, 0x00, 0x00, 0x00, 0x00, 0x00, 0x03,
  0xFF, 0xFF, 0xE0, 0x00, 0x00, 0x00, 0x00, 0x00, 0x00, 0x07, 0xFF, 0xFF,
  0xC0, 0x00, 0x00, 0x00, 0x00, 0x00, 0x00, 0x0F, 0xFF, 0xFF, 0x80, 0x00,
  0x00, 0x00, 0x00, 0x00, 0x00, 0x1F, 0xFF, 0xFF, 0x00, 0x00, 0x00, 0x00,
  0x00, 0x00, 0x00, 0x3F, 0xFF, 0xFE, 0x00, 0x00, 0x00, 0x00, 0x00, 0x00,
  0x00, 0x7F, 0xFF, 0xFC, 0x00, 0x00, 0x00, 0x00, 0x00, 0x00, 0x00, 0xFF,
  0xFF, 0xF8, 0x00, 0x00, 0x00, 0x00, 0x00, 0x00, 0x01, 0xFF, 0xFF, 0xF0,
  0x00, 0x00, 0x00, 0x00, 0x00, 0x00, 0x03, 0xFF, 0xFF, 0xE0, 0x00, 0x00,
  0x00, 0x00, 0x00, 0x00, 0x07, 0xFF, 0xFF, 0xC0, 0x00, 0x00, 0x00, 0x00,
  0x00, 0x00, 0x07, 0xFF, 0xFF, 0x00, 0x00, 0x00, 0x00, 0x00, 0x00, 0x00,
  0x0F, 0xFF, 0xFE, 0x00, 0x00, 0x00, 0x00, 0x00, 0x00, 0x00, 0x0F, 0xFF,
  0xF8, 0x00, 0x00, 0x00, 0x00, 0x00, 0x00, 0x00, 0x0F, 0xFF, 0xE0, 0x00,
  0x00, 0x00, 0x00, 0x00, 0x00, 0x00, 0x0F, 0xFF, 0x80, 0x00, 0x00, 0x00,
  0x00, 0x00, 0x00, 0x00, 0x0F, 0xFE, 0x00, 0x00, 0x00, 0x00, 0x00, 0x00,
  0x00, 0x00, 0x07, 0xF0, 0x00, 0x01, 0xFC, 0x00, 0x00, 0x7F, 0x00, 0x0F,
  0xFE, 0x00, 0x03, 0xFF, 0x80, 0x3F, 0xFE, 0x00, 0x1F, 0xFF, 0x80, 0xFF,
  0xFE, 0x00, 0x7F, 0xFF, 0x83, 0xFF, 0xFE, 0x01, 0xFF, 0xFF, 0x8F, 0xFF,
  0xFE, 0x07, 0xFF, 0xFF, 0x1F, 0xFF, 0xFC, 0x1F, 0xFF, 0xFF, 0x7F, 0xFF,
  0xFC, 0x3F, 0xFF, 0xFE, 0xFF, 0xFF, 0xF8, 0xFF, 0xFF, 0xFD, 0xFF, 0xFF,
  0xF3, 0xFF, 0xFF, 0xFB, 0xFF, 0xFF, 0xE7, 0xFF, 0xFF, 0xF7, 0xFF, 0xFF,
  0xDF, 0xFF, 0xFF, 0xEF, 0xFF, 0xFF, 0xBF, 0xFF, 0xFF, 0xDF, 0xFF, 0xFF,
  0xFF, 0xFF, 0xFF, 0xBF, 0xFF, 0xFF, 0xFF, 0xFF, 0xFF, 0x7F, 0xFF, 0xFF,
  0xFF, 0xFF, 0xFC, 0xFF, 0xFF, 0xFF, 0xFF, 0xFF, 0xF9, 0xFF, 0xFF, 0xFF,
  0xFF, 0xFF, 0xE3, 0xFF, 0xFF, 0xFF, 0xFF, 0xFF, 0x07, 0xFF, 0xFF, 0xFF,
  0xFF, 0xFC, 0x0F, 0xFF, 0xFF, 0xFF, 0xFF, 0xC0, 0x1F, 0xFF, 0xFF, 0xFF,
  0xFC, 0x00, 0x3F, 0xFF, 0xFF, 0xFF, 0xC0, 0x00, 0x7F, 0xFF, 0xFF, 0xFF,
  0x00, 0x00, 0xFF, 0xFF, 0xFF, 0xF8, 0x00, 0x01, 0xFF, 0xFF, 0xFF, 0xE0,
  0x00, 0x03, 0xFF, 0xFF, 0xFF, 0x80, 0x00, 0x07, 0xFF, 0xFF, 0xFE, 0x00,
  0x00, 0x0F, 0xFF, 0xFF, 0xFC, 0x00, 0x00, 0x1F, 0xFF, 0xFF, 0xF0, 0x00,
  0x00, 0x3F, 0xFF, 0xFF, 0xC0, 0x00, 0x00, 0x7F, 0xFF, 0xFF, 0x80, 0x00,
  0x00, 0xFF, 0xFF, 0xFE, 0x00, 0x00, 0x01, 0xFF, 0xFF, 0xFC, 0x00, 0x00,
  0x03, 0xFF, 0xFF, 0xF8, 0x00, 0x00, 0x07, 0xFF, 0xFF, 0xE0, 0x00, 0x00,
  0x0F, 0xFF, 0xFF, 0xC0, 0x00, 0x00, 0x1F, 0xFF, 0xFF, 0x80, 0x00, 0x00,
  0x3F, 0xFF, 0xFF, 0x00, 0x00, 0x00, 0x7F, 0xFF, 0xFC, 0x00, 0x00, 0x00,
  0xFF, 0xFF, 0xF8, 0x00, 0x00, 0x01, 0xFF, 0xFF, 0xF0, 0x00, 0x00, 0x03,
  0xFF, 0xFF, 0xE0, 0x00, 0x00, 0x07, 0xFF, 0xFF, 0xC0, 0x00, 0x00, 0x0F,
  0xFF, 0xFF, 0x80, 0x00, 0x00, 0x1F, 0xFF, 0xFF, 0x00, 0x00, 0x00, 0x3F,
  0xFF, 0xFE, 0x00, 0x00, 0x00, 0x7F, 0xFF, 0xFC, 0x00, 0x00, 0x00, 0xFF,
  0xFF, 0xF8, 0x00, 0x00, 0x01, 0xFF, 0xFF, 0xF0, 0x00, 0x00, 0x03, 0xFF,
  0xFF, 0xE0, 0x00, 0x00, 0x07, 0xFF, 0xFF, 0xC0, 0x00, 0x00, 0x0F, 0xFF,
  0xFF, 0x80, 0x00, 0x00, 0x1F, 0xFF, 0xFF, 0x00, 0x00, 0x00, 0x3F, 0xFF,
  0xFE, 0x00, 0x00, 0x00, 0x7F, 0xFF, 0xFC, 0x00, 0x00, 0x00, 0xFF, 0xFF,
  0xF8, 0x00, 0x00, 0x01, 0xFF, 0xFF, 0xF0, 0x00, 0x00, 0x03, 0xFF, 0xFF,
  0xE0, 0x00, 0x00, 0x07, 0xFF, 0xFF, 0xC0, 0x00, 0x00, 0x0F, 0xFF, 0xFF,
  0x80, 0x00, 0x00, 0x1F, 0xFF, 0xFF, 0x00, 0x00, 0x00, 0x3F, 0xFF, 0xFE,
  0x00, 0x00, 0x00, 0x7F, 0xFF, 0xFC, 0x00, 0x00, 0x00, 0xFF, 0xFF, 0xF8,
  0x00, 0x00, 0x01, 0xFF, 0xFF, 0xF0, 0x00, 0x00, 0x03, 0xFF, 0xFF, 0xE0,
  0x00, 0x00, 0x07, 0xFF, 0xFF, 0xC0, 0x00, 0x00, 0x0F, 0xFF, 0xFF, 0x80,
  0x00, 0x00, 0x1F, 0xFF, 0xFF, 0x00, 0x00, 0x00, 0x1F, 0xFF, 0xFC, 0x00,
  0x00, 0x00, 0x3F, 0xFF, 0xF8, 0x00, 0x00, 0x00, 0x3F, 0xFF, 0xE0, 0x00,
  0x00, 0x00, 0x3F, 0xFF, 0x80, 0x00, 0x00, 0x00, 0x3F, 0xFE, 0x00, 0x00,
  0x00, 0x00, 0x3F, 0xF8, 0x00, 0x00, 0x00, 0x00, 0x1F, 0xC0, 0x00, 0x00,
  0x00, 0x00, 0x00, 0x00, 0x00, 0x7F, 0xFE, 0x00, 0x00, 0x00, 0x00, 0x00,
  0x3F, 0xFF, 0xFF, 0x80, 0x00, 0x00, 0x00, 0x0F, 0xFF, 0xFF, 0xFF, 0x80,
  0x00, 0x00, 0x01, 0xFF, 0xFF, 0xFF, 0xFF, 0x80, 0x00, 0x00, 0x3F, 0xFF,
  0xFF, 0xFF, 0xFF, 0x00, 0x00, 0x03, 0xFF, 0xFF, 0xFF, 0xFF, 0xFE, 0x00,
  0x00, 0x3F, 0xFF, 0xFF, 0xFF, 0xFF, 0xFC, 0x00, 0x03, 0xFF, 0xFF, 0xFF,
  0xFF, 0xFF, 0xF0, 0x00, 0x3F, 0xFF, 0xFF, 0xFF, 0xFF, 0xFF, 0xC0, 0x03,
  0xFF, 0xFF, 0xFF, 0xFF, 0xFF, 0xFF, 0x00, 0x3F, 0xFF, 0xFF, 0xFF, 0xFF,
  0xFF, 0xF8, 0x03, 0xFF, 0xFF, 0xFF, 0xFF, 0xFF, 0xFF, 0xC0, 0x1F, 0xFF,
  0xFF, 0xFF, 0xFF, 0xFF, 0xFF, 0x01, 0xFF, 0xFF, 0xFF, 0xFF, 0xFF, 0xFF,
  0xF8, 0x0F, 0xFF, 0xFF, 0xFF, 0xFF, 0xFF, 0xFF, 0xC0, 0xFF, 0xFF, 0xFF,
  0xFF, 0xFF, 0xFF, 0xFC, 0x07, 0xFF, 0xFF, 0xE0, 0x1F, 0xFF, 0xFF, 0xE0,
  0x3F, 0xFF, 0xFC, 0x00, 0x0F, 0xFF, 0xFF, 0x01, 0xFF, 0xFF, 0xC0, 0x00,
  0x0F, 0xFF, 0xF0, 0x1F, 0xFF, 0xFC, 0x00, 0x00, 0x1F, 0xFF, 0x00, 0xFF,
  0xFF, 0xE0, 0x00, 0x00, 0x3F, 0xF0, 0x07, 0xFF, 0xFF, 0x00, 0x00, 0x00,
  0x3E, 0x00, 0x3F, 0xFF, 0xF8, 0x00, 0x00, 0x00, 0x00, 0x01, 0xFF, 0xFF,
  0xE0, 0x00, 0x00, 0x00, 0x00, 0x0F, 0xFF, 0xFF, 0x80, 0x00, 0x00, 0x00,
  0x00, 0x7F, 0xFF, 0xFE, 0x00, 0x00, 0x00, 0x00, 0x03, 0xFF, 0xFF, 0xFC,
  0x00, 0x00, 0x00, 0x00, 0x1F, 0xFF, 0xFF, 0xF0, 0x00, 0x00, 0x00, 0x00,
  0xFF, 0xFF, 0xFF, 0xF0, 0x00, 0x00, 0x00, 0x03, 0xFF, 0xFF, 0xFF, 0xF0,
  0x00, 0x00, 0x00, 0x1F, 0xFF, 0xFF, 0xFF, 0xF0, 0x00, 0x00, 0x00, 0xFF,
  0xFF, 0xFF, 0xFF, 0xF0, 0x00, 0x00, 0x03, 0xFF, 0xFF, 0xFF, 0xFF, 0xF0,
  0x00, 0x00, 0x1F, 0xFF, 0xFF, 0xFF, 0xFF, 0xE0, 0x00, 0x00, 0xFF, 0xFF,
  0xFF, 0xFF, 0xFF, 0xC0, 0x00, 0x03, 0xFF, 0xFF, 0xFF, 0xFF, 0xFF, 0x80,
  0x00, 0x0F, 0xFF, 0xFF, 0xFF, 0xFF, 0xFF, 0x00, 0x00, 0x7F, 0xFF, 0xFF,
  0xFF, 0xFF, 0xFC, 0x00, 0x01, 0xFF, 0xFF, 0xFF, 0xFF, 0xFF, 0xF0, 0x00,
  0x07, 0xFF, 0xFF, 0xFF, 0xFF, 0xFF, 0xC0, 0x00, 0x0F, 0xFF, 0xFF, 0xFF,
  0xFF, 0xFF, 0x00, 0x00, 0x3F, 0xFF, 0xFF, 0xFF, 0xFF, 0xFC, 0x00, 0x00,
  0x7F, 0xFF, 0xFF, 0xFF, 0xFF, 0xF0, 0x00, 0x01, 0xFF, 0xFF, 0xFF, 0xFF,
  0xFF, 0xC0, 0x00, 0x01, 0xFF, 0xFF, 0xFF, 0xFF, 0xFE, 0x00, 0x00, 0x03,
  0xFF, 0xFF, 0xFF, 0xFF, 0xF0, 0x00, 0x00, 0x03, 0xFF, 0xFF, 0xFF, 0xFF,
  0xC0, 0x00, 0x00, 0x03, 0xFF, 0xFF, 0xFF, 0xFE, 0x00, 0x00, 0x00, 0x01,
  0xFF, 0xFF, 0xFF, 0xF0, 0x00, 0x00, 0x00, 0x01, 0xFF, 0xFF, 0xFF, 0xC0,
  0x00, 0x00, 0x00, 0x01, 0xFF, 0xFF, 0xFE, 0x00, 0x00, 0x00, 0x00, 0x03,
  0xFF, 0xFF, 0xF0, 0x00, 0x00, 0x00, 0x00, 0x0F, 0xFF, 0xFF, 0x80, 0x00,
  0x00, 0x00, 0x00, 0x3F, 0xFF, 0xFC, 0x1F, 0x80, 0x00, 0x00, 0x00, 0xFF,
  0xFF, 0xE3, 0xFF, 0x00, 0x00, 0x00, 0x07, 0xFF, 0xFF, 0x3F, 0xFE, 0x00,
  0x00, 0x00, 0x3F, 0xFF, 0xFB, 0xFF, 0xFC, 0x00, 0x00, 0x01, 0xFF, 0xFF,
  0xDF, 0xFF, 0xF8, 0x00, 0x00, 0x1F, 0xFF, 0xFF, 0xFF, 0xFF, 0xF0, 0x00,
  0x00, 0xFF, 0xFF, 0xEF, 0xFF, 0xFF, 0xF0, 0x00, 0x0F, 0xFF, 0xFF, 0x7F,
  0xFF, 0xFF, 0xF8, 0x03, 0xFF, 0xFF, 0xFB, 0xFF, 0xFF, 0xFF, 0xFF, 0xFF,
  0xFF, 0xFF, 0xDF, 0xFF, 0xFF, 0xFF, 0xFF, 0xFF, 0xFF, 0xFC, 0xFF, 0xFF,
  0xFF, 0xFF, 0xFF, 0xFF, 0xFF, 0xE3, 0xFF, 0xFF, 0xFF, 0xFF, 0xFF, 0xFF,
  0xFE, 0x1F, 0xFF, 0xFF, 0xFF, 0xFF, 0xFF, 0xFF, 0xF0, 0x7F, 0xFF, 0xFF,
  0xFF, 0xFF, 0xFF, 0xFF, 0x01, 0xFF, 0xFF, 0xFF, 0xFF, 0xFF, 0xFF, 0xF0,
  0x07, 0xFF, 0xFF, 0xFF, 0xFF, 0xFF, 0xFF, 0x80, 0x1F, 0xFF, 0xFF, 0xFF,
  0xFF, 0xFF, 0xF8, 0x00, 0x3F, 0xFF, 0xFF, 0xFF, 0xFF, 0xFF, 0x00, 0x00,
  0x7F, 0xFF, 0xFF, 0xFF, 0xFF, 0xF0, 0x00, 0x00, 0xFF, 0xFF, 0xFF, 0xFF,
  0xFF, 0x00, 0x00, 0x01, 0xFF, 0xFF, 0xFF, 0xFF, 0xE0, 0x00, 0x00, 0x01,
  0xFF, 0xFF, 0xFF, 0xFC, 0x00, 0x00, 0x00, 0x00, 0xFF, 0xFF, 0xFF, 0x00,
  0x00, 0x00, 0x00, 0x00, 0x3F, 0xFF, 0x80, 0x00, 0x00, 0x00, 0x00, 0x08,
  0x00, 0x00, 0x00, 0x00, 0x00, 0x3F, 0xE0, 0x00, 0x00, 0x00, 0x00, 0x3F,
  0xFE, 0x00, 0x00, 0x00, 0x00, 0x1F, 0xFF, 0xC0, 0x00, 0x00, 0x00, 0x0F,
  0xFF, 0xF8, 0x00, 0x00, 0x00, 0x03, 0xFF, 0xFE, 0x00, 0x00, 0x00, 0x01,
  0xFF, 0xFF, 0xC0, 0x00, 0x00, 0x00, 0x7F, 0xFF, 0xF0, 0x00, 0x00, 0x00,
  0x3F, 0xFF, 0xFE, 0x00, 0x00, 0x00, 0x0F, 0xFF, 0xFF, 0x80, 0x00, 0x00,
  0x03, 0xFF, 0xFF, 0xE0, 0x00, 0x00, 0x00, 0xFF, 0xFF, 0xF8, 0x00, 0x00,
  0x00, 0x3F, 0xFF, 0xFE, 0x00, 0x00, 0x00, 0x0F, 0xFF, 0xFF, 0x80, 0x00,
  0x00, 0x03, 0xFF, 0xFF, 0xE0, 0x00, 0x00, 0x00, 0xFF, 0xFF, 0xF8, 0x00,
  0x00, 0x00, 0x3F, 0xFF, 0xFE, 0x00, 0x00, 0x00, 0x0F, 0xFF, 0xFF, 0x80,
  0x00, 0x00, 0x03, 0xFF, 0xFF, 0xE0, 0x00, 0x00, 0x00, 0xFF, 0xFF, 0xF8,
  0x00, 0x00, 0x00, 0x3F, 0xFF, 0xFE, 0x00, 0x00, 0x00, 0xFF, 0xFF, 0xFF,
  0xFF, 0xFC, 0x00, 0xFF, 0xFF, 0xFF, 0xFF, 0xFF, 0xC0, 0x7F, 0xFF, 0xFF,
  0xFF, 0xFF, 0xF8, 0x3F, 0xFF, 0xFF, 0xFF, 0xFF, 0xFF, 0x1F, 0xFF, 0xFF,
  0xFF, 0xFF, 0xFF, 0xE7, 0xFF, 0xFF, 0xFF, 0xFF, 0xFF, 0xFB, 0xFF, 0xFF,
  0xFF, 0xFF, 0xFF, 0xFF, 0xFF, 0xFF, 0xFF, 0xFF, 0xFF, 0xFF, 0xFF, 0xFF,
  0xFF, 0xFF, 0xFF, 0xFF, 0xFF, 0xFF, 0xFF, 0xFF, 0xFF, 0xFF, 0xFF, 0xFF,
  0xFF, 0xFF, 0xFF, 0xFF, 0xFF, 0xFF, 0xFF, 0xFF, 0xFF, 0xFF, 0xFF, 0xDF,
  0xFF, 0xFF, 0xFF, 0xFF, 0xFF, 0xE7, 0xFF, 0xFF, 0xFF, 0xFF, 0xFF, 0xF8,
  0xFF, 0xFF, 0xFF, 0xFF, 0xFF, 0xFC, 0x1F, 0xFF, 0xFF, 0xFF, 0xFF, 0xFE,
  0x03, 0xFF, 0xFF, 0xFF, 0xFF, 0xFF, 0x00, 0x3F, 0xFF, 0xFF, 0xFF, 0xFF,
  0x00, 0x00, 0xFF, 0xFF, 0xF8, 0x00, 0x00, 0x00, 0x3F, 0xFF, 0xFE, 0x00,
  0x00, 0x00, 0x0F, 0xFF, 0xFF, 0x80, 0x00, 0x00, 0x03, 0xFF, 0xFF, 0xE0,
  0x00, 0x00, 0x00, 0xFF, 0xFF, 0xF8, 0x00, 0x00, 0x00, 0x3F, 0xFF, 0xFE,
  0x00, 0x00, 0x00, 0x0F, 0xFF, 0xFF, 0x80, 0x00, 0x00, 0x03, 0xFF, 0xFF,
  0xE0, 0x00, 0x00, 0x00, 0xFF, 0xFF, 0xF8, 0x00, 0x00, 0x00, 0x3F, 0xFF,
  0xFE, 0x00, 0x00, 0x00, 0x0F, 0xFF, 0xFF, 0x80, 0x00, 0x00, 0x03, 0xFF,
  0xFF, 0xE0, 0x00, 0x00, 0x00, 0xFF, 0xFF, 0xF8, 0x00, 0x00, 0x00, 0x3F,
  0xFF, 0xFE, 0x00, 0x00, 0x00, 0x0F, 0xFF, 0xFF, 0x80, 0x00, 0x00, 0x03,
  0xFF, 0xFF, 0xE0, 0x00, 0x00, 0x00, 0xFF, 0xFF, 0xF8, 0x00, 0x00, 0x00,
  0x3F, 0xFF, 0xFE, 0x00, 0x00, 0x00, 0x0F, 0xFF, 0xFF, 0x80, 0x00, 0x00,
  0x03, 0xFF, 0xFF, 0xE0, 0x00, 0x00, 0x00, 0xFF, 0xFF, 0xF8, 0x00, 0x00,
  0x00, 0x3F, 0xFF, 0xFE, 0x00, 0x00, 0x00, 0x0F, 0xFF, 0xFF, 0x80, 0x00,
  0x00, 0x03, 0xFF, 0xFF, 0xE0, 0x00, 0x00, 0x00, 0xFF, 0xFF, 0xF8, 0x00,
  0x00, 0x00, 0x3F, 0xFF, 0xFE, 0x00, 0x00, 0x00, 0x0F, 0xFF, 0xFF, 0x80,
  0x00, 0x00, 0x03, 0xFF, 0xFF, 0xE0, 0x00, 0x00, 0x00, 0xFF, 0xFF, 0xF8,
  0x00, 0x00, 0x00, 0x3F, 0xFF, 0xFE, 0x00, 0x00, 0x00, 0x0F, 0xFF, 0xFF,
  0x80, 0x00, 0x00, 0x03, 0xFF, 0xFF, 0xE0, 0x00, 0x00, 0x00, 0xFF, 0xFF,
  0xF8, 0x00, 0x00, 0x00, 0x3F, 0xFF, 0xFE, 0x00, 0x00, 0x00, 0x0F, 0xFF,
  0xFF, 0x80, 0x00, 0x00, 0x03, 0xFF, 0xFF, 0xE0, 0x00, 0x00, 0x00, 0xFF,
  0xFF, 0xF8, 0x00, 0x00, 0x00, 0x3F, 0xFF, 0xFF, 0x00, 0x00, 0x00, 0x0F,
  0xFF, 0xFF, 0xC0, 0x00, 0x00, 0x03, 0xFF, 0xFF, 0xF8, 0x00, 0x00, 0x00,
  0xFF, 0xFF, 0xFF, 0x80, 0x00, 0x00, 0x3F, 0xFF, 0xFF, 0xFF, 0xF0, 0x00,
  0x0F, 0xFF, 0xFF, 0xFF, 0xFF, 0x00, 0x01, 0xFF, 0xFF, 0xFF, 0xFF, 0xE0,
  0x00, 0x7F, 0xFF, 0xFF, 0xFF, 0xFC, 0x00, 0x1F, 0xFF, 0xFF, 0xFF, 0xFF,
  0x80, 0x07, 0xFF, 0xFF, 0xFF, 0xFF, 0xE0, 0x00, 0xFF, 0xFF, 0xFF, 0xFF,
  0xFC, 0x00, 0x3F, 0xFF, 0xFF, 0xFF, 0xFF, 0x00, 0x0F, 0xFF, 0xFF, 0xFF,
  0xFF, 0xC0, 0x01, 0xFF, 0xFF, 0xFF, 0xFF, 0xF0, 0x00, 0x3F, 0xFF, 0xFF,
  0xFF, 0xF8, 0x00, 0x0F, 0xFF, 0xFF, 0xFF, 0xFE, 0x00, 0x01, 0xFF, 0xFF,
  0xFF, 0xFF, 0x80, 0x00, 0x3F, 0xFF, 0xFF, 0xFF, 0xC0, 0x00, 0x03, 0xFF,
  0xFF, 0xFF, 0xE0, 0x00, 0x00, 0x3F, 0xFF, 0xFF, 0xE0, 0x00, 0x00, 0x03,
  0xFF, 0xFF, 0xE0, 0x00, 0x00, 0x00, 0x0F, 0xFF, 0x80, 0x00, 0x01, 0xFC,
  0x00, 0x00, 0x00, 0x00, 0x01, 0xFC, 0x00, 0x3F, 0xF8, 0x00, 0x00, 0x00,
  0x00, 0x3F, 0xF8, 0x03, 0xFF, 0xE0, 0x00, 0x00, 0x00, 0x03, 0xFF, 0xE0,
  0x3F, 0xFF, 0x80, 0x00, 0x00, 0x00, 0x3F, 0xFF, 0x83, 0xFF, 0xFE, 0x00,
  0x00, 0x00, 0x03, 0xFF, 0xFE, 0x3F, 0xFF, 0xF8, 0x00, 0x00, 0x00, 0x3F,
  0xFF, 0xF9, 0xFF, 0xFF, 0xC0, 0x00, 0x00, 0x01, 0xFF, 0xFF, 0xDF, 0xFF,
  0xFF, 0x00, 0x00, 0x00, 0x1F, 0xFF, 0xFF, 0xFF, 0xFF, 0xF8, 0x00, 0x00,
  0x00, 0xFF, 0xFF, 0xFF, 0xFF, 0xFF, 0xC0, 0x00, 0x00, 0x07, 0xFF, 0xFF,
  0xFF, 0xFF, 0xFE, 0x00, 0x00, 0x00, 0x3F, 0xFF, 0xFF, 0xFF, 0xFF, 0xF0,
  0x00, 0x00, 0x01, 0xFF, 0xFF, 0xFF, 0xFF, 0xFF, 0x80, 0x00, 0x00, 0x0F,
  0xFF, 0xFF, 0xFF, 0xFF, 0xFC, 0x00, 0x00, 0x00, 0x7F, 0xFF, 0xFF, 0xFF,
  0xFF, 0xE0, 0x00, 0x00, 0x03, 0xFF, 0xFF, 0xFF, 0xFF, 0xFF, 0x00, 0x00,
  0x00, 0x1F, 0xFF, 0xFF, 0xFF, 0xFF, 0xF8, 0x00, 0x00, 0x00, 0xFF, 0xFF,
  0xFF, 0xFF, 0xFF, 0xC0, 0x00, 0x00, 0x07, 0xFF, 0xFF, 0xFF, 0xFF, 0xFE,
  0x00, 0x00, 0x00, 0x3F, 0xFF, 0xFF, 0xFF, 0xFF, 0xF0, 0x00, 0x00, 0x01,
  0xFF, 0xFF, 0xFF, 0xFF, 0xFF, 0x80, 0x00, 0x00, 0x0F, 0xFF, 0xFF, 0xFF,
  0xFF, 0xFC, 0x00, 0x00, 0x00, 0x7F, 0xFF, 0xFF, 0xFF, 0xFF, 0xE0, 0x00,
  0x00, 0x03, 0xFF, 0xFF, 0xFF, 0xFF, 0xFF, 0x00, 0x00, 0x00, 0x1F, 0xFF,
  0xFF, 0xFF, 0xFF, 0xF8, 0x00, 0x00, 0x00, 0xFF, 0xFF, 0xFF, 0xFF, 0xFF,
  0xC0, 0x00, 0x00, 0x07, 0xFF, 0xFF, 0xFF, 0xFF, 0xFE, 0x00, 0x00, 0x00,
  0x3F, 0xFF, 0xFF, 0xFF, 0xFF, 0xF0, 0x00, 0x00, 0x01, 0xFF, 0xFF, 0xFF,
  0xFF, 0xFF, 0x80, 0x00, 0x00, 0x0F, 0xFF, 0xFF, 0xFF, 0xFF, 0xFC, 0x00,
  0x00, 0x00, 0x7F, 0xFF, 0xFF, 0xFF, 0xFF, 0xE0, 0x00, 0x00, 0x03, 0xFF,
  0xFF, 0xFF, 0xFF, 0xFF, 0x00, 0x00, 0x00, 0x1F, 0xFF, 0xFF, 0xFF, 0xFF,
  0xF8, 0x00, 0x00, 0x00, 0xFF, 0xFF, 0xFF, 0xFF, 0xFF, 0xC0, 0x00, 0x00,
  0x07, 0xFF, 0xFF, 0xFF, 0xFF, 0xFE, 0x00, 0x00, 0x00, 0x3F, 0xFF, 0xFF,
  0xFF, 0xFF, 0xF0, 0x00, 0x00, 0x01, 0xFF, 0xFF, 0xFF, 0xFF, 0xFF, 0x80,
  0x00, 0x00, 0x0F, 0xFF, 0xFF, 0xFF, 0xFF, 0xFC, 0x00, 0x00, 0x00, 0x7F,
  0xFF, 0xFF, 0xFF, 0xFF, 0xE0, 0x00, 0x00, 0x03, 0xFF, 0xFF, 0xFF, 0xFF,
  0xFF, 0x00, 0x00, 0x00, 0x1F, 0xFF, 0xFF, 0xFF, 0xFF, 0xF8, 0x00, 0x00,
  0x00, 0xFF, 0xFF, 0xFF, 0xFF, 0xFF, 0xC0, 0x00, 0x00, 0x07, 0xFF, 0xFF,
  0xFF, 0xFF, 0xFE, 0x00, 0x00, 0x00, 0x3F, 0xFF, 0xFF, 0xFF, 0xFF, 0xF0,
  0x00, 0x00, 0x01, 0xFF, 0xFF, 0xFF, 0xFF, 0xFF, 0x80, 0x00, 0x00, 0x0F,
  0xFF, 0xFF, 0xFF, 0xFF, 0xFC, 0x00, 0x00, 0x00, 0x7F, 0xFF, 0xFF, 0xFF,
  0xFF, 0xE0, 0x00, 0x00, 0x03, 0xFF, 0xFF, 0xFF, 0xFF, 0xFF, 0x00, 0x00,
  0x00, 0x1F, 0xFF, 0xFF, 0xFF, 0xFF, 0xF8, 0x00, 0x00, 0x00, 0xFF, 0xFF,
  0xFF, 0xFF, 0xFF, 0xC0, 0x00, 0x00, 0x0F, 0xFF, 0xFF, 0xFF, 0xFF, 0xFF,
  0x00, 0x00, 0x00, 0x7F, 0xFF, 0xFF, 0xFF, 0xFF, 0xF8, 0x00, 0x00, 0x03,
  0xFF, 0xFF, 0xFF, 0xFF, 0xFF, 0xC0, 0x00, 0x00, 0x1F, 0xFF, 0xFF, 0xFF,
  0xFF, 0xFF, 0x00, 0x00, 0x01, 0xFF, 0xFF, 0xFF, 0xFF, 0xFF, 0xF8, 0x00,
  0x00, 0x0F, 0xFF, 0xFF, 0xFF, 0xFF, 0xFF, 0xE0, 0x00, 0x00, 0xFF, 0xFF,
  0xFF, 0xFF, 0xFF, 0xFF, 0x80, 0x00, 0x0F, 0xFF, 0xFF, 0xFB, 0xFF, 0xFF,
  0xFE, 0x00, 0x00, 0xFF, 0xFF, 0xFF, 0xDF, 0xFF, 0xFF, 0xFC, 0x00, 0x1F,
  0xFF, 0xFF, 0xFE, 0xFF, 0xFF, 0xFF, 0xF8, 0x07, 0xFF, 0xFF, 0xFF, 0xF7,
  0xFF, 0xFF, 0xFF, 0xFF, 0xFF, 0xFF, 0xFF, 0xFF, 0x9F, 0xFF, 0xFF, 0xFF,
  0xFF, 0xFF, 0xFF, 0xFF, 0xFC, 0xFF, 0xFF, 0xFF, 0xFF, 0xFF, 0xFF, 0xFF,
  0xFF, 0xE7, 0xFF, 0xFF, 0xFF, 0xFF, 0xFF, 0xFF, 0xFF, 0xFF, 0x1F, 0xFF,
  0xFF, 0xFF, 0xFF, 0xFF, 0xFF, 0xFF, 0xF8, 0xFF, 0xFF, 0xFF, 0xFF, 0xFF,
  0xFF, 0xFF, 0xFF, 0xC3, 0xFF, 0xFF, 0xFF, 0xFF, 0xFF, 0xFF, 0xFF, 0xFE,
  0x1F, 0xFF, 0xFF, 0xFF, 0xFF, 0xFD, 0xFF, 0xFF, 0xF0, 0x7F, 0xFF, 0xFF,
  0xFF, 0xFF, 0xCF, 0xFF, 0xFF, 0x81, 0xFF, 0xFF, 0xFF, 0xFF, 0xFC, 0x7F,
  0xFF, 0xFC, 0x07, 0xFF, 0xFF, 0xFF, 0xFF, 0xC3, 0xFF, 0xFF, 0xC0, 0x1F,
  0xFF, 0xFF, 0xFF, 0xFC, 0x0F, 0xFF, 0xFE, 0x00, 0x7F, 0xFF, 0xFF, 0xFF,
  0xC0, 0x7F, 0xFF, 0xE0, 0x01, 0xFF, 0xFF, 0xFF, 0xFC, 0x01, 0xFF, 0xFE,
  0x00, 0x07, 0xFF, 0xFF, 0xFF, 0x80, 0x07, 0xFF, 0xE0, 0x00, 0x0F, 0xFF,
  0xFF, 0xF0, 0x00, 0x0F, 0xFE, 0x00, 0x00, 0x0F, 0xFF, 0xFE, 0x00, 0x00,
  0x1F, 0xC0, 0x00, 0x00, 0x07, 0xFF, 0x00, 0x00, 0x00, 0x00, 0x00, 0x00,
  0x00, 0x00, 0x00, 0x00, 0x00, 0x00, 0x01, 0x00, 0x00, 0xFF, 0x80, 0x00,
  0x00, 0x00, 0x00, 0x07, 0xFC, 0x00, 0xFF, 0xF8, 0x00, 0x00, 0x00, 0x00,
  0x07, 0xFF, 0xC0, 0x7F, 0xFF, 0x00, 0x00, 0x00, 0x00, 0x03, 0xFF, 0xF8,
  0x3F, 0xFF, 0xE0, 0x00, 0x00, 0x00, 0x00, 0xFF, 0xFF, 0x1F, 0xFF, 0xFC,
  0x00, 0x00, 0x00, 0x00, 0x7F, 0xFF, 0xE7, 0xFF, 0xFF, 0x00, 0x00, 0x00,
  0x00, 0x3F, 0xFF, 0xFB, 0xFF, 0xFF, 0xE0, 0x00, 0x00, 0x00, 0x0F, 0xFF,
  0xFF, 0xFF, 0xFF, 0xF8, 0x00, 0x00, 0x00, 0x07, 0xFF, 0xFF, 0xFF, 0xFF,
  0xFE, 0x00, 0x00, 0x00, 0x01, 0xFF, 0xFF, 0xFF, 0xFF, 0xFF, 0xC0, 0x00,
  0x00, 0x00, 0x7F, 0xFF, 0xFF, 0xFF, 0xFF, 0xF0, 0x00, 0x00, 0x00, 0x3F,
  0xFF, 0xFF, 0xFF, 0xFF, 0xFC, 0x00, 0x00, 0x00, 0x0F, 0xFF, 0xFF, 0xFF,
  0xFF, 0xFF, 0x80, 0x00, 0x00, 0x03, 0xFF, 0xFF, 0xF7, 0xFF, 0xFF, 0xE0,
  0x00, 0x00, 0x01, 0xFF, 0xFF, 0xF9, 0xFF, 0xFF, 0xFC, 0x00, 0x00, 0x00,
  0x7F, 0xFF, 0xFE, 0x7F, 0xFF, 0xFF, 0x00, 0x00, 0x00, 0x3F, 0xFF, 0xFF,
  0x8F, 0xFF, 0xFF, 0xC0, 0x00, 0x00, 0x0F, 0xFF, 0xFF, 0xC3, 0xFF, 0xFF,
  0xF8, 0x00, 0x00, 0x03, 0xFF, 0xFF, 0xF0, 0x7F, 0xFF, 0xFE, 0x00, 0x00,
  0x01, 0xFF, 0xFF, 0xF8, 0x1F, 0xFF, 0xFF, 0x80, 0x00, 0x00, 0x7F, 0xFF,
  0xFE, 0x03, 0xFF, 0xFF, 0xF0, 0x00, 0x00, 0x1F, 0xFF, 0xFF, 0x00, 0xFF,
  0xFF, 0xFC, 0x00, 0x00, 0x0F, 0xFF, 0xFF, 0xC0, 0x3F, 0xFF, 0xFF, 0x80,
  0x00, 0x03, 0xFF, 0xFF, 0xF0, 0x07, 0xFF, 0xFF, 0xE0, 0x00, 0x01, 0xFF,
  0xFF, 0xF8, 0x01, 0xFF, 0xFF, 0xF8, 0x00, 0x00, 0x7F, 0xFF, 0xFE, 0x00,
  0x3F, 0xFF, 0xFF, 0x00, 0x00, 0x1F, 0xFF, 0xFF, 0x00, 0x0F, 0xFF, 0xFF,
  0xC0, 0x00, 0x0F, 0xFF, 0xFF, 0xC0, 0x01, 0xFF, 0xFF, 0xF0, 0x00, 0x03,
  0xFF, 0xFF, 0xE0, 0x00, 0x7F, 0xFF, 0xFE, 0x00, 0x00, 0xFF, 0xFF, 0xF8,
  0x00, 0x1F, 0xFF, 0xFF, 0x80, 0x00, 0x7F, 0xFF, 0xFE, 0x00, 0x03, 0xFF,
  0xFF, 0xE0, 0x00, 0x1F, 0xFF, 0xFF, 0x00, 0x00, 0xFF, 0xFF, 0xFC, 0x00,
  0x0F, 0xFF, 0xFF, 0xC0, 0x00, 0x1F, 0xFF, 0xFF, 0x00, 0x03, 0xFF, 0xFF,
  0xE0, 0x00, 0x07, 0xFF, 0xFF, 0xE0, 0x00, 0xFF, 0xFF, 0xF8, 0x00, 0x00,
  0xFF, 0xFF, 0xF8, 0x00, 0x7F, 0xFF, 0xFC, 0x00, 0x00, 0x3F, 0xFF, 0xFE,
  0x00, 0x1F, 0xFF, 0xFF, 0x00, 0x00, 0x0F, 0xFF, 0xFF, 0xC0, 0x07, 0xFF,
  0xFF, 0x80, 0x00, 0x01, 0xFF, 0xFF, 0xF0, 0x03, 0xFF, 0xFF, 0xE0, 0x00,
  0x00, 0x7F, 0xFF, 0xFC, 0x00, 0xFF, 0xFF, 0xF8, 0x00, 0x00, 0x0F, 0xFF,
  0xFF, 0x80, 0x7F, 0xFF, 0xFC, 0x00, 0x00, 0x03, 0xFF, 0xFF, 0xE0, 0x1F,
  0xFF, 0xFF, 0x00, 0x00, 0x00, 0x7F, 0xFF, 0xFC, 0x07, 0xFF, 0xFF, 0x80,
  0x00, 0x00, 0x1F, 0xFF, 0xFF, 0x03, 0xFF, 0xFF, 0xE0, 0x00, 0x00, 0x07,
  0xFF, 0xFF, 0xC0, 0xFF, 0xFF, 0xF0, 0x00, 0x00, 0x00, 0xFF, 0xFF, 0xF8,
  0x3F, 0xFF, 0xFC, 0x00, 0x00, 0x00, 0x3F, 0xFF, 0xFE, 0x1F, 0xFF, 0xFF,
  0x00, 0x00, 0x00, 0x07, 0xFF, 0xFF, 0x87, 0xFF, 0xFF, 0x80, 0x00, 0x00,
  0x01, 0xFF, 0xFF, 0xF1, 0xFF, 0xFF, 0xE0, 0x00, 0x00, 0x00, 0x3F, 0xFF,
  0xFC, 0xFF, 0xFF, 0xF0, 0x00, 0x00, 0x00, 0x0F, 0xFF, 0xFF, 0x3F, 0xFF,
  0xFC, 0x00, 0x00, 0x00, 0x03, 0xFF, 0xFF, 0xFF, 0xFF, 0xFE, 0x00, 0x00,
  0x00, 0x00, 0x7F, 0xFF, 0xFF, 0xFF, 0xFF, 0x80, 0x00, 0x00, 0x00, 0x1F,
  0xFF, 0xFF, 0xFF, 0xFF, 0xE0, 0x00, 0x00, 0x00, 0x03, 0xFF, 0xFF, 0xFF,
  0xFF, 0xF0, 0x00, 0x00, 0x00, 0x00, 0xFF, 0xFF, 0xFF, 0xFF, 0xFC, 0x00,
  0x00, 0x00, 0x00, 0x1F, 0xFF, 0xFF, 0xFF, 0xFE, 0x00, 0x00, 0x00, 0x00,
  0x07, 0xFF, 0xFF, 0xFF, 0xFF, 0x80, 0x00, 0x00, 0x00, 0x01, 0xFF, 0xFF,
  0xFF, 0xFF, 0xC0, 0x00, 0x00, 0x00, 0x00, 0x3F, 0xFF, 0xFF, 0xFF, 0xF0,
  0x00, 0x00, 0x00, 0x00, 0x0F, 0xFF, 0xFF, 0xFF, 0xFC, 0x00, 0x00, 0x00,
  0x00, 0x01, 0xFF, 0xFF, 0xFF, 0xFE, 0x00, 0x00, 0x00, 0x00, 0x00, 0x7F,
  0xFF, 0xFF, 0xFF, 0x80, 0x00, 0x00, 0x00, 0x00, 0x0F, 0xFF, 0xFF, 0xFF,
  0xC0, 0x00, 0x00, 0x00, 0x00, 0x03, 0xFF, 0xFF, 0xFF, 0xF0, 0x00, 0x00,
  0x00, 0x00, 0x00, 0x7F, 0xFF, 0xFF, 0xF8, 0x00, 0x00, 0x00, 0x00, 0x00,
  0x1F, 0xFF, 0xFF, 0xFE, 0x00, 0x00, 0x00, 0x00, 0x00, 0x07, 0xFF, 0xFF,
  0xFF, 0x80, 0x00, 0x00, 0x00, 0x00, 0x00, 0xFF, 0xFF, 0xFF, 0xC0, 0x00,
  0x00, 0x00, 0x00, 0x00, 0x3F, 0xFF, 0xFF, 0xF0, 0x00, 0x00, 0x00, 0x00,
  0x00, 0x07, 0xFF, 0xFF, 0xF8, 0x00, 0x00, 0x00, 0x00, 0x00, 0x01, 0xFF,
  0xFF, 0xFE, 0x00, 0x00, 0x00, 0x00, 0x00, 0x00, 0x3F, 0xFF, 0xFF, 0x00,
  0x00, 0x00, 0x00, 0x00, 0x00, 0x0F, 0xFF, 0xFF, 0x80, 0x00, 0x00, 0x00,
  0x00, 0x00, 0x01, 0xFF, 0xFF, 0xE0, 0x00, 0x00, 0x00, 0x00, 0x00, 0x00,
  0x3F, 0xFF, 0xF0, 0x00, 0x00, 0x00, 0x00, 0x00, 0x00, 0x07, 0xFF, 0xF8,
  0x00, 0x00, 0x00, 0x00, 0x00, 0x00, 0x00, 0xFF, 0xF8, 0x00, 0x00, 0x00,
  0x00, 0x00, 0x00, 0x00, 0x07, 0xF8, 0x00, 0x00, 0x00, 0x00, 0x01, 0xFC,
  0x00, 0x00, 0x00, 0x00, 0x0F, 0xF0, 0x00, 0x00, 0x00, 0x00, 0x1F, 0x80,
  0x07, 0xFF, 0x00, 0x00, 0x00, 0x00, 0x3F, 0xFC, 0x00, 0x00, 0x00, 0x00,
  0xFF, 0xF0, 0x1F, 0xFF, 0x80, 0x00, 0x00, 0x00, 0xFF, 0xFF, 0x00, 0x00,
  0x00, 0x01, 0xFF, 0xF8, 0x3F, 0xFF, 0xC0, 0x00, 0x00, 0x01, 0xFF, 0xFF,
  0x80, 0x00, 0x00, 0x03, 0xFF, 0xFC, 0x3F, 0xFF, 0xE0, 0x00, 0x00, 0x03,
  0xFF, 0xFF, 0xC0, 0x00, 0x00, 0x07, 0xFF, 0xFE, 0x7F, 0xFF, 0xF0, 0x00,
  0x00, 0x03, 0xFF, 0xFF, 0xC0, 0x00, 0x00, 0x07, 0xFF, 0xFE, 0x7F, 0xFF,
  0xF0, 0x00, 0x00, 0x07, 0xFF, 0xFF, 0xE0, 0x00, 0x00, 0x0F, 0xFF, 0xFE,
  0xFF, 0xFF, 0xF8, 0x00, 0x00, 0x07, 0xFF, 0xFF, 0xE0, 0x00, 0x00, 0x0F,
  0xFF, 0xFF, 0xFF, 0xFF, 0xF8, 0x00, 0x00, 0x0F, 0xFF, 0xFF, 0xF0, 0x00,
  0x00, 0x0F, 0xFF, 0xFF, 0xFF, 0xFF, 0xF8, 0x00, 0x00, 0x0F, 0xFF, 0xFF,
  0xF0, 0x00, 0x00, 0x1F, 0xFF, 0xFF, 0xFF, 0xFF, 0xF8, 0x00, 0x00, 0x0F,
  0xFF, 0xFF, 0xF0, 0x00, 0x00, 0x1F, 0xFF, 0xFF, 0xFF, 0xFF, 0xFC, 0x00,
  0x00, 0x1F, 0xFF, 0xFF, 0xF8, 0x00, 0x00, 0x1F, 0xFF, 0xFF, 0xFF, 0xFF,
  0xFC, 0x00, 0x00, 0x1F, 0xFF, 0xFF, 0xF8, 0x00, 0x00, 0x3F, 0xFF, 0xFF,
  0x7F, 0xFF, 0xFC, 0x00, 0x00, 0x1F, 0xFF, 0xFF, 0xF8, 0x00, 0x00, 0x3F,
  0xFF, 0xFF, 0x7F, 0xFF, 0xFE, 0x00, 0x00, 0x3F, 0xFF, 0xFF, 0xFC, 0x00,
  0x00, 0x3F, 0xFF, 0xFE, 0x7F, 0xFF, 0xFE, 0x00, 0x00, 0x3F, 0xFF, 0xFF,
  0xFC, 0x00, 0x00, 0x7F, 0xFF, 0xFE, 0x3F, 0xFF, 0xFE, 0x00, 0x00, 0x3F,
  0xFF, 0xFF, 0xFC, 0x00, 0x00, 0x7F, 0xFF, 0xFE, 0x3F, 0xFF, 0xFF, 0x00,
  0x00, 0x3F, 0xFF, 0xFF, 0xFC, 0x00, 0x00, 0x7F, 0xFF, 0xFC, 0x3F, 0xFF,
  0xFF, 0x00, 0x00, 0x7F, 0xFF, 0xFF, 0xFE, 0x00, 0x00, 0xFF, 0xFF, 0xFC,
  0x1F, 0xFF, 0xFF, 0x00, 0x00, 0x7F, 0xFF, 0xFF, 0xFE, 0x00, 0x00, 0xFF,
  0xFF, 0xF8, 0x1F, 0xFF, 0xFF, 0x00, 0x00, 0x7F, 0xFF, 0xFF, 0xFE, 0x00,
  0x00, 0xFF, 0xFF, 0xF8, 0x1F, 0xFF, 0xFF, 0x80, 0x00, 0xFF, 0xFF, 0xFF,
  0xFF, 0x00, 0x00, 0xFF, 0xFF, 0xF8, 0x0F, 0xFF, 0xFF, 0x80, 0x00, 0xFF,
  0xFF, 0xFF, 0xFF, 0x00, 0x01, 0xFF, 0xFF, 0xF0, 0x0F, 0xFF, 0xFF, 0x80,
  0x00, 0xFF, 0xFF, 0xFF, 0xFF, 0x00, 0x01, 0xFF, 0xFF, 0xF0, 0x0F, 0xFF,
  0xFF, 0xC0, 0x01, 0xFF, 0xFF, 0xFF, 0xFF, 0x80, 0x01, 0xFF, 0xFF, 0xF0,
  0x07, 0xFF, 0xFF, 0xC0, 0x01, 0xFF, 0xFF, 0xFF, 0xFF, 0x80, 0x03, 0xFF,
  0xFF, 0xE0, 0x07, 0xFF, 0xFF, 0xC0, 0x01, 0xFF, 0xFF, 0xFF, 0xFF, 0x80,
  0x03, 0xFF, 0xFF, 0xE0, 0x07, 0xFF, 0xFF, 0xE0, 0x03, 0xFF, 0xFF, 0xFF,
  0xFF, 0xC0, 0x03, 0xFF, 0xFF, 0xE0, 0x03, 0xFF, 0xFF, 0xE0, 0x03, 0xFF,
  0xFF, 0xFF, 0xFF, 0xC0, 0x07, 0xFF, 0xFF, 0xC0, 0x03, 0xFF, 0xFF, 0xE0,
  0x03, 0xFF, 0xFF, 0xFF, 0xFF, 0xC0, 0x07, 0xFF, 0xFF, 0xC0, 0x03, 0xFF,
  0xFF, 0xE0, 0x07, 0xFF, 0xFF, 0xFF, 0xFF, 0xE0, 0x07, 0xFF, 0xFF, 0xC0,
  0x01, 0xFF, 0xFF, 0xF0, 0x07, 0xFF, 0xFF, 0xFF, 0xFF, 0xE0, 0x0F, 0xFF,
  0xFF, 0x80, 0x01, 0xFF, 0xFF, 0xF0, 0x07, 0xFF, 0xFE, 0x7F, 0xFF, 0xE0,
  0x0F, 0xFF, 0xFF, 0x80, 0x01, 0xFF, 0xFF, 0xF0, 0x07, 0xFF, 0xFE, 0x7F,
  0xFF, 0xF0, 0x0F, 0xFF, 0xFF, 0x80, 0x00, 0xFF, 0xFF, 0xF8, 0x0F, 0xFF,
  0xFE, 0x7F, 0xFF, 0xF0, 0x0F, 0xFF, 0xFF, 0x00, 0x00, 0xFF, 0xFF, 0xF8,
  0x0F, 0xFF, 0xFC, 0x7F, 0xFF, 0xF0, 0x1F, 0xFF, 0xFF, 0x00, 0x00, 0xFF,
  0xFF, 0xF8, 0x0F, 0xFF, 0xFC, 0x3F, 0xFF, 0xF0, 0x1F, 0xFF, 0xFF, 0x00,
  0x00, 0x7F, 0xFF, 0xFC, 0x1F, 0xFF, 0xFC, 0x3F, 0xFF, 0xF8, 0x1F, 0xFF,
  0xFE, 0x00, 0x00, 0x7F, 0xFF, 0xFC, 0x1F, 0xFF, 0xF8, 0x3F, 0xFF, 0xF8,
  0x3F, 0xFF, 0xFE, 0x00, 0x00, 0x3F, 0xFF, 0xFC, 0x1F, 0xFF, 0xF8, 0x1F,
  0xFF, 0xF8, 0x3F, 0xFF, 0xFC, 0x00, 0x00, 0x3F, 0xFF, 0xFE, 0x3F, 0xFF,
  0xF8, 0x1F, 0xFF, 0xFC, 0x3F, 0xFF, 0xFC, 0x00, 0x00, 0x3F, 0xFF, 0xFE,
  0x3F, 0xFF, 0xF0, 0x1F, 0xFF, 0xFC, 0x7F, 0xFF, 0xFC, 0x00, 0x00, 0x1F,
  0xFF, 0xFE, 0x3F, 0xFF, 0xF0, 0x0F, 0xFF, 0xFC, 0x7F, 0xFF, 0xF8, 0x00,
  0x00, 0x1F, 0xFF, 0xFE, 0x7F, 0xFF, 0xF0, 0x0F, 0xFF, 0xFE, 0x7F, 0xFF,
  0xF8, 0x00, 0x00, 0x1F, 0xFF, 0xFF, 0x7F, 0xFF, 0xF0, 0x0F, 0xFF, 0xFE,
  0xFF, 0xFF, 0xF8, 0x00, 0x00, 0x0F, 0xFF, 0xFF, 0x7F, 0xFF, 0xE0, 0x07,
  0xFF, 0xFE, 0xFF, 0xFF, 0xF0, 0x00, 0x00, 0x0F, 0xFF, 0xFF, 0xFF, 0xFF,
  0xE0, 0x07, 0xFF, 0xFF, 0xFF, 0xFF, 0xF0, 0x00, 0x00, 0x0F, 0xFF, 0xFF,
  0xFF, 0xFF, 0xE0, 0x07, 0xFF, 0xFF, 0xFF, 0xFF, 0xF0, 0x00, 0x00, 0x07,
  0xFF, 0xFF, 0xFF, 0xFF, 0xC0, 0x03, 0xFF, 0xFF, 0xFF, 0xFF, 0xE0, 0x00,
  0x00, 0x07, 0xFF, 0xFF, 0xFF, 0xFF, 0xC0, 0x03, 0xFF, 0xFF, 0xFF, 0xFF,
  0xE0, 0x00, 0x00, 0x07, 0xFF, 0xFF, 0xFF, 0xFF, 0xC0, 0x03, 0xFF, 0xFF,
  0xFF, 0xFF, 0xE0, 0x00, 0x00, 0x03, 0xFF, 0xFF, 0xFF, 0xFF, 0x80, 0x03,
  0xFF, 0xFF, 0xFF, 0xFF, 0xC0, 0x00, 0x00, 0x03, 0xFF, 0xFF, 0xFF, 0xFF,
  0x80, 0x01, 0xFF, 0xFF, 0xFF, 0xFF, 0xC0, 0x00, 0x00, 0x03, 0xFF, 0xFF,
  0xFF, 0xFF, 0x80, 0x01, 0xFF, 0xFF, 0xFF, 0xFF, 0xC0, 0x00, 0x00, 0x01,
  0xFF, 0xFF, 0xFF, 0xFF, 0x00, 0x01, 0xFF, 0xFF, 0xFF, 0xFF, 0x80, 0x00,
  0x00, 0x01, 0xFF, 0xFF, 0xFF, 0xFF, 0x00, 0x00, 0xFF, 0xFF, 0xFF, 0xFF,
  0x80, 0x00, 0x00, 0x01, 0xFF, 0xFF, 0xFF, 0xFF, 0x00, 0x00, 0xFF, 0xFF,
  0xFF, 0xFF, 0x00, 0x00, 0x00, 0x00, 0xFF, 0xFF, 0xFF, 0xFE, 0x00, 0x00,
  0xFF, 0xFF, 0xFF, 0xFF, 0x00, 0x00, 0x00, 0x00, 0xFF, 0xFF, 0xFF, 0xFE,
  0x00, 0x00, 0x7F, 0xFF, 0xFF, 0xFF, 0x00, 0x00, 0x00, 0x00, 0xFF, 0xFF,
  0xFF, 0xFE, 0x00, 0x00, 0x7F, 0xFF, 0xFF, 0xFE, 0x00, 0x00, 0x00, 0x00,
  0x7F, 0xFF, 0xFF, 0xFC, 0x00, 0x00, 0x7F, 0xFF, 0xFF, 0xFE, 0x00, 0x00,
  0x00, 0x00, 0x7F, 0xFF, 0xFF, 0xFC, 0x00, 0x00, 0x3F, 0xFF, 0xFF, 0xFE,
  0x00, 0x00, 0x00, 0x00, 0x3F, 0xFF, 0xFF, 0xFC, 0x00, 0x00, 0x3F, 0xFF,
  0xFF, 0xFC, 0x00, 0x00, 0x00, 0x00, 0x3F, 0xFF, 0xFF, 0xF8, 0x00, 0x00,
  0x3F, 0xFF, 0xFF, 0xFC, 0x00, 0x00, 0x00, 0x00, 0x3F, 0xFF, 0xFF, 0xF8,
  0x00, 0x00, 0x1F, 0xFF, 0xFF, 0xFC, 0x00, 0x00, 0x00, 0x00, 0x1F, 0xFF,
  0xFF, 0xF8, 0x00, 0x00, 0x1F, 0xFF, 0xFF, 0xF8, 0x00, 0x00, 0x00, 0x00,
  0x1F, 0xFF, 0xFF, 0xF8, 0x00, 0x00, 0x1F, 0xFF, 0xFF, 0xF8, 0x00, 0x00,
  0x00, 0x00, 0x1F, 0xFF, 0xFF, 0xF0, 0x00, 0x00, 0x0F, 0xFF, 0xFF, 0xF8,
  0x00, 0x00, 0x00, 0x00, 0x0F, 0xFF, 0xFF, 0xF0, 0x00, 0x00, 0x0F, 0xFF,
  0xFF, 0xF0, 0x00, 0x00, 0x00, 0x00, 0x0F, 0xFF, 0xFF, 0xE0, 0x00, 0x00,
  0x0F, 0xFF, 0xFF, 0xF0, 0x00, 0x00, 0x00, 0x00, 0x0F, 0xFF, 0xFF, 0xE0,
  0x00, 0x00, 0x07, 0xFF, 0xFF, 0xE0, 0x00, 0x00, 0x00, 0x00, 0x07, 0xFF,
  0xFF, 0xE0, 0x00, 0x00, 0x07, 0xFF, 0xFF, 0xE0, 0x00, 0x00, 0x00, 0x00,
  0x07, 0xFF, 0xFF, 0xC0, 0x00, 0x00, 0x03, 0xFF, 0xFF, 0xC0, 0x00, 0x00,
  0x00, 0x00, 0x03, 0xFF, 0xFF, 0x80, 0x00, 0x00, 0x03, 0xFF, 0xFF, 0xC0,
  0x00, 0x00, 0x00, 0x00, 0x01, 0xFF, 0xFF, 0x80, 0x00, 0x00, 0x01, 0xFF,
  0xFF, 0x80, 0x00, 0x00, 0x00, 0x00, 0x00, 0xFF, 0xFE, 0x00, 0x00, 0x00,
  0x00, 0xFF, 0xFF, 0x00, 0x00, 0x00, 0x00, 0x00, 0x00, 0x7F, 0xFC, 0x00,
  0x00, 0x00, 0x00, 0x3F, 0xFC, 0x00, 0x00, 0x00, 0x00, 0x00, 0x00, 0x0F,
  0xF0, 0x00, 0x00, 0x00, 0x00, 0x0F, 0xF0, 0x00, 0x00, 0x00, 0x01, 0xFC,
  0x00, 0x00, 0x00, 0x00, 0x01, 0xFC, 0x00, 0x1F, 0xFC, 0x00, 0x00, 0x00,
  0x00, 0x1F, 0xFC, 0x00, 0xFF, 0xFC, 0x00, 0x00, 0x00, 0x00, 0xFF, 0xF8,
  0x07, 0xFF, 0xF8, 0x00, 0x00, 0x00, 0x07, 0xFF, 0xF0, 0x3F, 0xFF, 0xF0,
  0x00, 0x00, 0x00, 0x3F, 0xFF, 0xE0, 0xFF, 0xFF, 0xE0, 0x00, 0x00, 0x01,
  0xFF, 0xFF, 0x87, 0xFF, 0xFF, 0xC0, 0x00, 0x00, 0x0F, 0xFF, 0xFF, 0x1F,
  0xFF, 0xFF, 0x00, 0x00, 0x00, 0x7F, 0xFF, 0xFC, 0x7F, 0xFF, 0xFE, 0x00,
  0x00, 0x01, 0xFF, 0xFF, 0xF1, 0xFF, 0xFF, 0xFC, 0x00, 0x00, 0x0F, 0xFF,
  0xFF, 0xC7, 0xFF, 0xFF, 0xF0, 0x00, 0x00, 0x7F, 0xFF, 0xFF, 0x1F, 0xFF,
  0xFF, 0xE0, 0x00, 0x03, 0xFF, 0xFF, 0xFC, 0x7F, 0xFF, 0xFF, 0xC0, 0x00,
  0x0F, 0xFF, 0xFF, 0xE0, 0xFF, 0xFF, 0xFF, 0x80, 0x00, 0x7F, 0xFF, 0xFF,
  0x83, 0xFF, 0xFF, 0xFE, 0x00, 0x03, 0xFF, 0xFF, 0xFE, 0x07, 0xFF, 0xFF,
  0xFC, 0x00, 0x1F, 0xFF, 0xFF, 0xF0, 0x1F, 0xFF, 0xFF, 0xF8, 0x00, 0xFF,
  0xFF, 0xFF, 0x80, 0x3F, 0xFF, 0xFF, 0xF0, 0x03, 0xFF, 0xFF, 0xFC, 0x00,
  0x7F, 0xFF, 0xFF, 0xC0, 0x1F, 0xFF, 0xFF, 0xF0, 0x00, 0xFF, 0xFF, 0xFF,
  0x80, 0xFF, 0xFF, 0xFF, 0x80, 0x01, 0xFF, 0xFF, 0xFF, 0x07, 0xFF, 0xFF,
  0xFC, 0x00, 0x07, 0xFF, 0xFF, 0xFE, 0x1F, 0xFF, 0xFF, 0xE0, 0x00, 0x0F,
  0xFF, 0xFF, 0xF8, 0xFF, 0xFF, 0xFF, 0x00, 0x00, 0x1F, 0xFF, 0xFF, 0xF7,
  0xFF, 0xFF, 0xF8, 0x00, 0x00, 0x3F, 0xFF, 0xFF, 0xFF, 0xFF, 0xFF, 0xC0,
  0x00, 0x00, 0x7F, 0xFF, 0xFF, 0xFF, 0xFF, 0xFF, 0x00, 0x00, 0x00, 0xFF,
  0xFF, 0xFF, 0xFF, 0xFF, 0xF8, 0x00, 0x00, 0x01, 0xFF, 0xFF, 0xFF, 0xFF,
  0xFF, 0xC0, 0x00, 0x00, 0x03, 0xFF, 0xFF, 0xFF, 0xFF, 0xFE, 0x00, 0x00,
  0x00, 0x0F, 0xFF, 0xFF, 0xFF, 0xFF, 0xF0, 0x00, 0x00, 0x00, 0x1F, 0xFF,
  0xFF, 0xFF, 0xFF, 0x80, 0x00, 0x00, 0x00, 0x3F, 0xFF, 0xFF, 0xFF, 0xFE,
  0x00, 0x00, 0x00, 0x00, 0x7F, 0xFF, 0xFF, 0xFF, 0xF0, 0x00, 0x00, 0x00,
  0x00, 0xFF, 0xFF, 0xFF, 0xFF, 0x80, 0x00, 0x00, 0x00, 0x01, 0xFF, 0xFF,
  0xFF, 0xFC, 0x00, 0x00, 0x00, 0x00, 0x03, 0xFF, 0xFF, 0xFF, 0xE0, 0x00,
  0x00, 0x00, 0x00, 0x0F, 0xFF, 0xFF, 0xFF, 0x00, 0x00, 0x00, 0x00, 0x00,
  0x1F, 0xFF, 0xFF, 0xF8, 0x00, 0x00, 0x00, 0x00, 0x00, 0x3F, 0xFF, 0xFF,
  0xE0, 0x00, 0x00, 0x00, 0x00, 0x01, 0xFF, 0xFF, 0xFF, 0xC0, 0x00, 0x00,
  0x00, 0x00, 0x0F, 0xFF, 0xFF, 0xFF, 0x80, 0x00, 0x00, 0x00, 0x00, 0x3F,
  0xFF, 0xFF, 0xFF, 0x00, 0x00, 0x00, 0x00, 0x01, 0xFF, 0xFF, 0xFF, 0xFE,
  0x00, 0x00, 0x00, 0x00, 0x0F, 0xFF, 0xFF, 0xFF, 0xFC, 0x00, 0x00, 0x00,
  0x00, 0x7F, 0xFF, 0xFF, 0xFF, 0xF8, 0x00, 0x00, 0x00, 0x03, 0xFF, 0xFF,
  0xFF, 0xFF, 0xE0, 0x00, 0x00, 0x00, 0x1F, 0xFF, 0xFF, 0xFF, 0xFF, 0xC0,
  0x00, 0x00, 0x00, 0x7F, 0xFF, 0xFF, 0xFF, 0xFF, 0x80, 0x00, 0x00, 0x03,
  0xFF, 0xFF, 0xFF, 0xFF, 0xFF, 0x00, 0x00, 0x00, 0x1F, 0xFF, 0xFF, 0xFF,
  0xFF, 0xFE, 0x00, 0x00, 0x00, 0xFF, 0xFF, 0xFF, 0xFF, 0xFF, 0xFC, 0x00,
  0x00, 0x07, 0xFF, 0xFF, 0xFF, 0xFF, 0xFF, 0xF8, 0x00, 0x00, 0x3F, 0xFF,
  0xFF, 0xFF, 0xFF, 0xFF, 0xF0, 0x00, 0x01, 0xFF, 0xFF, 0xFE, 0x7F, 0xFF,
  0xFF, 0xE0, 0x00, 0x07, 0xFF, 0xFF, 0xF8, 0xFF, 0xFF, 0xFF, 0x80, 0x00,
  0x3F, 0xFF, 0xFF, 0xC1, 0xFF, 0xFF, 0xFF, 0x00, 0x01, 0xFF, 0xFF, 0xFE,
  0x07, 0xFF, 0xFF, 0xFE, 0x00, 0x0F, 0xFF, 0xFF, 0xF0, 0x0F, 0xFF, 0xFF,
  0xFC, 0x00, 0x7F, 0xFF, 0xFF, 0xC0, 0x1F, 0xFF, 0xFF, 0xF8, 0x03, 0xFF,
  0xFF, 0xFE, 0x00, 0x3F, 0xFF, 0xFF, 0xF0, 0x0F, 0xFF, 0xFF, 0xF0, 0x00,
  0xFF, 0xFF, 0xFF, 0xE0, 0x7F, 0xFF, 0xFF, 0x80, 0x01, 0xFF, 0xFF, 0xFF,
  0xC3, 0xFF, 0xFF, 0xFE, 0x00, 0x03, 0xFF, 0xFF, 0xFF, 0x1F, 0xFF, 0xFF,
  0xF0, 0x00, 0x07, 0xFF, 0xFF, 0xFE, 0x7F, 0xFF, 0xFF, 0x80, 0x00, 0x0F,
  0xFF, 0xFF, 0xF9, 0xFF, 0xFF, 0xFC, 0x00, 0x00, 0x3F, 0xFF, 0xFF, 0xFF,
  0xFF, 0xFF, 0xF0, 0x00, 0x00, 0x7F, 0xFF, 0xFF, 0xFF, 0xFF, 0xFF, 0x80,
  0x00, 0x00, 0xFF, 0xFF, 0xFF, 0xFF, 0xFF, 0xFC, 0x00, 0x00, 0x01, 0xFF,
  0xFF, 0xFF, 0xFF, 0xFF, 0xE0, 0x00, 0x00, 0x07, 0xFF, 0xFF, 0xFF, 0xFF,
  0xFF, 0x80, 0x00, 0x00, 0x0F, 0xFF, 0xFF, 0xFF, 0xFF, 0xFC, 0x00, 0x00,
  0x00, 0x1F, 0xFF, 0xFF, 0x7F, 0xFF, 0xE0, 0x00, 0x00, 0x00, 0x3F, 0xFF,
  0xF9, 0xFF, 0xFF, 0x00, 0x00, 0x00, 0x00, 0x7F, 0xFF, 0xE3, 0xFF, 0xF8,
  0x00, 0x00, 0x00, 0x00, 0xFF, 0xFF, 0x07, 0xFF, 0xC0, 0x00, 0x00, 0x00,
  0x01, 0xFF, 0xF8, 0x0F, 0xFE, 0x00, 0x00, 0x00, 0x00, 0x03, 0xFF, 0xC0,
  0x0F, 0xE0, 0x00, 0x00, 0x00, 0x00, 0x03, 0xF8, 0x00, 0x01, 0xFC, 0x00,
  0x00, 0x00, 0x00, 0x00, 0x0F, 0xC0, 0x03, 0xFF, 0x80, 0x00, 0x00, 0x00,
  0x00, 0x1F, 0xF8, 0x07, 0xFF, 0xE0, 0x00, 0x00, 0x00, 0x00, 0x3F, 0xFF,
  0x07, 0xFF, 0xF8, 0x00, 0x00, 0x00, 0x00, 0x3F, 0xFF, 0xC3, 0xFF, 0xFE,
  0x00, 0x00, 0x00, 0x00, 0x1F, 0xFF, 0xE3, 0xFF, 0xFF, 0x80, 0x00, 0x00,
  0x00, 0x1F, 0xFF, 0xF9, 0xFF, 0xFF, 0xC0, 0x00, 0x00, 0x00, 0x1F, 0xFF,
  0xFD, 0xFF, 0xFF, 0xE0, 0x00, 0x00, 0x00, 0x0F, 0xFF, 0xFF, 0xFF, 0xFF,
  0xF8, 0x00, 0x00, 0x00, 0x07, 0xFF, 0xFF, 0xFF, 0xFF, 0xFC, 0x00, 0x00,
  0x00, 0x07, 0xFF, 0xFF, 0xFF, 0xFF, 0xFF, 0x00, 0x00, 0x00, 0x03, 0xFF,
  0xFF, 0xFF, 0xFF, 0xFF, 0x80, 0x00, 0x00, 0x01, 0xFF, 0xFF, 0xFF, 0xFF,
  0xFF, 0xC0, 0x00, 0x00, 0x01, 0xFF, 0xFF, 0xFF, 0xFF, 0xFF, 0xF0, 0x00,
  0x00, 0x00, 0xFF, 0xFF, 0xF9, 0xFF, 0xFF, 0xF8, 0x00, 0x00, 0x00, 0xFF,
  0xFF, 0xFC, 0xFF, 0xFF, 0xFC, 0x00, 0x00, 0x00, 0x7F, 0xFF, 0xFE, 0x3F,
  0xFF, 0xFF, 0x00, 0x00, 0x00, 0x3F, 0xFF, 0xFE, 0x1F, 0xFF, 0xFF, 0x80,
  0x00, 0x00, 0x3F, 0xFF, 0xFF, 0x0F, 0xFF, 0xFF, 0xE0, 0x00, 0x00, 0x1F,
  0xFF, 0xFF, 0x83, 0xFF, 0xFF, 0xF0, 0x00, 0x00, 0x0F, 0xFF, 0xFF, 0x81,
  0xFF, 0xFF, 0xF8, 0x00, 0x00, 0x0F, 0xFF, 0xFF, 0xC0, 0x7F, 0xFF, 0xFE,
  0x00, 0x00, 0x07, 0xFF, 0xFF, 0xC0, 0x3F, 0xFF, 0xFF, 0x00, 0x00, 0x03,
  0xFF, 0xFF, 0xE0, 0x0F, 0xFF, 0xFF, 0x80, 0x00, 0x03, 0xFF, 0xFF, 0xF0,
  0x07, 0xFF, 0xFF, 0xE0, 0x00, 0x01, 0xFF, 0xFF, 0xF0, 0x03, 0xFF, 0xFF,
  0xF0, 0x00, 0x00, 0xFF, 0xFF, 0xF8, 0x00, 0xFF, 0xFF, 0xF8, 0x00, 0x00,
  0xFF, 0xFF, 0xF8, 0x00, 0x7F, 0xFF, 0xFE, 0x00, 0x00, 0x7F, 0xFF, 0xFC,
  0x00, 0x1F, 0xFF, 0xFF, 0x00, 0x00, 0x7F, 0xFF, 0xFC, 0x00, 0x0F, 0xFF,
  0xFF, 0xC0, 0x00, 0x3F, 0xFF, 0xFE, 0x00, 0x03, 0xFF, 0xFF, 0xE0, 0x00,
  0x1F, 0xFF, 0xFF, 0x00, 0x01, 0xFF, 0xFF, 0xF0, 0x00, 0x1F, 0xFF, 0xFF,
  0x00, 0x00, 0xFF, 0xFF, 0xFC, 0x00, 0x0F, 0xFF, 0xFF, 0x80, 0x00, 0x3F,
  0xFF, 0xFE, 0x00, 0x07, 0xFF, 0xFF, 0x80, 0x00, 0x1F, 0xFF, 0xFF, 0x00,
  0x07, 0xFF, 0xFF, 0xC0, 0x00, 0x07, 0xFF, 0xFF, 0xC0, 0x03, 0xFF, 0xFF,
  0xE0, 0x00, 0x03, 0xFF, 0xFF, 0xE0, 0x01, 0xFF, 0xFF, 0xE0, 0x00, 0x00,
  0xFF, 0xFF, 0xF0, 0x01, 0xFF, 0xFF, 0xF0, 0x00, 0x00, 0x7F, 0xFF, 0xFC,
  0x00, 0xFF, 0xFF, 0xF0, 0x00, 0x00, 0x3F, 0xFF, 0xFE, 0x00, 0x7F, 0xFF,
  0xF8, 0x00, 0x00, 0x0F, 0xFF, 0xFF, 0x80, 0x7F, 0xFF, 0xFC, 0x00, 0x00,
  0x07, 0xFF, 0xFF, 0xC0, 0x3F, 0xFF, 0xFC, 0x00, 0x00, 0x01, 0xFF, 0xFF,
  0xE0, 0x3F, 0xFF, 0xFE, 0x00, 0x00, 0x00, 0xFF, 0xFF, 0xF8, 0x1F, 0xFF,
  0xFE, 0x00, 0x00, 0x00, 0x3F, 0xFF, 0xFC, 0x0F, 0xFF, 0xFF, 0x00, 0x00,
  0x00, 0x1F, 0xFF, 0xFE, 0x0F, 0xFF, 0xFF, 0x00, 0x00, 0x00, 0x0F, 0xFF,
  0xFF, 0x87, 0xFF, 0xFF, 0x80, 0x00, 0x00, 0x03, 0xFF, 0xFF, 0xC3, 0xFF,
  0xFF, 0xC0, 0x00, 0x00, 0x01, 0xFF, 0xFF, 0xE3, 0xFF, 0xFF, 0xC0, 0x00,
  0x00, 0x00, 0x7F, 0xFF, 0xF9, 0xFF, 0xFF, 0xE0, 0x00, 0x00, 0x00, 0x3F,
  0xFF, 0xFC, 0xFF, 0xFF, 0xE0, 0x00, 0x00, 0x00, 0x0F, 0xFF, 0xFF, 0xFF,
  0xFF, 0xF0, 0x00, 0x00, 0x00, 0x07, 0xFF, 0xFF, 0xFF, 0xFF, 0xF8, 0x00,
  0x00, 0x00, 0x03, 0xFF, 0xFF, 0xFF, 0xFF, 0xF8, 0x00, 0x00, 0x00, 0x00,
  0xFF, 0xFF, 0xFF, 0xFF, 0xFC, 0x00, 0x00, 0x00, 0x00, 0x7F, 0xFF, 0xFF,
  0xFF, 0xFC, 0x00, 0x00, 0x00, 0x00, 0x1F, 0xFF, 0xFF, 0xFF, 0xFE, 0x00,
  0x00, 0x00, 0x00, 0x0F, 0xFF, 0xFF, 0xFF, 0xFF, 0x00, 0x00, 0x00, 0x00,
  0x03, 0xFF, 0xFF, 0xFF, 0xFF, 0x00, 0x00, 0x00, 0x00, 0x01, 0xFF, 0xFF,
  0xFF, 0xFF, 0x80, 0x00, 0x00, 0x00, 0x00, 0xFF, 0xFF, 0xFF, 0xFF, 0x80,
  0x00, 0x00, 0x00, 0x00, 0x3F, 0xFF, 0xFF, 0xFF, 0xC0, 0x00, 0x00, 0x00,
  0x00, 0x1F, 0xFF, 0xFF, 0xFF, 0xC0, 0x00, 0x00, 0x00, 0x00, 0x07, 0xFF,
  0xFF, 0xFF, 0xE0, 0x00, 0x00, 0x00, 0x00, 0x03, 0xFF, 0xFF, 0xFF, 0xF0,
  0x00, 0x00, 0x00, 0x00, 0x00, 0xFF, 0xFF, 0xFF, 0xF0, 0x00, 0x00, 0x00,
  0x00, 0x00, 0x7F, 0xFF, 0xFF, 0xF8, 0x00, 0x00, 0x00, 0x00, 0x00, 0x3F,
  0xFF, 0xFF, 0xF8, 0x00, 0x00, 0x00, 0x00, 0x00, 0x0F, 0xFF, 0xFF, 0xFC,
  0x00, 0x00, 0x00, 0x00, 0x00, 0x07, 0xFF, 0xFF, 0xFE, 0x00, 0x00, 0x00,
  0x00, 0x00, 0x01, 0xFF, 0xFF, 0xFE, 0x00, 0x00, 0x00, 0x00, 0x00, 0x00,
  0xFF, 0xFF, 0xFF, 0x00, 0x00, 0x00, 0x00, 0x00, 0x00, 0x7F, 0xFF, 0xFF,
  0x00, 0x00, 0x00, 0x00, 0x00, 0x00, 0x1F, 0xFF, 0xFF, 0x80, 0x00, 0x00,
  0x00, 0x00, 0x00, 0x0F, 0xFF, 0xFF, 0xC0, 0x00, 0x00, 0x00, 0x00, 0x00,
  0x03, 0xFF, 0xFF, 0xC0, 0x00, 0x00, 0x00, 0x00, 0x00, 0x01, 0xFF, 0xFF,
  0xE0, 0x00, 0x00, 0x00, 0x00, 0x00, 0x01, 0xFF, 0xFF, 0xE0, 0x00, 0x00,
  0x00, 0x00, 0x00, 0x00, 0xFF, 0xFF, 0xF0, 0x00, 0x00, 0x00, 0x00, 0x00,
  0x00, 0xFF, 0xFF, 0xF0, 0x00, 0x00, 0x00, 0x00, 0x20, 0x00, 0xFF, 0xFF,
  0xF8, 0x00, 0x00, 0x00, 0x00, 0xFF, 0x81, 0xFF, 0xFF, 0xFC, 0x00, 0x00,
  0x00, 0x01, 0xFF, 0xFF, 0xFF, 0xFF, 0xFC, 0x00, 0x00, 0x00, 0x01, 0xFF,
  0xFF, 0xFF, 0xFF, 0xFE, 0x00, 0x00, 0x00, 0x01, 0xFF, 0xFF, 0xFF, 0xFF,
  0xFE, 0x00, 0x00, 0x00, 0x00, 0xFF, 0xFF, 0xFF, 0xFF, 0xFF, 0x00, 0x00,
  0x00, 0x00, 0xFF, 0xFF, 0xFF, 0xFF, 0xFF, 0x00, 0x00, 0x00, 0x00, 0x7F,
  0xFF, 0xFF, 0xFF, 0xFF, 0x80, 0x00, 0x00, 0x00, 0x3F, 0xFF, 0xFF, 0xFF,
  0xFF, 0x80, 0x00, 0x00, 0x00, 0x1F, 0xFF, 0xFF, 0xFF, 0xFF, 0x80, 0x00,
  0x00, 0x00, 0x0F, 0xFF, 0xFF, 0xFF, 0xFF, 0xC0, 0x00, 0x00, 0x00, 0x07,
  0xFF, 0xFF, 0xFF, 0xFF, 0xC0, 0x00, 0x00, 0x00, 0x01, 0xFF, 0xFF, 0xFF,
  0xFF, 0xC0, 0x00, 0x00, 0x00, 0x00, 0xFF, 0xFF, 0xFF, 0xFF, 0xC0, 0x00,
  0x00, 0x00, 0x00, 0x3F, 0xFF, 0xFF, 0xFF, 0xC0, 0x00, 0x00, 0x00, 0x00,
  0x1F, 0xFF, 0xFF, 0xFF, 0xC0, 0x00, 0x00, 0x00, 0x00, 0x03, 0xFF, 0xFF,
  0xFF, 0xC0, 0x00, 0x00, 0x00, 0x00, 0x00, 0xFF, 0xFF, 0xFF, 0x80, 0x00,
  0x00, 0x00, 0x00, 0x00, 0x0F, 0xFF, 0xFF, 0x00, 0x00, 0x00, 0x00, 0x00,
  0x00, 0x00, 0x7F, 0xF8, 0x00, 0x00, 0x00, 0x00, 0x00, 0x00, 0x01, 0xFF,
  0xFF, 0xFF, 0xFF, 0xFF, 0xFF, 0xF0, 0x00, 0xFF, 0xFF, 0xFF, 0xFF, 0xFF,
  0xFF, 0xFF, 0xC0, 0x7F, 0xFF, 0xFF, 0xFF, 0xFF, 0xFF, 0xFF, 0xFC, 0x0F,
  0xFF, 0xFF, 0xFF, 0xFF, 0xFF, 0xFF, 0xFF, 0xC3, 0xFF, 0xFF, 0xFF, 0xFF,
  0xFF, 0xFF, 0xFF, 0xFC, 0x7F, 0xFF, 0xFF, 0xFF, 0xFF, 0xFF, 0xFF, 0xFF,
  0x9F, 0xFF, 0xFF, 0xFF, 0xFF, 0xFF, 0xFF, 0xFF, 0xFB, 0xFF, 0xFF, 0xFF,
  0xFF, 0xFF, 0xFF, 0xFF, 0xFF, 0x7F, 0xFF, 0xFF, 0xFF, 0xFF, 0xFF, 0xFF,
  0xFF, 0xEF, 0xFF, 0xFF, 0xFF, 0xFF, 0xFF, 0xFF, 0xFF, 0xFD, 0xFF, 0xFF,
  0xFF, 0xFF, 0xFF, 0xFF, 0xFF, 0xFF, 0xBF, 0xFF, 0xFF, 0xFF, 0xFF, 0xFF,
  0xFF, 0xFF, 0xF3, 0xFF, 0xFF, 0xFF, 0xFF, 0xFF, 0xFF, 0xFF, 0xFE, 0x7F,
  0xFF, 0xFF, 0xFF, 0xFF, 0xFF, 0xFF, 0xFF, 0x87, 0xFF, 0xFF, 0xFF, 0xFF,
  0xFF, 0xFF, 0xFF, 0xF0, 0x3F, 0xFF, 0xFF, 0xFF, 0xFF, 0xFF, 0xFF, 0xFC,
  0x01, 0xFF, 0xFF, 0xFF, 0xFF, 0xFF, 0xFF, 0xFF, 0x80, 0x00, 0x00, 0x00,
  0x00, 0x3F, 0xFF, 0xFF, 0xE0, 0x00, 0x00, 0x00, 0x00, 0x0F, 0xFF, 0xFF,
  0xF8, 0x00, 0x00, 0x00, 0x00, 0x03, 0xFF, 0xFF, 0xFE, 0x00, 0x00, 0x00,
  0x00, 0x00, 0xFF, 0xFF, 0xFF, 0xC0, 0x00, 0x00, 0x00, 0x00, 0x1F, 0xFF,
  0xFF, 0xF0, 0x00, 0x00, 0x00, 0x00, 0x07, 0xFF, 0xFF, 0xFC, 0x00, 0x00,
  0x00, 0x00, 0x01, 0xFF, 0xFF, 0xFF, 0x00, 0x00, 0x00, 0x00, 0x00, 0x7F,
  0xFF, 0xFF, 0xC0, 0x00, 0x00, 0x00, 0x00, 0x1F, 0xFF, 0xFF, 0xF0, 0x00,
  0x00, 0x00, 0x00, 0x07, 0xFF, 0xFF, 0xFC, 0x00, 0x00, 0x00, 0x00, 0x01,
  0xFF, 0xFF, 0xFF, 0x00, 0x00, 0x00, 0x00, 0x00, 0x7F, 0xFF, 0xFF, 0xC0,
  0x00, 0x00, 0x00, 0x00, 0x1F, 0xFF, 0xFF, 0xF0, 0x00, 0x00, 0x00, 0x00,
  0x03, 0xFF, 0xFF, 0xFE, 0x00, 0x00, 0x00, 0x00, 0x00, 0xFF, 0xFF, 0xFF,
  0x80, 0x00, 0x00, 0x00, 0x00, 0x3F, 0xFF, 0xFF, 0xE0, 0x00, 0x00, 0x00,
  0x00, 0x0F, 0xFF, 0xFF, 0xF8, 0x00, 0x00, 0x00, 0x00, 0x03, 0xFF, 0xFF,
  0xFE, 0x00, 0x00, 0x00, 0x00, 0x00, 0xFF, 0xFF, 0xFF, 0x80, 0x00, 0x00,
  0x00, 0x00, 0x3F, 0xFF, 0xFF, 0xE0, 0x00, 0x00, 0x00, 0x00, 0x0F, 0xFF,
  0xFF, 0xF8, 0x00, 0x00, 0x00, 0x00, 0x03, 0xFF, 0xFF, 0xFE, 0x00, 0x00,
  0x00, 0x00, 0x00, 0x7F, 0xFF, 0xFF, 0x80, 0x00, 0x00, 0x00, 0x00, 0x1F,
  0xFF, 0xFF, 0xF0, 0x00, 0x00, 0x00, 0x00, 0x07, 0xFF, 0xFF, 0xFC, 0x00,
  0x00, 0x00, 0x00, 0x01, 0xFF, 0xFF, 0xFF, 0x00, 0x00, 0x00, 0x00, 0x00,
  0x7F, 0xFF, 0xFF, 0xC0, 0x00, 0x00, 0x00, 0x00, 0x1F, 0xFF, 0xFF, 0xF0,
  0x00, 0x00, 0x00, 0x00, 0x07, 0xFF, 0xFF, 0xFC, 0x00, 0x00, 0x00, 0x00,
  0x01, 0xFF, 0xFF, 0xFF, 0x00, 0x00, 0x00, 0x00, 0x00, 0x3F, 0xFF, 0xFF,
  0xC0, 0x00, 0x00, 0x00, 0x00, 0x0F, 0xFF, 0xFF, 0xF0, 0x00, 0x00, 0x00,
  0x00, 0x03, 0xFF, 0xFF, 0xFE, 0x00, 0x00, 0x00, 0x00, 0x00, 0xFF, 0xFF,
  0xFF, 0x80, 0x00, 0x00, 0x00, 0x00, 0x3F, 0xFF, 0xFF, 0xE0, 0x00, 0x00,
  0x00, 0x00, 0x0F, 0xFF, 0xFF, 0xF8, 0x00, 0x00, 0x00, 0x00, 0x03, 0xFF,
  0xFF, 0xFE, 0x00, 0x00, 0x00, 0x00, 0x00, 0xFF, 0xFF, 0xFF, 0x80, 0x00,
  0x00, 0x00, 0x00, 0x3F, 0xFF, 0xFF, 0xE0, 0x00, 0x00, 0x00, 0x00, 0x07,
  0xFF, 0xFF, 0xF8, 0x00, 0x00, 0x00, 0x00, 0x01, 0xFF, 0xFF, 0xFE, 0x00,
  0x00, 0x00, 0x00, 0x00, 0x7F, 0xFF, 0xFF, 0x80, 0x00, 0x00, 0x00, 0x00,
  0x1F, 0xFF, 0xFF, 0xFF, 0xFF, 0xFF, 0xFF, 0xFC, 0x03, 0xFF, 0xFF, 0xFF,
  0xFF, 0xFF, 0xFF, 0xFF, 0xE0, 0xFF, 0xFF, 0xFF, 0xFF, 0xFF, 0xFF, 0xFF,
  0xFF, 0x1F, 0xFF, 0xFF, 0xFF, 0xFF, 0xFF, 0xFF, 0xFF, 0xE7, 0xFF, 0xFF,
  0xFF, 0xFF, 0xFF, 0xFF, 0xFF, 0xFE, 0xFF, 0xFF, 0xFF, 0xFF, 0xFF, 0xFF,
  0xFF, 0xFF, 0xDF, 0xFF, 0xFF, 0xFF, 0xFF, 0xFF, 0xFF, 0xFF, 0xFF, 0xFF,
  0xFF, 0xFF, 0xFF, 0xFF, 0xFF, 0xFF, 0xFF, 0xFF, 0xFF, 0xFF, 0xFF, 0xFF,
  0xFF, 0xFF, 0xFF, 0xFF, 0xFF, 0xFF, 0xFF, 0xFF, 0xFF, 0xFF, 0xFF, 0xFF,
  0xFF, 0xFF, 0xFF, 0xFF, 0xFF, 0xFF, 0xFF, 0xFF, 0xDF, 0xFF, 0xFF, 0xFF,
  0xFF, 0xFF, 0xFF, 0xFF, 0xFB, 0xFF, 0xFF, 0xFF, 0xFF, 0xFF, 0xFF, 0xFF,
  0xFE, 0x3F, 0xFF, 0xFF, 0xFF, 0xFF, 0xFF, 0xFF, 0xFF, 0x83, 0xFF, 0xFF,
  0xFF, 0xFF, 0xFF, 0xFF, 0xFF, 0xF0, 0x3F, 0xFF, 0xFF, 0xFF, 0xFF, 0xFF,
  0xFF, 0xF8, 0x00, 0xFF, 0xFF, 0xFF, 0xFF, 0xFF, 0xFF, 0xFE, 0x00, 0x00,
  0x00, 0x00, 0x00, 0x00, 0x01, 0xF0, 0x00, 0x00, 0x00, 0x00, 0x00, 0x0F,
  0xFE, 0x00, 0x00, 0x00, 0x00, 0x00, 0x3F, 0xFF, 0x80, 0x00, 0x00, 0x00,
  0x00, 0xFF, 0xFF, 0xE0, 0x00, 0x00, 0x00, 0x01, 0xFF, 0xFF, 0xF0, 0x00,
  0x00, 0x00, 0x03, 0xFF, 0xFF, 0xFC, 0x00, 0x00, 0x00, 0x07, 0xFF, 0xFF,
  0xFE, 0x00, 0x00, 0x00, 0x07, 0xFF, 0xFF, 0xFF, 0x00, 0x00, 0x00, 0x0F,
  0xFF, 0xFF, 0xFF, 0x80, 0x00, 0x00, 0x0F, 0xFF, 0xFF, 0xFF, 0xC0, 0x00,
  0x00, 0x0F, 0xFF, 0xFF, 0xFF, 0xE0, 0x00, 0x00, 0x0F, 0xFF, 0xFF, 0xFF,
  0xE0, 0x00, 0x00, 0x0F, 0xFF, 0xFF, 0xFF, 0xF0, 0x00, 0x00, 0x07, 0xFF,
  0xFF, 0xFF, 0xF0, 0x00, 0x00, 0x07, 0xFF, 0xFF, 0xFF, 0xE0, 0x00, 0x00,
  0x03, 0xFF, 0xFF, 0xFF, 0xC0, 0x00, 0x00, 0x03, 0xFF, 0xFF, 0xFF, 0x80,
  0x00, 0x00, 0x01, 0xFF, 0xFF, 0xFF, 0x00, 0x00, 0x00, 0x01, 0xFF, 0xFF,
  0xFE, 0x00, 0x00, 0x00, 0x00, 0xFF, 0xFF, 0xFE, 0x00, 0x00, 0x00, 0x00,
  0x7F, 0xFF, 0xFE, 0x00, 0x00, 0x00, 0x00, 0x3F, 0xFF, 0xFE, 0x00, 0x00,
  0x00, 0x00, 0x3F, 0xFF, 0xFE, 0x00, 0x00, 0x00, 0x00, 0x1F, 0xFF, 0xFF,
  0x00, 0x00, 0x00, 0x00, 0x0F, 0xFF, 0xFF, 0x80, 0x00, 0x00, 0x00, 0x07,
  0xFF, 0xFF, 0x80, 0x00, 0x00, 0x00, 0x03, 0xFF, 0xFF, 0xC0, 0x00, 0x00,
  0x00, 0x01, 0xFF, 0xFF, 0xE0, 0x00, 0x00, 0x00, 0x00, 0xFF, 0xFF, 0xF0,
  0x00, 0x00, 0x00, 0x00, 0x7F, 0xFF, 0xF8, 0x00, 0x00, 0x00, 0x00, 0x3F,
  0xFF, 0xFC, 0x00, 0x00, 0x00, 0x00, 0x1F, 0xFF, 0xFE, 0x00, 0x00, 0x00,
  0x00, 0x0F, 0xFF, 0xFF, 0x00, 0x00, 0x00, 0x00, 0x07, 0xFF, 0xFF, 0x80,
  0x00, 0x00, 0x00, 0x03, 0xFF, 0xFF, 0xC0, 0x00, 0x00, 0x00, 0x01, 0xFF,
  0xFF, 0xE0, 0x00, 0x00, 0x00, 0x00, 0xFF, 0xFF, 0xF0, 0x00, 0x00, 0x00,
  0x00, 0x7F, 0xFF, 0xF8, 0x00, 0x00, 0x00, 0x00, 0x3F, 0xFF, 0xFC, 0x00,
  0x00, 0x00, 0x00, 0x1F, 0xFF, 0xFE, 0x00, 0x00, 0x00, 0x00, 0x0F, 0xFF,
  0xFF, 0x00, 0x00, 0x00, 0x00, 0x07, 0xFF, 0xFF, 0x80, 0x00, 0x00, 0x00,
  0x03, 0xFF, 0xFF, 0xC0, 0x00, 0x00, 0x00, 0x03, 0xFF, 0xFF, 0xE0, 0x00,
  0x00, 0x00, 0x01, 0xFF, 0xFF, 0xF0, 0x00, 0x00, 0x00, 0x00, 0xFF, 0xFF,
  0xF8, 0x00, 0x00, 0x00, 0x00, 0xFF, 0xFF, 0xF8, 0x00, 0x00, 0x00, 0x00,
  0xFF, 0xFF, 0xFC, 0x00, 0x00, 0x00, 0x00, 0x7F, 0xFF, 0xFE, 0x00, 0x00,
  0x00, 0x00, 0xFF, 0xFF, 0xFE, 0x00, 0x00, 0x00, 0x01, 0xFF, 0xFF, 0xFF,
  0x00, 0x00, 0x00, 0x7F, 0xFF, 0xFF, 0xFF, 0x00, 0x00, 0x00, 0xFF, 0xFF,
  0xFF, 0xFF, 0x80, 0x00, 0x01, 0xFF, 0xFF, 0xFF, 0xFF, 0x80, 0x00, 0x01,
  0xFF, 0xFF, 0xFF, 0xFF, 0x80, 0x00, 0x00, 0xFF, 0xFF, 0xFF, 0xFF, 0x80,
  0x00, 0x00, 0xFF, 0xFF, 0xFF, 0xFF, 0x00, 0x00, 0x00, 0x7F, 0xFF, 0xFF,
  0xFE, 0x00, 0x00, 0x00, 0x3F, 0xFF, 0xFF, 0xFC, 0x00, 0x00, 0x00, 0x1F,
  0xFF, 0xFF, 0xF0, 0x00, 0x00, 0x00, 0x0F, 0xFF, 0xFF, 0xFF, 0x00, 0x00,
  0x00, 0x07, 0xFF, 0xFF, 0xFF, 0xE0, 0x00, 0x00, 0x03, 0xFF, 0xFF, 0xFF,
  0xFC, 0x00, 0x00, 0x00, 0xFF, 0xFF, 0xFF, 0xFF, 0x80, 0x00, 0x00, 0x7F,
  0xFF, 0xFF, 0xFF, 0xE0, 0x00, 0x00, 0x1F, 0xFF, 0xFF, 0xFF, 0xF8, 0x00,
  0x00, 0x03, 0xFF, 0xFF, 0xFF, 0xFE, 0x00, 0x00, 0x00, 0x7F, 0xFF, 0xFF,
  0xFF, 0x00, 0x00, 0x00, 0x00, 0x7F, 0xFF, 0xFF, 0xC0, 0x00, 0x00, 0x00,
  0x0F, 0xFF, 0xFF, 0xE0, 0x00, 0x00, 0x00, 0x01, 0xFF, 0xFF, 0xF8, 0x00,
  0x00, 0x00, 0x00, 0xFF, 0xFF, 0xFC, 0x00, 0x00, 0x00, 0x00, 0x3F, 0xFF,
  0xFE, 0x00, 0x00, 0x00, 0x00, 0x0F, 0xFF, 0xFF, 0x80, 0x00, 0x00, 0x00,
  0x07, 0xFF, 0xFF, 0xC0, 0x00, 0x00, 0x00, 0x03, 0xFF, 0xFF, 0xE0, 0x00,
  0x00, 0x00, 0x00, 0xFF, 0xFF, 0xF0, 0x00, 0x00, 0x00, 0x00, 0x7F, 0xFF,
  0xF8, 0x00, 0x00, 0x00, 0x00, 0x3F, 0xFF, 0xFC, 0x00, 0x00, 0x00, 0x00,
  0x1F, 0xFF, 0xFE, 0x00, 0x00, 0x00, 0x00, 0x0F, 0xFF, 0xFF, 0x00, 0x00,
  0x00, 0x00, 0x07, 0xFF, 0xFF, 0x80, 0x00, 0x00, 0x00, 0x03, 0xFF, 0xFF,
  0xC0, 0x00, 0x00, 0x00, 0x01, 0xFF, 0xFF, 0xE0, 0x00, 0x00, 0x00, 0x00,
  0xFF, 0xFF, 0xF0, 0x00, 0x00, 0x00, 0x00, 0x7F, 0xFF, 0xF8, 0x00, 0x00,
  0x00, 0x00, 0x3F, 0xFF, 0xFC, 0x00, 0x00, 0x00, 0x00, 0x1F, 0xFF, 0xFE,
  0x00, 0x00, 0x00, 0x00, 0x0F, 0xFF, 0xFF, 0x00, 0x00, 0x00, 0x00, 0x07,
  0xFF, 0xFF, 0x80, 0x00, 0x00, 0x00, 0x03, 0xFF, 0xFF, 0xC0, 0x00, 0x00,
  0x00, 0x01, 0xFF, 0xFF, 0xE0, 0x00, 0x00, 0x00, 0x00, 0xFF, 0xFF, 0xF0,
  0x00, 0x00, 0x00, 0x00, 0x7F, 0xFF, 0xFC, 0x00, 0x00, 0x00, 0x00, 0x3F,
  0xFF, 0xFE, 0x00, 0x00, 0x00, 0x00, 0x1F, 0xFF, 0xFF, 0x00, 0x00, 0x00,
  0x00, 0x0F, 0xFF, 0xFF, 0xC0, 0x00, 0x00, 0x00, 0x07, 0xFF, 0xFF, 0xE0,
  0x00, 0x00, 0x00, 0x01, 0xFF, 0xFF, 0xF8, 0x00, 0x00, 0x00, 0x00, 0xFF,
  0xFF, 0xFE, 0x00, 0x00, 0x00, 0x00, 0x7F, 0xFF, 0xFF, 0x80, 0x00, 0x00,
  0x00, 0x1F, 0xFF, 0xFF, 0xF0, 0x00, 0x00, 0x00, 0x0F, 0xFF, 0xFF, 0xFE,
  0x00, 0x00, 0x00, 0x07, 0xFF, 0xFF, 0xFF, 0xC0, 0x00, 0x00, 0x01, 0xFF,
  0xFF, 0xFF, 0xF8, 0x00, 0x00, 0x00, 0x7F, 0xFF, 0xFF, 0xFF, 0x00, 0x00,
  0x00, 0x3F, 0xFF, 0xFF, 0xFF, 0xC0, 0x00, 0x00, 0x0F, 0xFF, 0xFF, 0xFF,
  0xE0, 0x00, 0x00, 0x03, 0xFF, 0xFF, 0xFF, 0xF8, 0x00, 0x00, 0x00, 0xFF,
  0xFF, 0xFF, 0xFC, 0x00, 0x00, 0x00, 0x3F, 0xFF, 0xFF, 0xFE, 0x00, 0x00,
  0x00, 0x0F, 0xFF, 0xFF, 0xFF, 0x00, 0x00, 0x00, 0x01, 0xFF, 0xFF, 0xFF,
  0x80, 0x00, 0x00, 0x00, 0x3F, 0xFF, 0xFF, 0xC0, 0x00, 0x00, 0x00, 0x07,
  0xFF, 0xFF, 0xC0, 0x00, 0x00, 0x00, 0x00, 0xFF, 0xFF, 0xE0, 0x00, 0x00,
  0x00, 0x00, 0x0F, 0xFF, 0xE0, 0x00, 0x00, 0x00, 0x00, 0x00, 0xFF, 0xE0,
  0x00, 0x00, 0x00, 0x00, 0x00, 0x07, 0xC0, 0x07, 0xE0, 0x07, 0xFC, 0x0F,
  0xFF, 0x87, 0xFF, 0xC7, 0xFF, 0xF3, 0xFF, 0xFB, 0xFF, 0xFF, 0xFF, 0xFF,
  0xFF, 0xFF, 0xFF, 0xFF, 0xFF, 0xFF, 0xFF, 0xFF, 0xFF, 0xFF, 0xFF, 0xFF,
  0xFF, 0xFF, 0xFF, 0xFF, 0xFF, 0xFF, 0xFF, 0xFF, 0xFF, 0xFF, 0xFF, 0xFF,
  0xFF, 0xFF, 0xFF, 0xFF, 0xFF, 0xFF, 0xFF, 0xFF, 0xFF, 0xFF, 0xFF, 0xFF,
  0xFF, 0xFF, 0xFF, 0xFF, 0xFF, 0xFF, 0xFF, 0xFF, 0xFF, 0xFF, 0xFF, 0xFF,
  0xFF, 0xFF, 0xFF, 0xFF, 0xFF, 0xFF, 0xFF, 0xFF, 0xFF, 0xFF, 0xFF, 0xFF,
  0xFF, 0xFF, 0xFF, 0xFF, 0xFF, 0xFF, 0xFF, 0xFF, 0xFF, 0xFF, 0xFF, 0xFF,
  0xFF, 0xFF, 0xFF, 0xFF, 0xFF, 0xFF, 0xFF, 0xFF, 0xFF, 0xFF, 0xFF, 0xFF,
  0xFF, 0xFF, 0xFF, 0xFF, 0xFF, 0xFF, 0xFF, 0xFF, 0xFF, 0xFF, 0xFF, 0xFF,
  0xFF, 0xFF, 0xFF, 0xFF, 0xFF, 0xFF, 0xFF, 0xFF, 0xFF, 0xFF, 0xFF, 0xFF,
  0xFF, 0xFF, 0xFF, 0xFF, 0xFF, 0xFF, 0xFF, 0xFF, 0xFF, 0xFF, 0xFF, 0xFF,
  0xFF, 0xFF, 0xFF, 0xFF, 0xFF, 0xFF, 0xFF, 0xFF, 0xFF, 0xFF, 0xFF, 0xFF,
  0xFF, 0xFF, 0xFF, 0xFF, 0xFF, 0xFF, 0xFF, 0xFF, 0xFF, 0xFF, 0xFF, 0xFF,
  0xFF, 0xFF, 0xFF, 0xFF, 0xFF, 0xFF, 0xFF, 0xFF, 0xFF, 0xFF, 0xFF, 0xFF,
  0xFF, 0xFF, 0xFF, 0xFF, 0xFF, 0xFF, 0xFF, 0xFF, 0xFF, 0xFF, 0xFF, 0xFF,
  0xFF, 0xFF, 0xFF, 0xFF, 0xFF, 0xFF, 0xFF, 0xFF, 0xFF, 0xFF, 0xFF, 0xFF,
  0xFF, 0xFF, 0xFF, 0xFF, 0xFF, 0xFF, 0xFF, 0xFF, 0xFF, 0xFF, 0xFF, 0xFF,
  0xFF, 0xFF, 0xFF, 0xFF, 0xFF, 0xFF, 0xFF, 0xFF, 0xFF, 0xFF, 0xFF, 0xFF,
  0xFF, 0xFF, 0xFF, 0xFF, 0xFF, 0xFF, 0xFF, 0xFF, 0xFF, 0xFF, 0xFF, 0xFF,
  0xFF, 0xFF, 0xFF, 0xFF, 0xFF, 0xFF, 0xFF, 0xFF, 0xFF, 0xFF, 0xFF, 0xFF,
  0xFF, 0xFF, 0xFF, 0xFF, 0xFF, 0xFF, 0xFF, 0xFF, 0xFF, 0xFF, 0xFF, 0xFF,
  0xFF, 0xFF, 0xFF, 0xFF, 0xFF, 0xFF, 0xFF, 0xFF, 0xFF, 0xFF, 0xFF, 0xFF,
  0xFF, 0xFF, 0xFE, 0x7F, 0xFF, 0x1F, 0xFF, 0x0F, 0xFF, 0x81, 0xFF, 0x00,
  0x7F, 0x00, 0x03, 0xC0, 0x00, 0x00, 0x00, 0x00, 0x00, 0x03, 0xFF, 0x00,
  0x00, 0x00, 0x00, 0x00, 0x01, 0xFF, 0xFC, 0x00, 0x00, 0x00, 0x00, 0x00,
  0xFF, 0xFF, 0xE0, 0x00, 0x00, 0x00, 0x00, 0x7F, 0xFF, 0xFE, 0x00, 0x00,
  0x00, 0x00, 0x1F, 0xFF, 0xFF, 0xE0, 0x00, 0x00, 0x00, 0x07, 0xFF, 0xFF,
  0xFE, 0x00, 0x00, 0x00, 0x03, 0xFF, 0xFF, 0xFF, 0xC0, 0x00, 0x00, 0x00,
  0xFF, 0xFF, 0xFF, 0xFC, 0x00, 0x00, 0x00, 0x1F, 0xFF, 0xFF, 0xFF, 0x80,
  0x00, 0x00, 0x07, 0xFF, 0xFF, 0xFF, 0xF0, 0x00, 0x00, 0x01, 0xFF, 0xFF,
  0xFF, 0xFE, 0x00, 0x00, 0x00, 0x3F, 0xFF, 0xFF, 0xFF, 0xC0, 0x00, 0x00,
  0x07, 0xFF, 0xFF, 0xFF, 0xF0, 0x00, 0x00, 0x00, 0xFF, 0xFF, 0xFF, 0xFE,
  0x00, 0x00, 0x00, 0x07, 0xFF, 0xFF, 0xFF, 0x80, 0x00, 0x00, 0x00, 0x7F,
  0xFF, 0xFF, 0xF0, 0x00, 0x00, 0x00, 0x07, 0xFF, 0xFF, 0xFC, 0x00, 0x00,
  0x00, 0x00, 0x7F, 0xFF, 0xFF, 0x80, 0x00, 0x00, 0x00, 0x0F, 0xFF, 0xFF,
  0xE0, 0x00, 0x00, 0x00, 0x01, 0xFF, 0xFF, 0xF8, 0x00, 0x00, 0x00, 0x00,
  0x3F, 0xFF, 0xFE, 0x00, 0x00, 0x00, 0x00, 0x0F, 0xFF, 0xFF, 0xC0, 0x00,
  0x00, 0x00, 0x01, 0xFF, 0xFF, 0xF0, 0x00, 0x00, 0x00, 0x00, 0x7F, 0xFF,
  0xFC, 0x00, 0x00, 0x00, 0x00, 0x1F, 0xFF, 0xFF, 0x00, 0x00, 0x00, 0x00,
  0x03, 0xFF, 0xFF, 0xC0, 0x00, 0x00, 0x00, 0x00, 0xFF, 0xFF, 0xF0, 0x00,
  0x00, 0x00, 0x00, 0x3F, 0xFF, 0xFC, 0x00, 0x00, 0x00, 0x00, 0x0F, 0xFF,
  0xFF, 0x00, 0x00, 0x00, 0x00, 0x03, 0xFF, 0xFF, 0xC0, 0x00, 0x00, 0x00,
  0x00, 0xFF, 0xFF, 0xF0, 0x00, 0x00, 0x00, 0x00, 0x3F, 0xFF, 0xFC, 0x00,
  0x00, 0x00, 0x00, 0x0F, 0xFF, 0xFF, 0x00, 0x00, 0x00, 0x00, 0x03, 0xFF,
  0xFF, 0xC0, 0x00, 0x00, 0x00, 0x00, 0xFF, 0xFF, 0xF0, 0x00, 0x00, 0x00,
  0x00, 0x3F, 0xFF, 0xFC, 0x00, 0x00, 0x00, 0x00, 0x0F, 0xFF, 0xFF, 0x00,
  0x00, 0x00, 0x00, 0x03, 0xFF, 0xFF, 0xC0, 0x00, 0x00, 0x00, 0x00, 0xFF,
  0xFF, 0xF0, 0x00, 0x00, 0x00, 0x00, 0x3F, 0xFF, 0xFC, 0x00, 0x00, 0x00,
  0x00, 0x0F, 0xFF, 0xFF, 0x00, 0x00, 0x00, 0x00, 0x03, 0xFF, 0xFF, 0xC0,
  0x00, 0x00, 0x00, 0x00, 0xFF, 0xFF, 0xF8, 0x00, 0x00, 0x00, 0x00, 0x3F,
  0xFF, 0xFE, 0x00, 0x00, 0x00, 0x00, 0x0F, 0xFF, 0xFF, 0x80, 0x00, 0x00,
  0x00, 0x01, 0xFF, 0xFF, 0xF0, 0x00, 0x00, 0x00, 0x00, 0x7F, 0xFF, 0xFC,
  0x00, 0x00, 0x00, 0x00, 0x1F, 0xFF, 0xFF, 0x80, 0x00, 0x00, 0x00, 0x03,
  0xFF, 0xFF, 0xF8, 0x00, 0x00, 0x00, 0x00, 0xFF, 0xFF, 0xFF, 0x80, 0x00,
  0x00, 0x00, 0x1F, 0xFF, 0xFF, 0xFF, 0xC0, 0x00, 0x00, 0x07, 0xFF, 0xFF,
  0xFF, 0xFC, 0x00, 0x00, 0x00, 0xFF, 0xFF, 0xFF, 0xFF, 0x80, 0x00, 0x00,
  0x1F, 0xFF, 0xFF, 0xFF, 0xF0, 0x00, 0x00, 0x01, 0xFF, 0xFF, 0xFF, 0xFE,
  0x00, 0x00, 0x00, 0x3F, 0xFF, 0xFF, 0xFF, 0x80, 0x00, 0x00, 0x03, 0xFF,
  0xFF, 0xFF, 0xE0, 0x00, 0x00, 0x00, 0x3F, 0xFF, 0xFF, 0xF8, 0x00, 0x00,
  0x00, 0x01, 0xFF, 0xFF, 0xFF, 0x00, 0x00, 0x00, 0x03, 0xFF, 0xFF, 0xFF,
  0x80, 0x00, 0x00, 0x03, 0xFF, 0xFF, 0xFF, 0xE0, 0x00, 0x00, 0x03, 0xFF,
  0xFF, 0xFF, 0xF8, 0x00, 0x00, 0x01, 0xFF, 0xFF, 0xFF, 0xFE, 0x00, 0x00,
  0x01, 0xFF, 0xFF, 0xFF, 0xFF, 0x00, 0x00, 0x00, 0xFF, 0xFF, 0xFF, 0xFF,
  0x80, 0x00, 0x00, 0x7F, 0xFF, 0xFF, 0xFF, 0xC0, 0x00, 0x00, 0x1F, 0xFF,
  0xFF, 0xFF, 0xC0, 0x00, 0x00, 0x0F, 0xFF, 0xFF, 0xF8, 0x00, 0x00, 0x00,
  0x03, 0xFF, 0xFF, 0xF8, 0x00, 0x00, 0x00, 0x01, 0xFF, 0xFF, 0xF8, 0x00,
  0x00, 0x00, 0x00, 0x7F, 0xFF, 0xFE, 0x00, 0x00, 0x00, 0x00, 0x1F, 0xFF,
  0xFF, 0x00, 0x00, 0x00, 0x00, 0x0F, 0xFF, 0xFF, 0x80, 0x00, 0x00, 0x00,
  0x03, 0xFF, 0xFF, 0xE0, 0x00, 0x00, 0x00, 0x00, 0xFF, 0xFF, 0xF8, 0x00,
  0x00, 0x00, 0x00, 0x3F, 0xFF, 0xFC, 0x00, 0x00, 0x00, 0x00, 0x0F, 0xFF,
  0xFF, 0x00, 0x00, 0x00, 0x00, 0x03, 0xFF, 0xFF, 0xC0, 0x00, 0x00, 0x00,
  0x00, 0xFF, 0xFF, 0xF0, 0x00, 0x00, 0x00, 0x00, 0x3F, 0xFF, 0xFC, 0x00,
  0x00, 0x00, 0x00, 0x0F, 0xFF, 0xFF, 0x00, 0x00, 0x00, 0x00, 0x03, 0xFF,
  0xFF, 0xC0, 0x00, 0x00, 0x00, 0x00, 0xFF, 0xFF, 0xF0, 0x00, 0x00, 0x00,
  0x00, 0x3F, 0xFF, 0xFC, 0x00, 0x00, 0x00, 0x00, 0x0F, 0xFF, 0xFF, 0x00,
  0x00, 0x00, 0x00, 0x03, 0xFF, 0xFF, 0xC0, 0x00, 0x00, 0x00, 0x00, 0xFF,
  0xFF, 0xF0, 0x00, 0x00, 0x00, 0x00, 0x3F, 0xFF, 0xFC, 0x00, 0x00, 0x00,
  0x00, 0x0F, 0xFF, 0xFF, 0x00, 0x00, 0x00, 0x00, 0x03, 0xFF, 0xFF, 0xC0,
  0x00, 0x00, 0x00, 0x00, 0xFF, 0xFF, 0xF0, 0x00, 0x00, 0x00, 0x00, 0x3F,
  0xFF, 0xFC, 0x00, 0x00, 0x00, 0x00, 0x1F, 0xFF, 0xFF, 0x00, 0x00, 0x00,
  0x00, 0x07, 0xFF, 0xFF, 0xC0, 0x00, 0x00, 0x00, 0x01, 0xFF, 0xFF, 0xF0,
  0x00, 0x00, 0x00, 0x00, 0xFF, 0xFF, 0xFC, 0x00, 0x00, 0x00, 0x00, 0x3F,
  0xFF, 0xFE, 0x00, 0x00, 0x00, 0x00, 0x1F, 0xFF, 0xFF, 0x80, 0x00, 0x00,
  0x00, 0x0F, 0xFF, 0xFF, 0xE0, 0x00, 0x00, 0x00, 0x07, 0xFF, 0xFF, 0xF8,
  0x00, 0x00, 0x00, 0x07, 0xFF, 0xFF, 0xFC, 0x00, 0x00, 0x00, 0x07, 0xFF,
  0xFF, 0xFF, 0x00, 0x00, 0x00, 0x07, 0xFF, 0xFF, 0xFF, 0x80, 0x00, 0x00,
  0x0F, 0xFF, 0xFF, 0xFF, 0xE0, 0x00, 0x00, 0x07, 0xFF, 0xFF, 0xFF, 0xF0,
  0x00, 0x00, 0x03, 0xFF, 0xFF, 0xFF, 0xFC, 0x00, 0x00, 0x01, 0xFF, 0xFF,
  0xFF, 0xFE, 0x00, 0x00, 0x00, 0x7F, 0xFF, 0xFF, 0xFF, 0x00, 0x00, 0x00,
  0x1F, 0xFF, 0xFF, 0xFF, 0x80, 0x00, 0x00, 0x07, 0xFF, 0xFF, 0xFF, 0xC0,
  0x00, 0x00, 0x03, 0xFF, 0xFF, 0xFF, 0xC0, 0x00, 0x00, 0x00, 0x7F, 0xFF,
  0xFF, 0xE0, 0x00, 0x00, 0x00, 0x1F, 0xFF, 0xFF, 0xE0, 0x00, 0x00, 0x00,
  0x07, 0xFF, 0xFF, 0xE0, 0x00, 0x00, 0x00, 0x00, 0xFF, 0xFF, 0xC0, 0x00,
  0x00, 0x00, 0x00, 0x3F, 0xFF, 0xC0, 0x00, 0x00, 0x00, 0x00, 0x03, 0xFF,
  0x00, 0x00, 0x00, 0x00, 0x00, 0x00, 0x3E, 0x00, 0x00, 0x00, 0x00, 0x00,
  0x00, 0x00, 0x00, 0x00, 0x00, 0x00, 0x00, 0x40, 0x00, 0x00, 0x00, 0x00,
  0x00, 0x03, 0xF8, 0x00, 0x0F, 0xF8, 0x00, 0x00, 0x07, 0xFC, 0x00, 0x3F,
  0xFF, 0x00, 0x00, 0x0F, 0xFE, 0x00, 0xFF, 0xFF, 0xE0, 0x00, 0x0F, 0xFF,
  0x01, 0xFF, 0xFF, 0xFC, 0x00, 0x1F, 0xFF, 0x03, 0xFF, 0xFF, 0xFF, 0x00,
  0x3F, 0xFF, 0x07, 0xFF, 0xFF, 0xFF, 0xE0, 0x7F, 0xFF, 0x07, 0xFF, 0xFF,
  0xFF, 0xFF, 0xFF, 0xFF, 0x0F, 0xFF, 0xFF, 0xFF, 0xFF, 0xFF, 0xFF, 0x1F,
  0xFF, 0xFF, 0xFF, 0xFF, 0xFF, 0xFE, 0x1F, 0xFF, 0xFF, 0xFF, 0xFF, 0xFF,
  0xFE, 0x3F, 0xFF, 0xFF, 0xFF, 0xFF, 0xFF, 0xFC, 0x3F, 0xFF, 0xFF, 0xFF,
  0xFF, 0xFF, 0xFC, 0x7F, 0xFF, 0xFF, 0xFF, 0xFF, 0xFF, 0xF8, 0x7F, 0xFF,
  0xFF, 0xFF, 0xFF, 0xFF, 0xF8, 0x7F, 0xFF, 0xFF, 0xFF, 0xFF, 0xFF, 0xF0,
  0xFF, 0xFF, 0xFF, 0xFF, 0xFF, 0xFF, 0xF0, 0xFF, 0xFF, 0x07, 0xFF, 0xFF,
  0xFF, 0xE0, 0xFF, 0xFC, 0x00, 0xFF, 0xFF, 0xFF, 0xC0, 0xFF, 0xF8, 0x00,
  0x3F, 0xFF, 0xFF, 0x80, 0xFF, 0xF0, 0x00, 0x07, 0xFF, 0xFF, 0x00, 0x7F,
  0xF0, 0x00, 0x00, 0xFF, 0xFC, 0x00, 0x7F, 0xE0, 0x00, 0x00, 0x1F, 0xF0,
  0x00, 0x3F, 0xC0, 0x00, 0x00, 0x00, 0x00, 0x00, 0x0F, 0x80, 0x00, 0x00,
  0x00, 0x00, 0x00 };

const GFXglyph GothamRnd_Bold72pt7bGlyphs[] PROGMEM = {
  {     0,   1,   1,  42,    0,    0 },   // 0x20 ' '
  {     1,  26, 101,  47,   10,  -99 },   // 0x21 '!'
  {   330,  58,  46,  73,    8,  -98 },   // 0x22 '"'
  {   664,  91, 101,  99,    4,  -99 },   // 0x23 '#'
  {  1813,  77, 123,  91,    7, -107 },   // 0x24 '$'
  {  2997, 109, 101, 121,    6,  -99 },   // 0x25 '%'
  {  4374,  88, 102,  98,    5, -100 },   // 0x26 '&'
  {  5496,  24,  46,  40,    8,  -98 },   // 0x27 '''
  {  5634,  49, 119,  63,    8,  -99 },   // 0x28 '('
  {  6363,  48, 119,  62,    6,  -99 },   // 0x29 ')'
  {  7077,  45,  48,  61,    8,  -99 },   // 0x2A '*'
  {  7347,  73,  72,  91,    9,  -85 },   // 0x2B '+'
  {  8004,  29,  47,  40,    3,  -23 },   // 0x2C ','
  {  8175,  45,  20,  57,    6,  -53 },   // 0x2D '-'
  {  8288,  25,  24,  41,    8,  -22 },   // 0x2E '.'
  {  8363,  72, 133,  75,    1, -113 },   // 0x2F '/'
  {  9560,  88, 101, 104,    8,  -98 },   // 0x30 '0'
  { 10671,  42, 101,  59,    4,  -99 },   // 0x31 '1'
  { 11202,  75, 100,  88,    6,  -99 },   // 0x32 '2'
  { 12140,  72, 100,  87,    7,  -97 },   // 0x33 '3'
  { 13040,  86, 101,  97,    5,  -99 },   // 0x34 '4'
  { 14126,  72, 100,  88,    8,  -97 },   // 0x35 '5'
  { 15026,  78, 103,  94,    8, -100 },   // 0x36 '6'
  { 16031,  73,  99,  88,    9,  -97 },   // 0x37 '7'
  { 16935,  76, 102,  88,    6, -100 },   // 0x38 '8'
  { 17904,  78, 102,  94,    8,  -99 },   // 0x39 '9'
  { 18899,  25,  77,  43,    9,  -75 },   // 0x3A ':'
  { 19140,  30, 100,  42,    3,  -76 },   // 0x3B ';'
  { 19515,  70,  73,  91,    9,  -85 },   // 0x3C '<'
  { 20154,  71,  56,  89,    9,  -77 },   // 0x3D '='
  { 20651,  70,  73,  91,   12,  -85 },   // 0x3E '>'
  { 21290,  67, 101,  76,    4,  -99 },   // 0x3F '?'
  { 22136, 123, 123, 138,    7,  -99 },   // 0x40 '@'
  { 24028,  98, 102, 108,    5, -100 },   // 0x41 'A'
  { 25278,  84,  99, 102,   12,  -98 },   // 0x42 'B'
  { 26318,  90, 102, 104,    7,  -99 },   // 0x43 'C'
  { 27466,  91,  99, 110,   12,  -98 },   // 0x44 'D'
  { 28593,  76,  98,  95,   12,  -97 },   // 0x45 'E'
  { 29524,  76, 100,  93,   12,  -98 },   // 0x46 'F'
  { 30474,  94, 102, 110,    7,  -99 },   // 0x47 'G'
  { 31673,  83, 101, 107,   12,  -99 },   // 0x48 'H'
  { 32721,  22, 101,  48,   13,  -99 },   // 0x49 'I'
  { 32999,  66, 102,  80,    4, -100 },   // 0x4A 'J'
  { 33841,  83, 101, 101,   12,  -99 },   // 0x4B 'K'
  { 34889,  72, 100,  87,   12,  -99 },   // 0x4C 'L'
  { 35789,  98, 100, 122,   12,  -98 },   // 0x4D 'M'
  { 37014,  88, 101, 112,   12,  -99 },   // 0x4E 'N'
  { 38125, 105, 102, 119,    7,  -99 },   // 0x4F 'O'
  { 39464,  78, 100,  94,   12,  -98 },   // 0x50 'P'
  { 40439, 105, 102, 119,    7,  -99 },   // 0x51 'Q'
  { 41778,  82, 100, 102,   12,  -98 },   // 0x52 'R'
  { 42803,  77, 101,  90,    6,  -99 },   // 0x53 'S'
  { 43776,  84, 100,  92,    4,  -98 },   // 0x54 'T'
  { 44826,  86, 102, 106,   10,  -99 },   // 0x55 'U'
  { 45923,  93, 102, 103,    5,  -99 },   // 0x56 'V'
  { 47109, 145, 102, 155,    5,  -99 },   // 0x57 'W'
  { 48958,  87, 101,  99,    6,  -99 },   // 0x58 'X'
  { 50057,  91, 101,  97,    3,  -99 },   // 0x59 'Y'
  { 51206,  84,  99, 100,    8,  -98 },   // 0x5A 'Z'
  { 52246,  47, 118,  66,   12,  -99 },   // 0x5B '['
  { 52940,  72, 133,  75,    2, -113 },   // 0x5C '\'
  { 54137,  47, 118,  66,    7,  -99 },   // 0x5D ']'
  { 54831,  49,  31,  71,   11,  -99 },   // 0x5E '^'
  { 55021, 102,  16,  86,   -8,    8 },   // 0x5F '_'
  { 55225,  29,  25,  70,   18, -107 },   // 0x60 '`'
  { 55316,  70,  78,  84,    5,  -76 },   // 0x61 'a'
  { 55999,  79, 105,  95,   10, -103 },   // 0x62 'b'
  { 57036,  70,  79,  81,    6,  -76 },   // 0x63 'c'
  { 57728,  79, 105,  95,    6, -103 },   // 0x64 'd'
  { 58765,  74,  79,  87,    6,  -76 },   // 0x65 'e'
  { 59496,  49, 105,  54,    4, -103 },   // 0x66 'f'
  { 60140,  79, 100,  95,    6,  -76 },   // 0x67 'g'
  { 61128,  69, 105,  88,   10, -103 },   // 0x68 'h'
  { 62034,  24, 104,  42,    9, -103 },   // 0x69 'i'
  { 62346,  37, 127,  43,   -3, -103 },   // 0x6A 'j'
  { 62934,  68, 105,  83,   10, -103 },   // 0x6B 'k'
  { 63827,  21, 105,  43,   11, -103 },   // 0x6C 'l'
  { 64103, 115,  77, 134,   10,  -75 },   // 0x6D 'm'
  { 65210,  69,  77,  88,   10,  -75 },   // 0x6E 'n'
  {   339,  82,  79,  94,    6,  -76 },   // 0x6F 'o'
  {  1149,  79, 101,  95,   10,  -77 },   // 0x70 'p'
  {  2147,  79, 101,  95,    6,  -77 },   // 0x71 'q'
  {  3145,  47,  77,  59,   10,  -75 },   // 0x72 'r'
  {  3598,  61,  78,  71,    4,  -76 },   // 0x73 's'
  {  4193,  50,  98,  58,    3,  -96 },   // 0x74 't'
  {  4806,  69,  78,  88,    9,  -76 },   // 0x75 'u'
  {  5479,  74,  79,  83,    5,  -76 },   // 0x76 'v'
  {  6210, 112,  78, 120,    4,  -76 },   // 0x77 'w'
  {  7302,  70,  78,  82,    6,  -76 },   // 0x78 'x'
  {  7985,  73, 100,  82,    5,  -76 },   // 0x79 'y'
  {  8898,  67,  76,  79,    6,  -75 },   // 0x7A 'z'
  {  9535,  57, 119,  69,    6,  -99 },   // 0x7B '{'
  { 10383,  17, 133,  49,   16, -113 },   // 0x7C '|'
  { 10666,  58, 119,  69,    6,  -99 },   // 0x7D '}'
  { 11529,  56,  26,  72,    8,  -56 } }; // 0x7E '~'

const GFXfont GothamRnd_Bold72pt7b PROGMEM = {
  (uint8_t  *)GothamRnd_Bold72pt7bBitmaps,
  (GFXglyph *)GothamRnd_Bold72pt7bGlyphs,
  0x20, 0x7E, 169 };

// Approx. 77919 bytes
